Category,NaturalLanguageQuestion,CypherQuery,generated_question,ExpectedNodeLabels,ExpectedRelationshipTypes,ExpectedProperties,Hops,ExtractedPropertyValues
Node Lookup Queries,Pull the record for CVE-2021-44228.,MATCH (c:UcoCVE {label: 'CVE-2021-44228'}) RETURN c,What are the full details for 'CVE-2021-44228'?,"[""UcoCVE""]",[],"[""label""]",0,"[""CVE-2021-44228""]"
Node Lookup Queries,Get the name and description for CWE-89.,"MATCH (c:UcoCWE {ucocweID: 'CWE-89'}) RETURN c.ucocweName, c.ucodescription",What is the name and description for weakness 'CWE-89'?,"[""UcoCWE""]",[],"[""ucocweID"", ""ucocweName"", ""ucodescription""]",0,"[""CWE-89""]"
Node Lookup Queries,Show me all data on the 'SolarWinds Orion' campaign.,MATCH (c:UcoexCAMPAIGNS {ucoexNAME: 'SolarWinds Orion'}) RETURN c,Show me all information on the 'SolarWinds Orion' campaign.,"[""UcoexCAMPAIGNS""]",[],"[""ucoexNAME""]",0,"[""SolarWinds Orion""]"
Node Lookup Queries,What's the description and domain for the 'Phishing' ATT&CK technique?,"MATCH (t:UcoexMITREATTACK {ucoexNAME: 'Phishing'}) RETURN t.ucoexDESCRIPTION, t.ucoexDOMAIN",What's the description and domain for the 'Phishing' attack technique?,"[""UcoexMITREATTACK""]",[],"[""ucoexDESCRIPTION"", ""ucoexDOMAIN"", ""ucoexNAME""]",0,"[""Phishing""]"
Node Lookup Queries,Pull the entry for the 'Mimikatz' tool.,MATCH (s:UcoexSOFTWARE {ucoexNAME: 'Mimikatz'}) RETURN s,Find all data for the software 'Mimikatz'.,"[""UcoexSOFTWARE""]",[],"[""ucoexNAME""]",0,"[""Mimikatz""]"
Node Lookup Queries,What campaigns are attributed to the threat actor FIN7?,MATCH (g:UcoexGROUPS {ucoexNAME: 'FIN7'})<-[:UCOEXATTRIBUTEDTO]-(c:UcoexCAMPAIGNS) RETURN c.ucoexNAME,What campaigns are attributed to the 'FIN7' group?,"[""UcoexCAMPAIGNS"", ""UcoexGROUPS""]","[""UCOEXATTRIBUTEDTO""]","[""ucoexNAME""]",0,"[""FIN7""]"
Node Lookup Queries,Get the name and description for CAPEC-540.,"MATCH (c:UcoexCAPEC {ucoexCAPEC_id: 'CAPEC-540'}) RETURN c.ucoexCAPEC_name, c.ucoexDescription",What is the name and description for attack pattern 'CAPEC-540'?,"[""UcoexCAPEC""]",[],"[""ucoexCAPEC_id"", ""ucoexCAPEC_name"", ""ucoexDescription""]",0,"[""CAPEC-540""]"
Node Lookup Queries,List all tracked threat actor groups.,MATCH (g:UcoexGROUPS) RETURN g.ucoexNAME,List the names of all known threat groups.,"[""UcoexGROUPS""]",[],"[""ucoexNAME""]",0,[]
Node Lookup Queries,What's the description for the 'User Account Control' mitigation?,MATCH (m:UcoexMITIGATIONS {ucoexNAME: 'User Account Control'}) RETURN m.ucoexDESCRIPTION,What is the description for the 'User Account Control' mitigation?,"[""UcoexMITIGATIONS""]",[],"[""ucoexDESCRIPTION"", ""ucoexNAME""]",0,"[""User Account Control""]"
Node Lookup Queries,"Show me vulnerability summaries for everything published on March 14, 2017.",MATCH (v:UcoVulnerability) WHERE v.ucopublishedDateTime = datetime('2017-03-14T00:00:00Z') RETURN v.ucosummary,"What are the summaries for vulnerabilities published on March 14, 2017?","[""UcoVulnerability""]",[],"[""ucopublishedDateTime"", ""ucosummary""]",0,"[""2017-03-14T00:00:00Z""]"
Relationship Traversal Queries,What tools are in APT28's toolkit?,MATCH (g:UcoexGROUPS {ucoexNAME: 'APT28'})-[:UCOEXGROUPUSESSOFTWARE]->(s:UcoexSOFTWARE) RETURN s.ucoexNAME,What software does the 'APT28' group use?,"[""UcoexGROUPS"", ""UcoexSOFTWARE""]","[""UCOEXGROUPUSESSOFTWARE""]","[""ucoexNAME""]",0,"[""APT28""]"
Relationship Traversal Queries,Show me campaigns linked to the Lazarus Group.,MATCH (g:UcoexGROUPS {ucoexNAME: 'Lazarus Group'})<-[:UCOEXATTRIBUTEDTO]-(c:UcoexCAMPAIGNS) RETURN c.ucoexNAME,Which campaigns are attributed to the 'Lazarus Group'?,"[""UcoexCAMPAIGNS"", ""UcoexGROUPS""]","[""UCOEXATTRIBUTEDTO""]","[""ucoexNAME""]",0,"[""Lazarus Group""]"
Relationship Traversal Queries,What MITRE ATT&CK TTPs are associated with FIN7?,MATCH (g:UcoexGROUPS {ucoexNAME: 'FIN7'})-[:UCOEXGROUPUSESTECHNIQUE]->(t:UcoexMITREATTACK) RETURN t.ucoexNAME,What attack techniques does the 'FIN7' group use?,"[""UcoexGROUPS"", ""UcoexMITREATTACK""]","[""UCOEXGROUPUSESTECHNIQUE""]","[""ucoexNAME""]",0,"[""FIN7""]"
Relationship Traversal Queries,What CVE identifier corresponds to the 'EternalBlue' vulnerability?,MATCH (v:UcoVulnerability {uri: 'vuln-eternalblue'})-[:UCOHASCVE_ID]->(c:UcoCVE) RETURN c.label,What is the CVE ID for the 'vuln-eternalblue' vulnerability?,"[""UcoCVE"", ""UcoVulnerability""]","[""UCOHASCVE_ID""]","[""label"", ""uri""]",0,"[""vuln-eternalblue""]"
Relationship Traversal Queries,What ATT&CK techniques does 'Network Segmentation' help defend against?,MATCH (m:UcoexMITIGATIONS {ucoexNAME: 'Network Segmentation'})-[:UCOEXMITIGATES]->(t:UcoexMITREATTACK) RETURN t.ucoexNAME,What attack techniques does 'Network Segmentation' help mitigate?,"[""UcoexMITIGATIONS"", ""UcoexMITREATTACK""]","[""UCOEXMITIGATES""]","[""ucoexNAME""]",0,"[""Network Segmentation""]"
Relationship Traversal Queries,What tools or malware were utilized in the WannaCry attack?,MATCH (c:UcoexCAMPAIGNS {ucoexNAME: 'WannaCry Ransomware Attack'})-[:UCOEXCAMPAIGNUSESSOFTWARE]->(s:UcoexSOFTWARE) RETURN s.ucoexNAME,What software was used in the 'WannaCry Ransomware Attack'?,"[""UcoexCAMPAIGNS"", ""UcoexSOFTWARE""]","[""UCOEXCAMPAIGNUSESSOFTWARE""]","[""ucoexNAME""]",0,"[""WannaCry Ransomware Attack""]"
Relationship Traversal Queries,What CWEs are related to the 'CAPEC-115' attack pattern?,"MATCH (capec:UcoexCAPEC {ucoexCAPEC_id: 'CAPEC-115'})-[:UCOEXHASRELATEDWEAKNESS]->(cwe:UcoCWE) RETURN cwe.ucocweID, cwe.ucocweName",What weaknesses (CWEs) are related to the attack pattern 'CAPEC-115'?,"[""UcoCWE"", ""UcoexCAPEC""]","[""UCOEXHASRELATEDWEAKNESS""]","[""ucocweID"", ""ucocweName"", ""ucoexCAPEC_id""]",0,"[""CAPEC-115""]"
Relationship Traversal Queries,What D3FEND countermeasures map to ATT&CK technique T1003?,MATCH (d:UcoexMITRED3FEND)-[:UCOEXHASMITREATTACK]->(t:UcoexMITREATTACK {ucoexNAME: 'T1003'}) RETURN d.ucoexMITRED3FEND_LABEL,What D3FEND defenses are related to the 'T1003' attack technique?,"[""UcoexMITREATTACK"", ""UcoexMITRED3FEND""]","[""UCOEXHASMITREATTACK""]","[""ucoexMITRED3FEND_LABEL"", ""ucoexNAME""]",0,"[""T1003""]"
Relationship Traversal Queries,What products or platforms (CPEs) are affected by CVE-2021-44228?,MATCH (:UcoCVE {label: 'CVE-2021-44228'})-[:UCOEXHASCPE]->(cpe:UcoexCPE) RETURN cpe.cpeName,What products are affected by 'CVE-2021-44228'?,"[""UcoCVE"", ""UcoexCPE""]","[""UCOEXHASCPE""]","[""cpeName"", ""label""]",0,"[""CVE-2021-44228""]"
Relationship Traversal Queries,Show me real-world examples observed for CWE-79.,MATCH (:UcoCWE {ucocweID: 'CWE-79'})-[:UCOHASOBSERVEDEXAMPLE]->(ex:UcoexObservedExample) RETURN ex.ucoexDESCRIPTION,Show me real-world examples for the 'CWE-79' weakness.,"[""UcoCWE"", ""UcoexObservedExample""]","[""UCOHASOBSERVEDEXAMPLE""]","[""ucocweID"", ""ucoexDESCRIPTION""]",0,"[""CWE-79""]"
Multi-hop Queries,What tools are used by the threat actors behind the SolarWinds campaign?,MATCH (g:UcoexGROUPS)<-[:UCOEXATTRIBUTEDTO]-(:UcoexCAMPAIGNS {ucoexNAME: 'SolarWinds Orion Attack'})-[:UCOEXGROUPUSESSOFTWARE]->(s:UcoexSOFTWARE) RETURN s.ucoexNAME,What software was used by the 'SolarWinds Orion Attack' campaign (which has an attributed group)?,"[""UcoexCAMPAIGNS"", ""UcoexGROUPS"", ""UcoexSOFTWARE""]","[""UCOEXATTRIBUTEDTO"", ""UCOEXGROUPUSESSOFTWARE""]","[""ucoexNAME""]",0,"[""SolarWinds Orion Attack""]"
Multi-hop Queries,Which CVEs were exploited during the WannaCry campaign?,MATCH (:UcoexCAMPAIGNS {ucoexNAME: 'WannaCry Ransomware Attack'})-[:UCOEXCAMPAIGNUSESTECHNIQUE]->(t:UcoexMITREATTACK)<-[:UCOEXHASTAXONOMYMAPPING]-(:UcoexCAPEC)-[:UCOEXHASRELATEDWEAKNESS]->(:UcoCWE)<-[:UCOHASWEAKNESS]-(et:UcoExploitTarget)-[:UCOHASVULNERABILITY]->(v:UcoVulnerability)-[:UCOHASCVE_ID]->(cve:UcoCVE) RETURN cve.label,"What CVEs are exploited by the 'WannaCry' campaign, based on its chain of techniques, attack patterns, and weaknesses?","[""UcoCVE"", ""UcoCWE"", ""UcoExploitTarget"", ""UcoVulnerability"", ""UcoexCAMPAIGNS"", ""UcoexCAPEC"", ""UcoexMITREATTACK""]","[""UCOEXCAMPAIGNUSESTECHNIQUE"", ""UCOEXHASRELATEDWEAKNESS"", ""UCOEXHASTAXONOMYMAPPING"", ""UCOHASCVE_ID"", ""UCOHASVULNERABILITY"", ""UCOHASWEAKNESS""]","[""label"", ""ucoexNAME""]",0,"[""WannaCry Ransomware Attack""]"
Multi-hop Queries,Which threat actors use TTPs that 'Network Segmentation' can block?,MATCH (g:UcoexGROUPS)-[:UCOEXGROUPUSESTECHNIQUE]->(t:UcoexMITREATTACK)<-[:UCOEXMITIGATES]-(:UcoexMITIGATIONS {ucoexNAME: 'Network Segmentation'}) RETURN g.ucoexNAME,Which threat groups use techniques that 'Network Segmentation' can mitigate?,"[""UcoexGROUPS"", ""UcoexMITIGATIONS"", ""UcoexMITREATTACK""]","[""UCOEXGROUPUSESTECHNIQUE"", ""UCOEXMITIGATES""]","[""ucoexNAME""]",0,"[""Network Segmentation""]"
Multi-hop Queries,Show TTPs used by APT28 and their corresponding CAPEC attack patterns.,"MATCH (:UcoexGROUPS {ucoexNAME: 'APT28'})-[:UCOEXGROUPUSESTECHNIQUE]->(t:UcoexMITREATTACK)<-[:UCOEXHASTAXONOMYMAPPING]-(c:UcoexCAPEC) RETURN t.ucoexNAME, c.ucoexCAPEC_name","What techniques does 'APT28' use, and which CAPEC attack patterns do they map to?","[""UcoexCAPEC"", ""UcoexGROUPS"", ""UcoexMITREATTACK""]","[""UCOEXGROUPUSESTECHNIQUE"", ""UCOEXHASTAXONOMYMAPPING""]","[""ucoexCAPEC_name"", ""ucoexNAME""]",0,"[""APT28""]"
Multi-hop Queries,"Find vulnerabilities that share the same weakness type (CWE) as CVE-2017-0144, based on observed incidents.",MATCH (:UcoCVE {label: 'CVE-2017-0144'})<-[:UCOEXEXAMPLEOBSERVEDIN]-(:UcoexObservedExample)<-[:UCOHASOBSERVEDEXAMPLE]-(w:UcoCWE)<-[:UCOHASWEAKNESS]-(:UcoExploitTarget)-[:UCOHASVULNERABILITY]->(v:UcoVulnerability) RETURN v.ucosummary,Find vulnerabilities linked to weaknesses that were observed in an example related to 'CVE-2017-0144'.,"[""UcoCVE"", ""UcoCWE"", ""UcoExploitTarget"", ""UcoVulnerability"", ""UcoexObservedExample""]","[""UCOEXEXAMPLEOBSERVEDIN"", ""UCOHASOBSERVEDEXAMPLE"", ""UCOHASVULNERABILITY"", ""UCOHASWEAKNESS""]","[""label"", ""ucosummary""]",0,"[""CVE-2017-0144""]"
Multi-hop Queries,What mitigations exist for the TTPs associated with FIN7's known toolset?,MATCH (:UcoexGROUPS {ucoexNAME: 'FIN7'})-[:UCOEXGROUPUSESSOFTWARE]->(:UcoexSOFTWARE)-[:UCOEXSOFTWAREUSESTECHNIQUE]->(t:UcoexMITREATTACK)<-[:UCOEXMITIGATES]-(m:UcoexMITIGATIONS) RETURN m.ucoexNAME,What are the mitigations for techniques used by the software in 'FIN7's' toolkit?,"[""UcoexGROUPS"", ""UcoexMITIGATIONS"", ""UcoexMITREATTACK"", ""UcoexSOFTWARE""]","[""UCOEXGROUPUSESSOFTWARE"", ""UCOEXMITIGATES"", ""UCOEXSOFTWAREUSESTECHNIQUE""]","[""ucoexNAME""]",0,"[""FIN7""]"
Multi-hop Queries,Which campaigns leverage tools that rely on the 'PowerShell' TTP?,MATCH (c:UcoexCAMPAIGNS)-[:UCOEXCAMPAIGNUSESSOFTWARE]->(:UcoexSOFTWARE)-[:UCOEXSOFTWAREUSESTECHNIQUE]->(:UcoexMITREATTACK {ucoexNAME: 'PowerShell'}) RETURN c.ucoexNAME,Which campaigns use software that relies on the 'PowerShell' technique?,"[""UcoexCAMPAIGNS"", ""UcoexMITREATTACK"", ""UcoexSOFTWARE""]","[""UCOEXCAMPAIGNUSESSOFTWARE"", ""UCOEXSOFTWAREUSESTECHNIQUE""]","[""ucoexNAME""]",0,"[""PowerShell""]"
Multi-hop Queries,Which threat actors have TTP overlap with the SolarWinds campaign?,MATCH (:UcoexCAMPAIGNS {ucoexNAME: 'SolarWinds Orion Attack'})-[:UCOEXCAMPAIGNUSESTECHNIQUE]->(t:UcoexMITREATTACK)<-[:UCOEXGROUPUSESTECHNIQUE]-(g:UcoexGROUPS) RETURN g.ucoexNAME,Which groups use the same attack techniques as the 'SolarWinds Orion Attack' campaign?,"[""UcoexCAMPAIGNS"", ""UcoexGROUPS"", ""UcoexMITREATTACK""]","[""UCOEXCAMPAIGNUSESTECHNIQUE"", ""UCOEXGROUPUSESTECHNIQUE""]","[""ucoexNAME""]",0,"[""SolarWinds Orion Attack""]"
Multi-hop Queries,What underlying weaknesses (CWEs) are associated with 'Phishing' via CAPEC patterns?,MATCH (:UcoexMITREATTACK {ucoexNAME: 'Phishing'})<-[:UCOEXHASTAXONOMYMAPPING]-(:UcoexCAPEC)-[:UCOEXHASRELATEDWEAKNESS]->(cwe:UcoCWE) RETURN cwe.ucocweID,What weaknesses (CWEs) are related to attack patterns (CAPEC) that map to 'Phishing'?,"[""UcoCWE"", ""UcoexCAPEC"", ""UcoexMITREATTACK""]","[""UCOEXHASRELATEDWEAKNESS"", ""UCOEXHASTAXONOMYMAPPING""]","[""ucocweID"", ""ucoexNAME""]",0,"[""Phishing""]"
Multi-hop Queries,What D3FEND countermeasures are recommended for TTPs used by the Lazarus Group?,MATCH (:UcoexGROUPS {ucoexNAME: 'Lazarus Group'})-[:UCOEXGROUPUSESTECHNIQUE]->(t:UcoexMITREATTACK)<-[:UCOEXHASMITREATTACK]-(d:UcoexMITRED3FEND) RETURN d.ucoexMITRED3FEND_LABEL,What D3FEND defenses counter the techniques used by the 'Lazarus Group'?,"[""UcoexGROUPS"", ""UcoexMITREATTACK"", ""UcoexMITRED3FEND""]","[""UCOEXGROUPUSESTECHNIQUE"", ""UCOEXHASMITREATTACK""]","[""ucoexMITRED3FEND_LABEL"", ""ucoexNAME""]",0,"[""Lazarus Group""]"
Aggregation and Counting,Count the number of distinct TTPs linked to APT28.,MATCH (g:UcoexGROUPS {ucoexNAME: 'APT28'})-[:UCOEXGROUPUSESTECHNIQUE]->(t:UcoexMITREATTACK) RETURN count(t),How many attack techniques are linked to 'APT28'?,"[""UcoexGROUPS"", ""UcoexMITREATTACK""]","[""UCOEXGROUPUSESTECHNIQUE""]","[""ucoexNAME""]",0,"[""APT28""]"
Aggregation and Counting,Show a count of campaigns for each threat actor.,"MATCH (g:UcoexGROUPS)<-[:UCOEXATTRIBUTEDTO]-(c:UcoexCAMPAIGNS) RETURN g.ucoexNAME, count(c) AS campaignCount",Show me a count of campaigns attributed to each threat group.,"[""UcoexCAMPAIGNS"", ""UcoexGROUPS""]","[""UCOEXATTRIBUTEDTO""]","[""ucoexNAME""]",0,[]
Aggregation and Counting,Calculate the average exploitability score across all CVEs.,MATCH (c:UcoCVE) RETURN avg(toInteger(c.ucoexploitabilityScore)),What is the average exploitability score for all CVEs?,"[""UcoCVE""]",[],"[""ucoexploitabilityScore""]",0,[]
Aggregation and Counting,How many unique tools are tracked across all threat actor toolkits?,MATCH (:UcoexGROUPS)-[:UCOEXGROUPUSESSOFTWARE]->(s:UcoexSOFTWARE) RETURN count(DISTINCT s),How many unique software tools are used by all groups combined?,"[""UcoexGROUPS"", ""UcoexSOFTWARE""]","[""UCOEXGROUPUSESSOFTWARE""]",[],0,[]
Aggregation and Counting,What is the highest impact score listed for any CVE?,MATCH (c:UcoCVE) RETURN max(toInteger(c.ucoimpactScore)),What is the highest impact score of any CVE in the database?,"[""UcoCVE""]",[],"[""ucoimpactScore""]",0,[]
Aggregation and Counting,Count the related CWEs for each CAPEC attack pattern.,"MATCH (capec:UcoexCAPEC)-[:UCOEXHASRELATEDWEAKNESS]->(cwe:UcoCWE) RETURN capec.ucoexCAPEC_name, count(cwe) AS weaknessCount",How many related weaknesses (CWEs) does each CAPEC attack pattern have?,"[""UcoCWE"", ""UcoexCAPEC""]","[""UCOEXHASRELATEDWEAKNESS""]","[""ucoexCAPEC_name""]",0,[]
Aggregation and Counting,What is the total count of vulnerability records?,MATCH (v:UcoVulnerability) RETURN count(v),What is the total number of vulnerabilities in the database?,"[""UcoVulnerability""]",[],[],0,[]
Aggregation and Counting,Show how many TTPs each mitigation addresses.,"MATCH (m:UcoexMITIGATIONS)-[:UCOEXMITIGATES]->(t:UcoexMITREATTACK) RETURN m.ucoexNAME, count(t) AS techniqueCount",Show the count of techniques that each mitigation addresses.,"[""UcoexMITIGATIONS"", ""UcoexMITREATTACK""]","[""UCOEXMITIGATES""]","[""ucoexNAME""]",0,[]
Aggregation and Counting,How many total 'in-the-wild' examples are recorded for all weakness types?,MATCH (:UcoCWE)-[:UCOHASOBSERVEDEXAMPLE]->(ex:UcoexObservedExample) RETURN count(ex),What is the total number of observed examples for all weaknesses?,"[""UcoCWE"", ""UcoexObservedExample""]","[""UCOHASOBSERVEDEXAMPLE""]",[],0,[]
Aggregation and Counting,Count the number of campaigns known to use the 'PowerShell' TTP.,MATCH (c:UcoexCAMPAIGNS)-[:UCOEXCAMPAIGNUSESTECHNIQUE]->(:UcoexMITREATTACK {ucoexNAME: 'PowerShell'}) RETURN count(c),How many campaigns use the 'PowerShell' technique?,"[""UcoexCAMPAIGNS"", ""UcoexMITREATTACK""]","[""UCOEXCAMPAIGNUSESTECHNIQUE""]","[""ucoexNAME""]",0,"[""PowerShell""]"
Conditional and Boolean Queries,Show me high-impact (score > 5) CVEs that require no user interaction to exploit.,"MATCH (c:UcoCVE) WHERE toInteger(c.ucoimpactScore) > 5 AND c.ucouserInteractionRequired = 'false' RETURN c.label, c.ucoimpactScore",Find CVEs with an impact score over 5 that don't require user interaction.,"[""UcoCVE""]",[],"[""label"", ""ucoimpactScore"", ""ucouserInteractionRequired""]",0,"[""5"", ""false""]"
Conditional and Boolean Queries,Get all 'open-source' or 'commercial' software entries.,"MATCH (s:UcoexSOFTWARE) WHERE s.ucoexDOMAIN = 'open-source' OR s.ucoexDOMAIN = 'commercial' RETURN s.ucoexNAME, s.ucoexDOMAIN",List all software that is either 'open-source' or 'commercial'.,"[""UcoexSOFTWARE""]",[],"[""ucoexDOMAIN"", ""ucoexNAME""]",0,"[""commercial"", ""open-source""]"
Conditional and Boolean Queries,List all campaigns *not* attributed to APT28.,MATCH (c:UcoexCAMPAIGNS) WHERE NOT EXISTS((c)-[:UCOEXATTRIBUTEDTO]->(:UcoexGROUPS {ucoexNAME: 'APT28'})) RETURN c.ucoexNAME,Which campaigns are NOT attributed to 'APT28'?,"[""UcoexCAMPAIGNS"", ""UcoexGROUPS""]","[""UCOEXATTRIBUTEDTO""]","[""ucoexNAME""]",0,"[""APT28""]"
Conditional and Boolean Queries,"What TTPs does Lazarus Group use, excluding 'Phishing'?",MATCH (:UcoexGROUPS {ucoexNAME: 'Lazarus Group'})-[:UCOEXGROUPUSESTECHNIQUE]->(t:UcoexMITREATTACK) WHERE t.ucoexNAME <> 'Phishing' RETURN t.ucoexNAME,"What techniques does the 'Lazarus Group' use, besides 'Phishing'?","[""UcoexGROUPS"", ""UcoexMITREATTACK""]","[""UCOEXGROUPUSESTECHNIQUE""]","[""ucoexNAME""]",0,"[""Lazarus Group"", ""Phishing""]"
Conditional and Boolean Queries,Pull all 'CRITICAL' severity CVEs published since the start of 2020.,MATCH (c:UcoCVE) WHERE c.ucobaseSeverity = 'CRITICAL' AND c.ucopublishedDateTime > datetime('2020-01-01T00:00:00Z') RETURN c.label,List all 'CRITICAL' CVEs published after the start of 2020.,"[""UcoCVE""]",[],"[""label"", ""ucobaseSeverity"", ""ucopublishedDateTime""]",0,"[""2020-01-01T00:00:00Z"", ""CRITICAL""]"
Conditional and Boolean Queries,Which non-Russian threat actors are known to use 'Cobalt Strike'?,MATCH (g:UcoexGROUPS)-[:UCOEXGROUPUSESSOFTWARE]->(:UcoexSOFTWARE {ucoexNAME: 'Cobalt Strike'}) WHERE NOT g.ucoexDESCRIPTION CONTAINS 'Russian' RETURN g.ucoexNAME,Which non-Russian groups use 'Cobalt Strike'?,"[""UcoexGROUPS"", ""UcoexSOFTWARE""]","[""UCOEXGROUPUSESSOFTWARE""]","[""ucoexDESCRIPTION"", ""ucoexNAME""]",0,"[""Cobalt Strike"", ""Russian""]"
Conditional and Boolean Queries,Find vulnerabilities that allow full privilege escalation without user interaction.,MATCH (v:UcoVulnerability)-[:UCOHASCVE_ID]->(c:UcoCVE) WHERE c.ucoobtainAllPrivilege = 'true' AND c.ucouserInteractionRequired = 'false' RETURN v.ucosummary,What vulnerability summaries describe exploits that grant full privileges without user interaction?,"[""UcoCVE"", ""UcoVulnerability""]","[""UCOHASCVE_ID""]","[""ucoobtainAllPrivilege"", ""ucosummary"", ""ucouserInteractionRequired""]",0,"[""false"", ""true""]"
Conditional and Boolean Queries,Show me 'High' severity attack patterns (CAPEC) that have a 'Low' likelihood.,MATCH (c:UcoexCAPEC) WHERE c.ucoexSeverity = 'High' AND c.ucoexLikelihood = 'Low' RETURN c.ucoexCAPEC_name,"What are the names of 'High' severity, 'Low' likelihood attack patterns (CAPEC)?","[""UcoexCAPEC""]",[],"[""ucoexCAPEC_name"", ""ucoexLikelihood"", ""ucoexSeverity""]",0,"[""High"", ""Low""]"
Conditional and Boolean Queries,List all mitigations *except* 'Network Segmentation'.,MATCH (m:UcoexMITIGATIONS) WHERE m.ucoexNAME <> 'Network Segmentation' RETURN m.ucoexNAME,List all mitigations except 'Network Segmentation'.,"[""UcoexMITIGATIONS""]",[],"[""ucoexNAME""]",0,"[""Network Segmentation""]"
Path Queries (Variable-length),"Show me any TTPs loosely connected to FIN7, up to 3 hops out.",MATCH (g:UcoexGROUPS {ucoexNAME: 'FIN7'})-[*1..3]->(t:UcoexMITREATTACK) RETURN DISTINCT t.ucoexNAME,Find all attack techniques within 3 hops of the 'FIN7' group.,"[""UcoexGROUPS"", ""UcoexMITREATTACK""]",[],"[""ucoexNAME""]",0,"[""FIN7""]"
Path Queries (Variable-length),Is there any relationship at all between the SolarWinds campaign and Mimikatz?,MATCH p = (:UcoexCAMPAIGNS {ucoexNAME: 'SolarWinds Orion Attack'})-[*]-(:UcoexSOFTWARE {ucoexNAME: 'Mimikatz'}) RETURN CASE WHEN length(p) > 0 THEN true ELSE false END AS connectionExists LIMIT 1,Is there any connection between the 'SolarWinds Orion Attack' and 'Mimikatz'?,"[""UcoexCAMPAIGNS"", ""UcoexSOFTWARE""]",[],"[""ucoexNAME""]",0,"[""0"", ""Mimikatz"", ""SolarWinds Orion Attack"", ""false"", ""true""]"
Path Queries (Variable-length),What's the shortest path connecting APT28 to the PowerShell TTP?,MATCH p = shortestPath((:UcoexGROUPS {ucoexNAME: 'APT28'})-[*]-(:UcoexMITREATTACK {ucoexNAME: 'PowerShell'})) RETURN p,What's the shortest path between the 'APT28' group and the 'PowerShell' technique?,"[""UcoexGROUPS"", ""UcoexMITREATTACK""]",[],"[""ucoexNAME""]",0,"[""APT28"", ""PowerShell""]"
Path Queries (Variable-length),"Show all software that Lazarus Group has any outbound connection to, no matter how many hops.",MATCH (:UcoexGROUPS {ucoexNAME: 'Lazarus Group'})-[*]->(s:UcoexSOFTWARE) RETURN DISTINCT s.ucoexNAME,What software is reachable from the 'Lazarus Group' via any path?,"[""UcoexGROUPS"", ""UcoexSOFTWARE""]",[],"[""ucoexNAME""]",0,"[""Lazarus Group""]"
Path Queries (Variable-length),Trace the attack path from any campaign that leads to the exploitation of CVE-2017-0144.,MATCH p = (:UcoexCAMPAIGNS)-[*]->(:UcoCVE {label: 'CVE-2017-0144'}) RETURN p,Show me any attack path from a campaign that leads to 'CVE-2017-0144'.,"[""UcoCVE"", ""UcoexCAMPAIGNS""]",[],"[""label""]",0,"[""CVE-2017-0144""]"
Path Queries (Variable-length),"Show me mitigations that are two hops away from FIN7 (e.g., for TTPs they use).",MATCH (:UcoexGROUPS {ucoexNAME: 'FIN7'})-[*2]->(m:UcoexMITIGATIONS) RETURN DISTINCT m.ucoexNAME,What mitigations are 2 hops away from the 'FIN7' group?,"[""UcoexGROUPS"", ""UcoexMITIGATIONS""]",[],"[""ucoexNAME""]",0,"[""FIN7""]"
Path Queries (Variable-length),Give me the 2-hop neighborhood for CVE-2021-44228. What's directly connected to it?,"MATCH (c:UcoCVE {label: 'CVE-2021-44228'})-[*1..2]-(n) RETURN DISTINCT labels(n), n.uri, n.ucoexNAME, n.label",Find all nodes within 2 hops of 'CVE-2021-44228' and show their labels and names/IDs.,"[""UcoCVE""]",[],"[""label"", ""ucoexNAME"", ""uri""]",0,"[""CVE-2021-44228""]"
Path Queries (Variable-length),Find me some examples of threat actors and mitigations that are very distantly related (3+ hops).,"MATCH p = (g:UcoexGROUPS)-[*3..]-(m:UcoexMITIGATIONS) RETURN g.ucoexNAME, m.ucoexNAME LIMIT 10",Show me 10 examples of groups and mitigations that are at least 3 hops apart.,"[""UcoexGROUPS"", ""UcoexMITIGATIONS""]",[],"[""ucoexNAME""]",0,[]
Path Queries (Variable-length),Show me an example path connecting a campaign to a vulnerability.,MATCH p = (:UcoexCAMPAIGNS)-[*]-(:UcoVulnerability) RETURN p LIMIT 1,Find a single path that connects any campaign to any vulnerability.,"[""UcoVulnerability"", ""UcoexCAMPAIGNS""]",[],[],0,[]
Path Queries (Variable-length),"Map out all outbound connections from the WannaCry campaign, up to 4 hops deep.",MATCH p = (:UcoexCAMPAIGNS {ucoexNAME: 'WannaCry Ransomware Attack'})-[*1..4]->(n) RETURN p,Show all paths 1 to 4 hops long starting from the 'WannaCry Ransomware Attack'.,"[""UcoexCAMPAIGNS""]",[],"[""ucoexNAME""]",0,"[""WannaCry Ransomware Attack""]"
Graph Pattern Matching,Which threat actors are known to use both PowerShell and Phishing TTPs?,MATCH (t1:UcoexMITREATTACK {ucoexNAME: 'PowerShell'})<-[:UCOEXGROUPUSESTECHNIQUE]-(g:UcoexGROUPS)-[:UCOEXGROUPUSESTECHNIQUE]->(t2:UcoexMITREATTACK {ucoexNAME: 'Phishing'}) RETURN g.ucoexNAME,Which groups use both 'PowerShell' and 'Phishing' techniques?,"[""UcoexGROUPS"", ""UcoexMITREATTACK""]","[""UCOEXGROUPUSESTECHNIQUE""]","[""ucoexNAME""]",0,"[""Phishing"", ""PowerShell""]"
Graph Pattern Matching,Show me campaigns that share tooling with APT28. List the campaign and the shared tool.,"MATCH (:UcoexGROUPS {ucoexNAME: 'APT28'})-[:UCOEXGROUPUSESSOFTWARE]->(s:UcoexSOFTWARE)<-[:UCOEXCAMPAIGNUSESSOFTWARE]-(c:UcoexCAMPAIGNS) RETURN c.ucoexNAME, s.ucoexNAME",Which campaigns use the same software as 'APT28'?,"[""UcoexCAMPAIGNS"", ""UcoexGROUPS"", ""UcoexSOFTWARE""]","[""UCOEXCAMPAIGNUSESSOFTWARE"", ""UCOEXGROUPUSESSOFTWARE""]","[""ucoexNAME""]",0,"[""APT28""]"
Graph Pattern Matching,"List 10 examples of [Actor, TTP, Mitigation] triplets where the actor uses the TTP and the mitigation defends against it.","MATCH (g:UcoexGROUPS)-[:UCOEXGROUPUSESTECHNIQUE]->(t:UcoexMITREATTACK)<-[:UCOEXMITIGATES]-(m:UcoexMITIGATIONS) RETURN g.ucoexNAME, t.ucoexNAME, m.ucoexNAME LIMIT 10","List 10 examples of [Group, Technique, Mitigation] where the group uses the technique and the mitigation stops it.","[""UcoexGROUPS"", ""UcoexMITIGATIONS"", ""UcoexMITREATTACK""]","[""UCOEXGROUPUSESTECHNIQUE"", ""UCOEXMITIGATES""]","[""ucoexNAME""]",0,[]
Graph Pattern Matching,What tools are shared between two or more threat actors? Show the tool and the actors.,"MATCH (g1:UcoexGROUPS)-[:UCOEXGROUPUSESSOFTWARE]->(s:UcoexSOFTWARE)<-[:UCOEXGROUPUSESSOFTWARE]-(g2:UcoexGROUPS) WHERE g1 <> g2 RETURN s.ucoexNAME, g1.ucoexNAME, g2.ucoexNAME",What software is used by at least two different groups? List the software and the groups.,"[""UcoexGROUPS"", ""UcoexSOFTWARE""]","[""UCOEXGROUPUSESSOFTWARE""]","[""ucoexNAME""]",0,[]
Graph Pattern Matching,Which campaigns use TTPs linked to 'High' abstraction-level weaknesses (CWEs)?,MATCH (c:UcoexCAMPAIGNS)-[:UCOEXCAMPAIGNUSESTECHNIQUE]->(:UcoexMITREATTACK)<-[:UCOEXHASTAXONOMYMAPPING]-(:UcoexCAPEC)-[:UCOEXHASRELATEDWEAKNESS]->(w:UcoCWE {ucoabstraction: 'High'}) RETURN c.ucoexNAME,Which campaigns use techniques linked to 'High' abstraction weaknesses (CWEs)?,"[""UcoCWE"", ""UcoexCAMPAIGNS"", ""UcoexCAPEC"", ""UcoexMITREATTACK""]","[""UCOEXCAMPAIGNUSESTECHNIQUE"", ""UCOEXHASRELATEDWEAKNESS"", ""UCOEXHASTAXONOMYMAPPING""]","[""ucoabstraction"", ""ucoexNAME""]",0,"[""High""]"
Graph Pattern Matching,Show me 10 examples of campaigns that share TTPs. List both campaigns and the shared TTP.,"MATCH (c1:UcoexCAMPAIGNS)-[:UCOEXCAMPAIGNUSESTECHNIQUE]->(t:UcoexMITREATTACK)<-[:UCOEXCAMPAIGNUSESTECHNIQUE]-(c2:UcoexCAMPAIGNS) WHERE id(c1) < id(c2) RETURN c1.ucoexNAME, t.ucoexNAME, c2.ucoexNAME LIMIT 10",Show me 10 examples of two campaigns that share the same attack technique.,"[""UcoexCAMPAIGNS"", ""UcoexMITREATTACK""]","[""UCOEXCAMPAIGNUSESTECHNIQUE""]","[""ucoexNAME""]",0,[]
Graph Pattern Matching,Which threat actors use TTPs that are linked (via CAPEC/CWE) to 'CRITICAL' severity CVEs?,MATCH (g:UcoexGROUPS)-[:UCOEXGROUPUSESTECHNIQUE]->(:UcoexMITREATTACK)<-[:UCOEXHASTAXONOMYMAPPING]-(:UcoexCAPEC)-[:UCOEXHASRELATEDWEAKNESS]->(:UcoCWE)<-[:UCOHASWEAKNESS]-(:UcoExploitTarget)-[:UCOHASVULNERABILITY]->(:UcoVulnerability)-[:UCOHASCVE_ID]->(c:UcoCVE {ucobaseSeverity: 'CRITICAL'}) RETURN g.ucoexNAME,Which groups use techniques that trace back to 'CRITICAL' severity CVEs?,"[""UcoCVE"", ""UcoCWE"", ""UcoExploitTarget"", ""UcoVulnerability"", ""UcoexCAPEC"", ""UcoexGROUPS"", ""UcoexMITREATTACK""]","[""UCOEXGROUPUSESTECHNIQUE"", ""UCOEXHASRELATEDWEAKNESS"", ""UCOEXHASTAXONOMYMAPPING"", ""UCOHASCVE_ID"", ""UCOHASVULNERABILITY"", ""UCOHASWEAKNESS""]","[""ucobaseSeverity"", ""ucoexNAME""]",0,"[""CRITICAL""]"
Graph Pattern Matching,Show me CVEs that affect known products (have a CPE) AND are linked to a weakness (CWE) that has been seen in the wild.,"MATCH (cve:UcoCVE)-[:UCOEXHASCPE]->(:UcoexCPE), (cve)<-[:UCOHASCVE_ID]-(:UcoVulnerability)<-[:UCOHASVULNERABILITY]-(:UcoExploitTarget)-[:UCOHASWEAKNESS]->(cwe:UcoCWE)-[:UCOHASOBSERVEDEXAMPLE]->(:UcoexObservedExample) RETURN DISTINCT cve.label",Find CVEs that are tied to a product (CPE) AND are linked to a weakness (CWE) with a known real-world example.,"[""UcoCVE"", ""UcoCWE"", ""UcoExploitTarget"", ""UcoVulnerability"", ""UcoexCPE"", ""UcoexObservedExample""]","[""UCOEXHASCPE"", ""UCOHASCVE_ID"", ""UCOHASOBSERVEDEXAMPLE"", ""UCOHASVULNERABILITY"", ""UCOHASWEAKNESS""]","[""label""]",0,[]
Graph Pattern Matching,"Show me 10 examples where a campaign and a software tool use the same TTP. List the campaign, TTP, and tool.","MATCH (c:UcoexCAMPAIGNS)-[:UCOEXCAMPAIGNUSESTECHNIQUE]->(t:UcoexMITREATTACK)<-[:UCOEXSOFTWAREUSESTECHNIQUE]-(s:UcoexSOFTWARE) RETURN c.ucoexNAME, t.ucoexNAME, s.ucoexNAME LIMIT 10","List 10 examples of a campaign, a technique, and a software, where both the campaign and software use that same technique.","[""UcoexCAMPAIGNS"", ""UcoexMITREATTACK"", ""UcoexSOFTWARE""]","[""UCOEXCAMPAIGNUSESTECHNIQUE"", ""UCOEXSOFTWAREUSESTECHNIQUE""]","[""ucoexNAME""]",0,[]
Graph Pattern Matching,"List all [Actor, Tool] pairs, but exclude any entries where the tool is 'PowerShell'.","MATCH (g:UcoexGROUPS)-[:UCOEXGROUPUSESSOFTWARE]->(s:UcoexSOFTWARE) WHERE s.ucoexNAME <> 'PowerShell' RETURN g.ucoexNAME, s.ucoexNAME","List all [Group, Software] pairs, but exclude any where the software is 'PowerShell'.","[""UcoexGROUPS"", ""UcoexSOFTWARE""]","[""UCOEXGROUPUSESSOFTWARE""]","[""ucoexNAME""]",0,"[""PowerShell""]"
Comparative and Ranking,Show me CVEs where the exploitability score is greater than the impact score.,"MATCH (c:UcoCVE) WHERE toInteger(c.ucoexploitabilityScore) > toInteger(c.ucoimpactScore) RETURN c.label, c.ucoexploitabilityScore, c.ucoimpactScore",Which CVEs are easier to exploit than their impact? (Exploitability > Impact),"[""UcoCVE""]",[],"[""label"", ""ucoexploitabilityScore"", ""ucoimpactScore""]",0,[]
Comparative and Ranking,What are the top 5 most common TTPs used by threat actors?,"MATCH (g:UcoexGROUPS)-[:UCOEXGROUPUSESTECHNIQUE]->(t:UcoexMITREATTACK) RETURN t.ucoexNAME, count(g) AS groupCount ORDER BY groupCount DESC LIMIT 5",What are the top 5 techniques most used by threat groups?,"[""UcoexGROUPS"", ""UcoexMITREATTACK""]","[""UCOEXGROUPUSESTECHNIQUE""]","[""ucoexNAME""]",0,[]
Comparative and Ranking,What are the top 3 tools most frequently used in campaigns?,"MATCH (c:UcoexCAMPAIGNS)-[:UCOEXCAMPAIGNUSESSOFTWARE]->(s:UcoexSOFTWARE) RETURN s.ucoexNAME, count(c) AS campaignUsage ORDER BY campaignUsage DESC LIMIT 3",What are the top 3 software tools most used in attack campaigns?,"[""UcoexCAMPAIGNS"", ""UcoexSOFTWARE""]","[""UCOEXCAMPAIGNUSESSOFTWARE""]","[""ucoexNAME""]",0,[]
Comparative and Ranking,Rank all threat actors by the size of their known toolkit (number of distinct tools).,"MATCH (g:UcoexGROUPS)-[:UCOEXGROUPUSESSOFTWARE]->(s:UcoexSOFTWARE) RETURN g.ucoexNAME, count(DISTINCT s) AS softwareCount ORDER BY softwareCount DESC",Rank threat groups by how many distinct software tools they use.,"[""UcoexGROUPS"", ""UcoexSOFTWARE""]","[""UCOEXGROUPUSESSOFTWARE""]","[""ucoexNAME""]",0,[]
Comparative and Ranking,What's the hardest-to-exploit CVE in the database (lowest exploitability score)?,MATCH (c:UcoCVE) RETURN c.label ORDER BY toInteger(c.ucoexploitabilityScore) ASC LIMIT 1,What is the CVE with the single lowest exploitability score?,"[""UcoCVE""]",[],"[""label"", ""ucoexploitabilityScore""]",0,[]
Comparative and Ranking,What are the top 10 weaknesses (CWEs) that have the most associated attack patterns (CAPEC)?,"MATCH (cwe:UcoCWE)<-[:UCOEXHASRELATEDWEAKNESS]-(capec:UcoexCAPEC) RETURN cwe.ucocweName, count(capec) AS capecCount ORDER BY capecCount DESC LIMIT 10",What are the top 10 weaknesses (CWEs) with the most related attack patterns (CAPEC)?,"[""UcoCWE"", ""UcoexCAPEC""]","[""UCOEXHASRELATEDWEAKNESS""]","[""ucocweName""]",0,[]
Comparative and Ranking,Show me all campaigns that use more than 3 distinct TTPs.,"MATCH (c:UcoexCAMPAIGNS)-[:UCOEXCAMPAIGNUSESTECHNIQUE]->(t:UcoexMITREATTACK) WITH c, count(t) AS techCount WHERE techCount > 3 RETURN c.ucoexNAME, techCount",Which campaigns use more than 3 attack techniques?,"[""UcoexCAMPAIGNS"", ""UcoexMITREATTACK""]","[""UCOEXCAMPAIGNUSESTECHNIQUE""]","[""ucoexNAME""]",0,"[""3""]"
Comparative and Ranking,"What's the single most effective mitigation (i.e., covers the most TTPs)?","MATCH (m:UcoexMITIGATIONS)-[:UCOEXMITIGATES]->(t:UcoexMITREATTACK) RETURN m.ucoexNAME, count(t) AS techniqueCount ORDER BY techniqueCount DESC LIMIT 1",What is the best mitigation? (The one that covers the most techniques),"[""UcoexMITIGATIONS"", ""UcoexMITREATTACK""]","[""UCOEXMITIGATES""]","[""ucoexNAME""]",0,[]
Comparative and Ranking,Rank all tools by their popularity among threat actors.,"MATCH (g:UcoexGROUPS)-[:UCOEXGROUPUSESSOFTWARE]->(s:UcoexSOFTWARE) RETURN s.ucoexNAME, count(g) AS groupUsage ORDER BY groupUsage DESC",Rank software tools by how many threat groups use them.,"[""UcoexGROUPS"", ""UcoexSOFTWARE""]","[""UCOEXGROUPUSESSOFTWARE""]","[""ucoexNAME""]",0,[]
Comparative and Ranking,Which threat actor is linked to the highest number of 'CRITICAL' CVEs?,"MATCH (g:UcoexGROUPS)-[:UCOEXGROUPUSESTECHNIQUE]->(:UcoexMITREATTACK)<-[:UCOEXHASTAXONOMYMAPPING]-(:UcoexCAPEC)-[:UCOEXHASRELATEDWEAKNESS]->(:UcoCWE)<-[:UCOHASWEAKNESS]-(:UcoExploitTarget)-[:UCOHASVULNERABILITY]->(:UcoVulnerability)-[:UCOHASCVE_ID]->(c:UcoCVE {ucobaseSeverity: 'CRITICAL'}) RETURN g.ucoexNAME, count(c) as criticalCVEs ORDER BY criticalCVEs DESC LIMIT 1",Which group is linked to the most 'CRITICAL' CVEs through their techniques?,"[""UcoCVE"", ""UcoCWE"", ""UcoExploitTarget"", ""UcoVulnerability"", ""UcoexCAPEC"", ""UcoexGROUPS"", ""UcoexMITREATTACK""]","[""UCOEXGROUPUSESTECHNIQUE"", ""UCOEXHASRELATEDWEAKNESS"", ""UCOEXHASTAXONOMYMAPPING"", ""UCOHASCVE_ID"", ""UCOHASVULNERABILITY"", ""UCOHASWEAKNESS""]","[""ucobaseSeverity"", ""ucoexNAME""]",0,"[""CRITICAL""]"
Existence and Set Operations Queries,Show me all threat actors that have a description.,MATCH (g:UcoexGROUPS) WHERE g.ucoexDESCRIPTION IS NOT NULL RETURN g.ucoexNAME,Which threat groups have a description available?,"[""UcoexGROUPS""]",[],"[""ucoexDESCRIPTION"", ""ucoexNAME""]",0,[]
Existence and Set Operations Queries,List all CVEs that are tied to a specific product (have a CPE).,MATCH (c:UcoCVE) WHERE EXISTS((c)-[:UCOEXHASCPE]->()) RETURN c.label,List all CVEs that are linked to a specific product (CPE).,"[""UcoCVE""]","[""UCOEXHASCPE""]","[""label""]",0,[]
Existence and Set Operations Queries,Show me all tools in the database that are not currently associated with any campaign.,MATCH (s:UcoexSOFTWARE) WHERE NOT EXISTS(()-[:UCOEXCAMPAIGNUSESSOFTWARE]->(s)) RETURN s.ucoexNAME,What software do we have listed that isn't part of any known campaign?,"[""UcoexSOFTWARE""]","[""UCOEXCAMPAIGNUSESSOFTWARE""]","[""ucoexNAME""]",0,[]
Existence and Set Operations Queries,"Pull the records for these TTPs: 'Phishing', 'Spearphishing Attachment', and 'Drive-by Compromise'.","MATCH (t:UcoexMITREATTACK) WHERE t.ucoexNAME IN ['Phishing', 'Spearphishing Attachment', 'Drive-by Compromise'] RETURN t.ucoexNAME","Find all data for 'Phishing', 'Spearphishing Attachment', and 'Drive-by Compromise' techniques.","[""UcoexMITREATTACK""]",[],"[""ucoexNAME""]",0,"[""Drive-by Compromise"", ""Phishing"", ""Spearphishing Attachment""]"
Existence and Set Operations Queries,Confirm if we are tracking 'APT28'.,OPTIONAL MATCH (g:UcoexGROUPS {ucoexNAME: 'APT28'}) RETURN g IS NOT NULL AS groupExists,Does the 'APT28' group exist in the database?,"[""UcoexGROUPS""]",[],"[""ucoexNAME""]",0,"[""APT28""]"
Existence and Set Operations Queries,List all threat actors that use at least one tool *other than* 'Mimikatz'.,MATCH (g:UcoexGROUPS)-[:UCOEXGROUPUSESSOFTWARE]->(s:UcoexSOFTWARE) WHERE s.ucoexNAME <> 'Mimikatz' RETURN DISTINCT g.ucoexNAME,"Which groups use software, but specifically not 'Mimikatz'?","[""UcoexGROUPS"", ""UcoexSOFTWARE""]","[""UCOEXGROUPUSESSOFTWARE""]","[""ucoexNAME""]",0,"[""Mimikatz""]"
Existence and Set Operations Queries,Show me all TTPs that are missing a CAPEC mapping.,MATCH (t:UcoexMITREATTACK) WHERE NOT EXISTS((t)<-[:UCOEXHASTAXONOMYMAPPING]-()) RETURN t.ucoexNAME,Which attack techniques are not mapped to any CAPEC attack pattern?,"[""UcoexMITREATTACK""]","[""UCOEXHASTAXONOMYMAPPING""]","[""ucoexNAME""]",0,[]
Existence and Set Operations Queries,Which campaigns share TTPs with APT28?,MATCH (:UcoexGROUPS {ucoexNAME: 'APT28'})-[:UCOEXGROUPUSESTECHNIQUE]->(t:UcoexMITREATTACK) WITH collect(t) as apt28Techniques MATCH (c:UcoexCAMPAIGNS)-[:UCOEXCAMPAIGNUSESTECHNIQUE]->(t2) WHERE t2 in apt28Techniques RETURN DISTINCT c.ucoexNAME,Which campaigns use any of the same techniques as 'APT28'?,"[""UcoexCAMPAIGNS"", ""UcoexGROUPS"", ""UcoexMITREATTACK""]","[""UCOEXCAMPAIGNUSESTECHNIQUE"", ""UCOEXGROUPUSESTECHNIQUE""]","[""ucoexNAME""]",0,"[""APT28""]"
Existence and Set Operations Queries,Are there any campaigns where both Cobalt Strike and Mimikatz were used?,MATCH (s1:UcoexSOFTWARE {ucoexNAME: 'Cobalt Strike'})<-[:UCOEXCAMPAIGNUSESSOFTWARE]-(c:UcoexCAMPAIGNS)-[:UCOEXCAMPAIGNUSESSOFTWARE]->(s2:UcoexSOFTWARE {ucoexNAME: 'Mimikatz'}) RETURN CASE WHEN count(c) > 0 THEN true ELSE false END AS usesBoth,Is there any campaign that uses both 'Cobalt Strike' and 'Mimikatz'?,"[""UcoexCAMPAIGNS"", ""UcoexSOFTWARE""]","[""UCOEXCAMPAIGNUSESSOFTWARE""]","[""ucoexNAME""]",0,"[""0"", ""Cobalt Strike"", ""Mimikatz"", ""false"", ""true""]"
Existence and Set Operations Queries,Show me all mitigations that have a description.,MATCH (m:UcoexMITIGATIONS) WHERE m.ucoexDESCRIPTION IS NOT NULL RETURN m.ucoexNAME,Which mitigations have a description?,"[""UcoexMITIGATIONS""]",[],"[""ucoexDESCRIPTION"", ""ucoexNAME""]",0,[]
Node Lookup Queries,Pull the record for CVE-2009-2228.,MATCH (c:UcoCVE {label: 'CVE-2009-2228'}) RETURN c,Find all data for 'CVE-2009-2228'.,"[""UcoCVE""]",[],"[""label""]",0,"[""CVE-2009-2228""]"
Node Lookup Queries,Pull the record for CVE-2000-5395.,MATCH (c:UcoCVE {label: 'CVE-2000-5395'}) RETURN c,Find all data for 'CVE-2000-5395'.,"[""UcoCVE""]",[],"[""label""]",0,"[""CVE-2000-5395""]"
Node Lookup Queries,Show me all 'MEDIUM' severity CVEs.,MATCH (c:UcoCVE {ucobaseSeverity: 'MEDIUM'}) RETURN c,Show me all 'MEDIUM' severity CVEs.,"[""UcoCVE""]",[],"[""ucobaseSeverity""]",0,"[""MEDIUM""]"
Node Lookup Queries,Show me all 'LOW' severity CVEs.,MATCH (c:UcoCVE {ucobaseSeverity: 'LOW'}) RETURN c,Show me all 'LOW' severity CVEs.,"[""UcoCVE""]",[],"[""ucobaseSeverity""]",0,"[""LOW""]"
Node Lookup Queries,Get all CVEs currently marked as 'Deferred'.,MATCH (c:UcoCVE {ucovulnStatus: 'Deferred'}) RETURN c,Which CVEs have a 'Deferred' status?,"[""UcoCVE""]",[],"[""ucovulnStatus""]",0,"[""Deferred""]"
Node Lookup Queries,Get all CVEs with a status of 'Analyzed'.,MATCH (c:UcoCVE {ucovulnStatus: 'Analyzed'}) RETURN c,Which CVEs have an 'Analyzed' status?,"[""UcoCVE""]",[],"[""ucovulnStatus""]",0,"[""Analyzed""]"
Node Lookup Queries,Get all CVEs with a status of 'Modified'.,MATCH (c:UcoCVE {ucovulnStatus: 'Modified'}) RETURN c,Which CVEs have a 'Modified' status?,"[""UcoCVE""]",[],"[""ucovulnStatus""]",0,"[""Modified""]"
Node Lookup Queries,Show me all CVEs with an impact score below 3.9.,MATCH (c:UcoCVE) WHERE toFloat(c.ucoimpactScore) < 3.9 RETURN c,Which CVEs have an impact score below 3.9?,"[""UcoCVE""]",[],"[""9"", ""ucoimpactScore""]",0,"[""3.9""]"
Node Lookup Queries,Show me all CVEs with an impact score above 6.4.,MATCH (c:UcoCVE) WHERE toFloat(c.ucoimpactScore) > 6.4 RETURN c,Which CVEs have an impact score above 6.4?,"[""UcoCVE""]",[],"[""4"", ""ucoimpactScore""]",0,"[""6.4""]"
Node Lookup Queries,Get all 'LOW' severity CVEs that require user interaction.,"MATCH (c:UcoCVE {ucobaseSeverity: 'LOW', ucouserInteractionRequired: 'true'}) RETURN c",Show me 'LOW' severity CVEs that require user interaction.,"[""UcoCVE""]",[],"[""ucobaseSeverity""]",0,"[""LOW"", ""true""]"
Node Lookup Queries,Find all 'Analyzed' CVEs that allow for full privilege escalation.,"MATCH (c:UcoCVE {ucovulnStatus: 'Analyzed', ucoobtainAllPrivilege: 'true'}) RETURN c",Show me all 'Analyzed' CVEs that allow an attacker to 'obtain all privilege'.,"[""UcoCVE""]",[],"[""ucovulnStatus""]",0,"[""Analyzed"", ""true""]"
Node Lookup Queries,Show me 'HIGH' severity CVEs that require user interaction.,"MATCH (c:UcoCVE {ucobaseSeverity: 'HIGH', ucouserInteractionRequired: 'true'}) RETURN c",Which 'HIGH' severity CVEs require user interaction?,"[""UcoCVE""]",[],"[""ucobaseSeverity""]",0,"[""HIGH"", ""true""]"
Node Lookup Queries,Pull all CVEs 'Awaiting Analysis' that don't allow full priv esc.,"MATCH (c:UcoCVE {ucovulnStatus: 'Awaiting Analysis', ucoobtainAllPrivilege: 'false'}) RETURN c",List CVEs 'Awaiting Analysis' that do not allow an attacker to 'obtain all privilege'.,"[""UcoCVE""]",[],"[""ucovulnStatus""]",0,"[""Awaiting Analysis"", ""false""]"
Node Lookup Queries,List 'Received' CVEs that *do* allow full privilege escalation.,"MATCH (c:UcoCVE {ucovulnStatus: 'Received', ucoobtainAllPrivilege: 'true'}) RETURN c",Which 'Received' CVEs allow an attacker to 'obtain all privilege'?,"[""UcoCVE""]",[],"[""ucovulnStatus""]",0,"[""Received"", ""true""]"
Node Lookup Queries,Find CVEs 'Undergoing Analysis' that do not grant full privileges.,"MATCH (c:UcoCVE {ucovulnStatus: 'Undergoing Analysis', ucoobtainAllPrivilege: 'false'}) RETURN c",Find CVEs 'Undergoing Analysis' that do not allow an attacker to 'obtain all privilege'.,"[""UcoCVE""]",[],"[""ucovulnStatus""]",0,"[""Undergoing Analysis"", ""false""]"
Node Lookup Queries,Show 'HIGH' severity CVEs that are remotely exploitable without user interaction.,"MATCH (c:UcoCVE {ucobaseSeverity: 'HIGH', ucouserInteractionRequired: 'false'}) RETURN c",Show me 'HIGH' severity CVEs that don't require user interaction.,"[""UcoCVE""]",[],"[""ucobaseSeverity""]",0,"[""HIGH"", ""false""]"
Node Lookup Queries,Find 'HIGH' severity CVEs 'Awaiting Analysis' that don't need user interaction.,"MATCH (c:UcoCVE {ucobaseSeverity: 'HIGH', ucovulnStatus: 'Awaiting Analysis', ucouserInteractionRequired: 'false'}) RETURN c",Find 'HIGH' severity CVEs 'Awaiting Analysis' that don't require user interaction.,"[""UcoCVE""]",[],"[""ucobaseSeverity""]",0,"[""Awaiting Analysis"", ""HIGH"", ""false""]"
Node Lookup Queries,"Show 'MEDIUM' severity, 'Modified' CVEs that require user interaction.","MATCH (c:UcoCVE {ucobaseSeverity: 'MEDIUM', ucovulnStatus: 'Modified', ucouserInteractionRequired: 'true'}) RETURN c","Show me 'MEDIUM' severity, 'Modified' CVEs that do require user interaction.","[""UcoCVE""]",[],"[""ucobaseSeverity""]",0,"[""MEDIUM"", ""Modified"", ""true""]"
Node Lookup Queries,"Pull all vulnerability records published on Jan 15, 2020.",MATCH (v:UcoVulnerability) WHERE v.ucopublishedDateTime STARTS WITH '2020-01-15' RETURN v,Find all vulnerabilities published on '2020-01-15'.,"[""UcoVulnerability""]",[],"[""ucopublishedDateTime""]",0,"[""2020-01-15""]"
Node Lookup Queries,"What vulnerabilities have been modified since June 1, 2021?",MATCH (v:UcoVulnerability) WHERE v.ucolastModifiedDateTime > '2021-06-01T00:00:00' RETURN v,"Which vulnerabilities have been modified since June 1, 2021?","[""UcoVulnerability""]",[],"[""ucolastModifiedDateTime""]",0,"[""2021-06-01T00:00:00""]"
Node Lookup Queries,Search vulnerability summaries for 'remote code execution'.,MATCH (v:UcoVulnerability) WHERE v.ucosummary CONTAINS 'remote code execution' RETURN v,Find all vulnerabilities that mention 'remote code execution' in their summary.,"[""UcoVulnerability""]",[],"[""ucosummary""]",0,"[""remote code execution""]"
Node Lookup Queries,List all 'CRITICAL' severity vulnerability records.,MATCH (v:UcoVulnerability {ucobaseSeverity: 'CRITICAL'}) RETURN v,List all 'CRITICAL' severity vulnerabilities.,"[""UcoVulnerability""]",[],"[""ucobaseSeverity""]",0,"[""CRITICAL""]"
Node Lookup Queries,List all 'HIGH' severity vulnerability records.,MATCH (v:UcoVulnerability {ucobaseSeverity: 'HIGH'}) RETURN v,List all 'HIGH' severity vulnerabilities.,"[""UcoVulnerability""]",[],"[""ucobaseSeverity""]",0,"[""HIGH""]"
Node Lookup Queries,List all 'MEDIUM' severity vulnerability records.,MATCH (v:UcoVulnerability {ucobaseSeverity: 'MEDIUM'}) RETURN v,List all 'MEDIUM' severity vulnerabilities.,"[""UcoVulnerability""]",[],"[""ucobaseSeverity""]",0,"[""MEDIUM""]"
Node Lookup Queries,List all 'LOW' severity vulnerability records.,MATCH (v:UcoVulnerability {ucobaseSeverity: 'LOW'}) RETURN v,List all 'LOW' severity vulnerabilities.,"[""UcoVulnerability""]",[],"[""ucobaseSeverity""]",0,"[""LOW""]"
Node Lookup Queries,Show all vulnerabilities with a status of 'Analyzed'.,MATCH (v:UcoVulnerability {ucovulnStatus: 'Analyzed'}) RETURN v,Which vulnerabilities have a status of 'Analyzed'?,"[""UcoVulnerability""]",[],"[""ucovulnStatus""]",0,"[""Analyzed""]"
Node Lookup Queries,Find critical vulnerabilities that still need user interaction.,"MATCH (v:UcoVulnerability {ucobaseSeverity: 'CRITICAL', ucouserInteractionRequired: 'true'}) RETURN v",Find 'CRITICAL' vulnerabilities that still require user interaction.,"[""UcoVulnerability""]",[],"[""ucobaseSeverity""]",0,"[""CRITICAL"", ""true""]"
Node Lookup Queries,Find all 'Pending' vulnerabilities.,MATCH (v:UcoVulnerability {ucovulnStatus: 'Pending'}) RETURN v,Which vulnerabilities have a 'Pending' status?,"[""UcoVulnerability""]",[],"[""ucovulnStatus""]",0,"[""Pending""]"
Node Lookup Queries,Show vulnerabilities that *don't* grant full privileges.,MATCH (v:UcoVulnerability {ucoobtainAllPrivilege: 'false'}) RETURN v,Show me vulnerabilities that do not allow an attacker to 'obtain all privilege'.,"[""UcoVulnerability""]",[],"[""ucoobtainAllPrivilege""]",0,"[""false""]"
Node Lookup Queries,Find vulnerabilities with an impact score of exactly 5.0.,MATCH (v:UcoVulnerability) WHERE toFloat(v.ucoimpactScore) = 5.0 RETURN v,Find vulnerabilities with an impact score of exactly 5.0.,"[""UcoVulnerability""]",[],"[""0"", ""ucoimpactScore""]",0,"[""5.0""]"
Node Lookup Queries,Show 'HIGH' severity vulnerabilities that don't require user interaction.,"MATCH (v:UcoVulnerability {ucobaseSeverity: 'HIGH', ucouserInteractionRequired: 'false'}) RETURN v",Show 'HIGH' severity vulnerabilities that don't require user interaction.,"[""UcoVulnerability""]",[],"[""ucobaseSeverity""]",0,"[""HIGH"", ""false""]"
Node Lookup Queries,Search vulnerability summaries for 'IoT device'.,MATCH (v:UcoVulnerability) WHERE v.ucosummary CONTAINS 'IoT device' RETURN v,Find all vulnerabilities that mention 'IoT device' in their summary.,"[""UcoVulnerability""]",[],"[""ucosummary""]",0,"[""IoT device""]"
Node Lookup Queries,Search vulnerability summaries for 'blind SQL injection'.,MATCH (v:UcoVulnerability) WHERE v.ucosummary CONTAINS 'blind SQL injection' RETURN v,Find all vulnerabilities that mention 'blind SQL injection' in their summary.,"[""UcoVulnerability""]",[],"[""ucosummary""]",0,"[""blind SQL injection""]"
Node Lookup Queries,Search vulnerability summaries for 'time-based SQL injection'.,MATCH (v:UcoVulnerability) WHERE v.ucosummary CONTAINS 'time-based SQL injection' RETURN v,Find all vulnerabilities that mention 'time-based SQL injection' in their summary.,"[""UcoVulnerability""]",[],"[""ucosummary""]",0,"[""time-based SQL injection""]"
Node Lookup Queries,Search vulnerability summaries for 'error-based SQL injection'.,MATCH (v:UcoVulnerability) WHERE v.ucosummary CONTAINS 'error-based SQL injection' RETURN v,Find all vulnerabilities that mention 'error-based SQL injection' in their summary.,"[""UcoVulnerability""]",[],"[""ucosummary""]",0,"[""error-based SQL injection""]"
Node Lookup Queries,Search vulnerability summaries for 'out-of-band SQL injection'.,MATCH (v:UcoVulnerability) WHERE v.ucosummary CONTAINS 'out-of-band SQL injection' RETURN v,Find all vulnerabilities that mention 'out-of-band SQL injection' in their summary.,"[""UcoVulnerability""]",[],"[""ucosummary""]",0,"[""out-of-band SQL injection""]"
Node Lookup Queries,Pull the record for CWE-120.,MATCH (c:UcoCWE {ucocweID: 'CWE-120'}) RETURN c,Show me all data for 'CWE-120'.,"[""UcoCWE""]",[],"[""ucocweID""]",0,"[""CWE-120""]"
Node Lookup Queries,Find the weakness named 'Buffer Copy without Checking Size of Input ('Classic Buffer Overflow')'.,MATCH (c:UcoCWE {ucocweName: 'Buffer Copy without Checking Size of Input (\'Classic Buffer Overflow\')'}) RETURN c,Find the weakness 'Buffer Copy without Checking Size of Input ('Classic Buffer Overflow')'.,"[""UcoCWE""]",[],"[""ucocweName""]",0,"["")"", ""Buffer Copy without Checking Size of Input (\\""]"
Node Lookup Queries,Show 'Pillar' level CWEs that are still in 'Draft' status.,"MATCH (c:UcoCWE {ucoabstraction: 'Pillar', ucostatus: 'Draft'}) RETURN c",Which 'Pillar' weaknesses are still in 'Draft' status?,"[""UcoCWE""]",[],"[""ucoabstraction""]",0,"[""Draft"", ""Pillar""]"
Node Lookup Queries,"List 'Class' level, 'Simple' structure CWEs with an 'Incomplete' status.","MATCH (c:UcoCWE {ucoabstraction: 'Class', ucostructure: 'Simple', ucostatus: 'Incomplete'}) RETURN c",List 'Class' level weaknesses with a 'Simple' structure that are 'Incomplete'.,"[""UcoCWE""]",[],"[""ucoabstraction""]",0,"[""Class"", ""Incomplete"", ""Simple""]"
Node Lookup Queries,Find weakness types (CWEs) related to 'code execution'.,MATCH (c:UcoCWE) WHERE c.ucodescription CONTAINS 'code execution' RETURN c,Find all weaknesses (CWEs) that mention 'code execution' in their description.,"[""UcoCWE""]",[],"[""ucodescription""]",0,"[""code execution""]"
Node Lookup Queries,Pull the record for CWE-416.,MATCH (c:UcoCWE {ucocweID: 'CWE-416'}) RETURN c,Show me all data for 'CWE-416'.,"[""UcoCWE""]",[],"[""ucocweID""]",0,"[""CWE-416""]"
Node Lookup Queries,Find the weakness named 'Use After Free'.,MATCH (c:UcoCWE {ucocweName: 'Use After Free'}) RETURN c,Find the weakness 'Use After Free'.,"[""UcoCWE""]",[],"[""ucocweName""]",0,"[""Use After Free""]"
Node Lookup Queries,"List 'Base' level, 'Composite' structure CWEs with a 'Stable' status.","MATCH (c:UcoCWE {ucoabstraction: 'Base', ucostructure: 'Composite', ucostatus: 'Stable'}) RETURN c",List 'Base' level weaknesses with 'Composite' structure that are 'Stable'.,"[""UcoCWE""]",[],"[""ucoabstraction""]",0,"[""Base"", ""Composite"", ""Stable""]"
Node Lookup Queries,Find weakness types (CWEs) related to 'denial of service'.,MATCH (c:UcoCWE) WHERE c.ucodescription CONTAINS 'denial of service' RETURN c,Find all weaknesses (CWEs) that mention 'denial of service' in their description.,"[""UcoCWE""]",[],"[""ucodescription""]",0,"[""denial of service""]"
Node Lookup Queries,Pull the record for CWE-404.,MATCH (c:UcoCWE {ucocweID: 'CWE-404'}) RETURN c,Show me all data for 'CWE-404'.,"[""UcoCWE""]",[],"[""ucocweID""]",0,"[""CWE-404""]"
Node Lookup Queries,Find the weakness named 'Improper Encoding or Escaping of Output'.,MATCH (c:UcoCWE {ucocweName: 'Improper Encoding or Escaping of Output'}) RETURN c,Find the weakness 'Improper Encoding or Escaping of Output'.,"[""UcoCWE""]",[],"[""ucocweName""]",0,"[""Improper Encoding or Escaping of Output""]"
Node Lookup Queries,"Show 'Class' level, 'Incomplete' status, 'Composite' structure CWEs.","MATCH (c:UcoCWE {ucoabstraction: 'Class', ucostatus: 'Incomplete', ucostructure: 'Composite'}) RETURN c",Show 'Class' level weaknesses that are 'Incomplete' and have 'Composite' structure.,"[""UcoCWE""]",[],"[""ucoabstraction""]",0,"[""Class"", ""Composite"", ""Incomplete""]"
Node Lookup Queries,"List 'Variant' level, 'Stable' status, 'Composite' structure CWEs.","MATCH (c:UcoCWE {ucoabstraction: 'Variant', ucostatus: 'Stable', ucostructure: 'Composite'}) RETURN c",List 'Variant' level weaknesses that are 'Stable' and have 'Composite' structure.,"[""UcoCWE""]",[],"[""ucoabstraction""]",0,"[""Composite"", ""Stable"", ""Variant""]"
Node Lookup Queries,Find weakness types (CWEs) related to 'session management'.,MATCH (c:UcoCWE) WHERE c.ucodescription CONTAINS 'session management' RETURN c,Find all weaknesses (CWEs) that mention 'session management' in their description.,"[""UcoCWE""]",[],"[""ucodescription""]",0,"[""session management""]"
Node Lookup Queries,Pull the record for CWE-384.,MATCH (c:UcoCWE {ucocweID: 'CWE-384'}) RETURN c,Show me all data for 'CWE-384'.,"[""UcoCWE""]",[],"[""ucocweID""]",0,"[""CWE-384""]"
Node Lookup Queries,Find the weakness named 'Session Fixation'.,MATCH (c:UcoCWE {ucocweName: 'Session Fixation'}) RETURN c,Find the weakness 'Session Fixation'.,"[""UcoCWE""]",[],"[""ucocweName""]",0,"[""Session Fixation""]"
Node Lookup Queries,"Show 'Base' level, 'Draft' status, 'Composite' structure CWEs.","MATCH (c:UcoCWE {ucoabstraction: 'Base', ucostatus: 'Draft', ucostructure: 'Composite'}) RETURN c",Show 'Base' level weaknesses that are in 'Draft' and have 'Composite' structure.,"[""UcoCWE""]",[],"[""ucoabstraction""]",0,"[""Base"", ""Composite"", ""Draft""]"
Node Lookup Queries,"List 'Compound' level, 'Incomplete' status, 'Composite' structure CWEs.","MATCH (c:UcoCWE {ucoabstraction: 'Compound', ucostatus: 'Incomplete', ucostructure: 'Composite'}) RETURN c",List 'Compound' level weaknesses that are 'Incomplete' and have 'Composite' structure.,"[""UcoCWE""]",[],"[""ucoabstraction""]",0,"[""Composite"", ""Compound"", ""Incomplete""]"
Node Lookup Queries,Find weakness types (CWEs) related to 'error handling'.,MATCH (c:UcoCWE) WHERE c.ucodescription CONTAINS 'error handling' RETURN c,Find all weaknesses (CWEs) that mention 'error handling' in their description.,"[""UcoCWE""]",[],"[""ucodescription""]",0,"[""error handling""]"
Node Lookup Queries,"Show 'MEDIUM' severity, 'Awaiting Analysis' CVEs that require user interaction.","MATCH (c:UcoCVE {ucobaseSeverity: 'MEDIUM', ucovulnStatus: 'Awaiting Analysis', ucouserInteractionRequired: 'true'}) RETURN c","Show 'MEDIUM' severity, 'Awaiting Analysis' CVEs that do require user interaction.","[""UcoCVE""]",[],"[""ucobaseSeverity""]",0,"[""Awaiting Analysis"", ""MEDIUM"", ""true""]"
Node Lookup Queries,"Show 'LOW' severity, 'Modified' CVEs that don't need user interaction.","MATCH (c:UcoCVE {ucobaseSeverity: 'LOW', ucovulnStatus: 'Modified', ucouserInteractionRequired: 'false'}) RETURN c","Show 'LOW' severity, 'Modified' CVEs that don't require user interaction.","[""UcoCVE""]",[],"[""ucobaseSeverity""]",0,"[""LOW"", ""Modified"", ""false""]"
Node Lookup Queries,Pull the record for CWE-1004.,MATCH (c:UcoCWE {ucocweID: 'CWE-1004'}) RETURN c,Show me all data for 'CWE-1004'.,"[""UcoCWE""]",[],"[""ucocweID""]",0,"[""CWE-1004""]"
Node Lookup Queries,Pull the record for CWE-1007.,MATCH (c:UcoCWE {ucocweID: 'CWE-1007'}) RETURN c,Show me all data for 'CWE-1007'.,"[""UcoCWE""]",[],"[""ucocweID""]",0,"[""CWE-1007""]"
Node Lookup Queries,Pull the record for CWE-102.,MATCH (c:UcoCWE {ucocweID: 'CWE-102'}) RETURN c,Show me all data for 'CWE-102'.,"[""UcoCWE""]",[],"[""ucocweID""]",0,"[""CWE-102""]"
Node Lookup Queries,Pull the record for CWE-1035.,MATCH (c:UcoCWE {ucocweID: 'CWE-1035'}) RETURN c,Show me all data for 'CWE-1035'.,"[""UcoCWE""]",[],"[""ucocweID""]",0,"[""CWE-1035""]"
Node Lookup Queries,List all 'Pillar' level CWEs.,MATCH (c:UcoCWE {ucoabstraction: 'Pillar'}) RETURN c,List all 'Pillar' level weaknesses.,"[""UcoCWE""]",[],"[""ucoabstraction""]",0,"[""Pillar""]"
Node Lookup Queries,List all 'Class' level CWEs.,MATCH (c:UcoCWE {ucoabstraction: 'Class'}) RETURN c,List all 'Class' level weaknesses.,"[""UcoCWE""]",[],"[""ucoabstraction""]",0,"[""Class""]"
Node Lookup Queries,Show me all 'Base' level CWEs.,MATCH (c:UcoCWE {ucoabstraction: 'Base'}) RETURN c,Show me all 'Base' level weaknesses.,"[""UcoCWE""]",[],"[""ucoabstraction""]",0,"[""Base""]"
Node Lookup Queries,Find all 'Variant' type CWEs.,MATCH (c:UcoCWE {ucoabstraction: 'Variant'}) RETURN c,Find all 'Variant' type weaknesses.,"[""UcoCWE""]",[],"[""ucoabstraction""]",0,"[""Variant""]"
Node Lookup Queries,List all 'Compound' abstraction CWEs.,MATCH (c:UcoCWE {ucoabstraction: 'Compound'}) RETURN c,List all 'Compound' type weaknesses.,"[""UcoCWE""]",[],"[""ucoabstraction""]",0,"[""Compound""]"
Node Lookup Queries,Show all CWEs currently in 'Draft' status.,MATCH (c:UcoCWE {ucostatus: 'Draft'}) RETURN c,Show all weaknesses currently in 'Draft' status.,"[""UcoCWE""]",[],"[""ucostatus""]",0,"[""Draft""]"
Node Lookup Queries,Find all CWEs marked as 'Incomplete'.,MATCH (c:UcoCWE {ucostatus: 'Incomplete'}) RETURN c,Find all weaknesses marked as 'Incomplete'.,"[""UcoCWE""]",[],"[""ucostatus""]",0,"[""Incomplete""]"
Node Lookup Queries,List all 'Stable' CWEs.,MATCH (c:UcoCWE {ucostatus: 'Stable'}) RETURN c,List all 'Stable' weaknesses.,"[""UcoCWE""]",[],"[""ucostatus""]",0,"[""Stable""]"
Node Lookup Queries,Show me all 'Deprecated' CWEs.,MATCH (c:UcoCWE {ucostatus: 'Deprecated'}) RETURN c,Show me all 'Deprecated' weaknesses.,"[""UcoCWE""]",[],"[""ucostatus""]",0,"[""Deprecated""]"
Node Lookup Queries,Find all CWEs with a 'Simple' structure.,MATCH (c:UcoCWE {ucostructure: 'Simple'}) RETURN c,Find all weaknesses with a 'Simple' structure.,"[""UcoCWE""]",[],"[""ucostructure""]",0,"[""Simple""]"
Node Lookup Queries,List all CWEs that have a 'Composite' structure.,MATCH (c:UcoCWE {ucostructure: 'Composite'}) RETURN c,List all weaknesses that have a 'Composite' structure.,"[""UcoCWE""]",[],"[""ucostructure""]",0,"[""Composite""]"
Node Lookup Queries,Pull the record for the 'Improper Authentication' weakness.,MATCH (c:UcoCWE {ucocweName: 'Improper Authentication'}) RETURN c,Show me all data for the 'Improper Authentication' weakness.,"[""UcoCWE""]",[],"[""ucocweName""]",0,"[""Improper Authentication""]"
Node Lookup Queries,Show me details about 'Cross-Site Scripting' (XSS).,MATCH (c:UcoCWE {ucocweName: 'Cross-Site Scripting'}) RETURN c,Show me all data for 'Cross-Site Scripting'.,"[""UcoCWE""]",[],"[""ucocweName""]",0,"[""Cross-Site Scripting""]"
Node Lookup Queries,Find information on 'Code Injection' weaknesses.,MATCH (c:UcoCWE {ucocweName: 'Code Injection'}) RETURN c,Show me all data for 'Code Injection' weaknesses.,"[""UcoCWE""]",[],"[""ucocweName""]",0,"[""Code Injection""]"
Node Lookup Queries,Pull the record for 'Missing Authorization'.,MATCH (c:UcoCWE {ucocweName: 'Missing Authorization'}) RETURN c,Show me all data for 'Missing Authorization'.,"[""UcoCWE""]",[],"[""ucocweName""]",0,"[""Missing Authorization""]"
Node Lookup Queries,Find details for 'Use of Hard-coded Credentials'.,MATCH (c:UcoCWE {ucocweName: 'Use of Hard-coded Credentials'}) RETURN c,Show me all data for 'Use of Hard-coded Credentials'.,"[""UcoCWE""]",[],"[""ucocweName""]",0,"[""Use of Hard-coded Credentials""]"
Node Lookup Queries,Show me information about 'Unrestricted Upload of File with Dangerous Type'.,MATCH (c:UcoCWE {ucocweName: 'Unrestricted Upload of File with Dangerous Type'}) RETURN c,Show me all data for 'Unrestricted Upload of File with Dangerous Type'.,"[""UcoCWE""]",[],"[""ucocweName""]",0,"[""Unrestricted Upload of File with Dangerous Type""]"
Node Lookup Queries,Find the weakness 'Reliance on Untrusted Inputs in a Security Decision'.,MATCH (c:UcoCWE {ucocweName: 'Reliance on Untrusted Inputs in a Security Decision'}) RETURN c,Show me all data for 'Reliance on Untrusted Inputs in a Security Decision'.,"[""UcoCWE""]",[],"[""ucocweName""]",0,"[""Reliance on Untrusted Inputs in a Security Decision""]"
Node Lookup Queries,Pull the record for 'Insecure Default Initialization of Resource'.,MATCH (c:UcoCWE {ucocweName: 'Insecure Default Initialization of Resource'}) RETURN c,Show me all data for 'Insecure Default Initialization of Resource'.,"[""UcoCWE""]",[],"[""ucocweName""]",0,"[""Insecure Default Initialization of Resource""]"
Node Lookup Queries,Find information on 'Missing Encryption of Sensitive Data'.,MATCH (c:UcoCWE {ucocweName: 'Missing Encryption of Sensitive Data'}) RETURN c,Show me all data for 'Missing Encryption of Sensitive Data'.,"[""UcoCWE""]",[],"[""ucocweName""]",0,"[""Missing Encryption of Sensitive Data""]"
Node Lookup Queries,Show details for 'Use of a Broken or Risky Cryptographic Algorithm'.,MATCH (c:UcoCWE {ucocweName: 'Use of a Broken or Risky Cryptographic Algorithm'}) RETURN c,Show me all data for 'Use of a Broken or Risky Cryptographic Algorithm'.,"[""UcoCWE""]",[],"[""ucocweName""]",0,"[""Use of a Broken or Risky Cryptographic Algorithm""]"
Node Lookup Queries,Find any CWE summaries that mention 'authentication'.,MATCH (c:UcoCWE) WHERE c.ucocweSummary CONTAINS 'authentication' RETURN c,Find all weaknesses that mention 'authentication' in their summary.,"[""UcoCWE""]",[],"[""ucocweSummary""]",0,"[""authentication""]"
Node Lookup Queries,Search CWE descriptions for 'buffer' related weaknesses.,MATCH (c:UcoCWE) WHERE c.ucodescription CONTAINS 'buffer' RETURN c,Find all weaknesses that mention 'buffer' in their description.,"[""UcoCWE""]",[],"[""ucodescription""]",0,"[""buffer""]"
Node Lookup Queries,List all CWEs with 'injection' in their description.,MATCH (c:UcoCWE) WHERE c.ucodescription CONTAINS 'injection' RETURN c,Find all weaknesses that mention 'injection' in their description.,"[""UcoCWE""]",[],"[""ucodescription""]",0,"[""injection""]"
Node Lookup Queries,Find CWEs with 'path traversal' in their description.,MATCH (c:UcoCWE) WHERE c.ucodescription CONTAINS 'path traversal' RETURN c,Find all weaknesses that mention 'path traversal' in their description.,"[""UcoCWE""]",[],"[""ucodescription""]",0,"[""path traversal""]"
Node Lookup Queries,Show weaknesses involving 'credentials' in their description.,MATCH (c:UcoCWE) WHERE c.ucodescription CONTAINS 'credentials' RETURN c,Show weaknesses that mention 'credentials' in their description.,"[""UcoCWE""]",[],"[""ucodescription""]",0,"[""credentials""]"
Node Lookup Queries,Find all 'Base' abstraction CWEs that are 'Stable'.,"MATCH (c:UcoCWE {ucoabstraction: 'Base', ucostatus: 'Stable'}) RETURN c",Which 'Base' level weaknesses are also 'Stable'?,"[""UcoCWE""]",[],"[""ucoabstraction""]",0,"[""Base"", ""Stable""]"
Node Lookup Queries,List all 'Variant' CWEs that are 'Incomplete'.,"MATCH (c:UcoCWE {ucoabstraction: 'Variant', ucostatus: 'Incomplete'}) RETURN c",Which 'Variant' type weaknesses are 'Incomplete'?,"[""UcoCWE""]",[],"[""ucoabstraction""]",0,"[""Incomplete"", ""Variant""]"
Node Lookup Queries,Show me all 'Class' level weaknesses with a 'Simple' structure.,"MATCH (c:UcoCWE {ucoabstraction: 'Class', ucostructure: 'Simple'}) RETURN c",Show me all 'Class' level weaknesses with a 'Simple' structure.,"[""UcoCWE""]",[],"[""ucoabstraction""]",0,"[""Class"", ""Simple""]"
Node Lookup Queries,Find all 'Pillar' CWEs that are currently 'Stable'.,"MATCH (c:UcoCWE {ucoabstraction: 'Pillar', ucostatus: 'Stable'}) RETURN c",Which 'Pillar' weaknesses are 'Stable'?,"[""UcoCWE""]",[],"[""ucoabstraction""]",0,"[""Pillar"", ""Stable""]"
Node Lookup Queries,List 'Compound' weaknesses that are in 'Draft' status.,"MATCH (c:UcoCWE {ucoabstraction: 'Compound', ucostatus: 'Draft'}) RETURN c",List 'Compound' weaknesses that are in 'Draft' status.,"[""UcoCWE""]",[],"[""ucoabstraction""]",0,"[""Compound"", ""Draft""]"
Node Lookup Queries,Pull the record for CWE-1065.,MATCH (c:UcoCWE {ucocweID: 'CWE-1065'}) RETURN c,Show me all data for 'CWE-1065'.,"[""UcoCWE""]",[],"[""ucocweID""]",0,"[""CWE-1065""]"
Node Lookup Queries,Pull the record for CWE-1066.,MATCH (c:UcoCWE {ucocweID: 'CWE-1066'}) RETURN c,Show me all data for 'CWE-1066'.,"[""UcoCWE""]",[],"[""ucocweID""]",0,"[""CWE-1066""]"
Node Lookup Queries,Pull the record for CWE-1067.,MATCH (c:UcoCWE {ucocweID: 'CWE-1067'}) RETURN c,Show me all data for 'CWE-1067'.,"[""UcoCWE""]",[],"[""ucocweID""]",0,"[""CWE-1067""]"
Node Lookup Queries,Pull the record for CWE-1068.,MATCH (c:UcoCWE {ucocweID: 'CWE-1068'}) RETURN c,Show me all data for 'CWE-1068'.,"[""UcoCWE""]",[],"[""ucocweID""]",0,"[""CWE-1068""]"
Node Lookup Queries,Pull the record for CWE-1069.,MATCH (c:UcoCWE {ucocweID: 'CWE-1069'}) RETURN c,Show me all data for 'CWE-1069'.,"[""UcoCWE""]",[],"[""ucocweID""]",0,"[""CWE-1069""]"
Node Lookup Queries,Pull the record for CWE-1070.,MATCH (c:UcoCWE {ucocweID: 'CWE-1070'}) RETURN c,Show me all data for 'CWE-1070'.,"[""UcoCWE""]",[],"[""ucocweID""]",0,"[""CWE-1070""]"
Node Lookup Queries,Pull the record for CWE-1083.,MATCH (c:UcoCWE {ucocweID: 'CWE-1083'}) RETURN c,Show me all data for 'CWE-1083'.,"[""UcoCWE""]",[],"[""ucocweID""]",0,"[""CWE-1083""]"
Node Lookup Queries,Find all 'Pillar' abstractions that are 'Deprecated'.,"MATCH (c:UcoCWE {ucoabstraction: 'Pillar', ucostatus: 'Deprecated'}) RETURN c",Which 'Pillar' weaknesses are 'Deprecated'?,"[""UcoCWE""]",[],"[""ucoabstraction""]",0,"[""Deprecated"", ""Pillar""]"
Node Lookup Queries,List all 'Base' weaknesses that are in 'Draft' status.,"MATCH (c:UcoCWE {ucoabstraction: 'Base', ucostatus: 'Draft'}) RETURN c",Which 'Base' weaknesses are in 'Draft' status?,"[""UcoCWE""]",[],"[""ucoabstraction""]",0,"[""Base"", ""Draft""]"
Node Lookup Queries,Search CWE descriptions for 'SQL' related weaknesses.,MATCH (c:UcoCWE) WHERE c.ucodescription CONTAINS 'SQL' RETURN c,Find all weaknesses that mention 'SQL' in their description.,"[""UcoCWE""]",[],"[""ucodescription""]",0,"[""SQL""]"
Node Lookup Queries,Are there any weaknesses related to 'cross-site scripting' in the descriptions?,MATCH (c:UcoCWE) WHERE c.ucodescription CONTAINS 'cross-site scripting' RETURN c,Find all weaknesses that mention 'cross-site scripting' in their description.,"[""UcoCWE""]",[],"[""ucodescription""]",0,"[""cross-site scripting""]"
Node Lookup Queries,List all CWEs that talk about 'memory leak'.,MATCH (c:UcoCWE) WHERE c.ucodescription CONTAINS 'memory leak' RETURN c,Find all weaknesses that mention 'memory leak' in their description.,"[""UcoCWE""]",[],"[""ucodescription""]",0,"[""memory leak""]"
Node Lookup Queries,Show weaknesses involving 'deserialization'.,MATCH (c:UcoCWE) WHERE c.ucodescription CONTAINS 'deserialization' RETURN c,Show weaknesses that mention 'deserialization' in their description.,"[""UcoCWE""]",[],"[""ucodescription""]",0,"[""deserialization""]"
Node Lookup Queries,Find any CWE summaries that mention 'privilege'.,MATCH (c:UcoCWE) WHERE c.ucocweSummary CONTAINS 'privilege' RETURN c,Find all weaknesses that mention 'privilege' in their summary.,"[""UcoCWE""]",[],"[""ucocweSummary""]",0,"[""privilege""]"
Node Lookup Queries,Are there any weaknesses related to 'file inclusion'?,MATCH (c:UcoCWE) WHERE c.ucodescription CONTAINS 'file inclusion' RETURN c,Find all weaknesses that mention 'file inclusion' in their description.,"[""UcoCWE""]",[],"[""ucodescription""]",0,"[""file inclusion""]"
Node Lookup Queries,Find CWEs with 'XML External Entity' in their name.,MATCH (c:UcoCWE {ucocweName: 'XML External Entity'}) RETURN c,Show me all data for the 'XML External Entity' weakness.,"[""UcoCWE""]",[],"[""ucocweName""]",0,"[""XML External Entity""]"
Node Lookup Queries,Show weaknesses involving 'command injection'.,MATCH (c:UcoCWE) WHERE c.ucodescription CONTAINS 'command injection' RETURN c,Show weaknesses that mention 'command injection' in their description.,"[""UcoCWE""]",[],"[""ucodescription""]",0,"[""command injection""]"
Node Lookup Queries,List all 'Variant' CWEs that are 'Stable'.,"MATCH (c:UcoCWE {ucoabstraction: 'Variant', ucostatus: 'Stable'}) RETURN c",Which 'Variant' type weaknesses are 'Stable'?,"[""UcoCWE""]",[],"[""ucoabstraction""]",0,"[""Stable"", ""Variant""]"
Node Lookup Queries,Show me all 'Class' level weaknesses with a 'Composite' structure.,"MATCH (c:UcoCWE {ucoabstraction: 'Class', ucostructure: 'Composite'}) RETURN c",Show 'Class' level weaknesses with a 'Composite' structure.,"[""UcoCWE""]",[],"[""ucoabstraction""]",0,"[""Class"", ""Composite""]"
Node Lookup Queries,Find any CWE summaries that mention 'security'.,MATCH (c:UcoCWE) WHERE c.ucocweSummary CONTAINS 'security' RETURN c,Find all weaknesses that mention 'security' in their summary.,"[""UcoCWE""]",[],"[""ucocweSummary""]",0,"[""security""]"
Node Lookup Queries,Are there any weaknesses related to 'permission'?,MATCH (c:UcoCWE) WHERE c.ucodescription CONTAINS 'permission' RETURN c,Find all weaknesses that mention 'permission' in their description.,"[""UcoCWE""]",[],"[""ucodescription""]",0,"[""permission""]"
Node Lookup Queries,List all CWE descriptions that mention 'malicious'.,MATCH (c:UcoCWE) WHERE c.ucodescription CONTAINS 'malicious' RETURN c,Find all weaknesses that mention 'malicious' in their description.,"[""UcoCWE""]",[],"[""ucodescription""]",0,"[""malicious""]"
Node Lookup Queries,Show weaknesses involving 'sensitive information' exposure.,MATCH (c:UcoCWE) WHERE c.ucodescription CONTAINS 'sensitive information' RETURN c,Show weaknesses that mention 'sensitive information' in their description.,"[""UcoCWE""]",[],"[""ucodescription""]",0,"[""sensitive information""]"
Node Lookup Queries,Find all 'Class' abstractions that are 'Deprecated'.,"MATCH (c:UcoCWE {ucoabstraction: 'Class', ucostatus: 'Deprecated'}) RETURN c",Which 'Class' level weaknesses are 'Deprecated'?,"[""UcoCWE""]",[],"[""ucoabstraction""]",0,"[""Class"", ""Deprecated""]"
Node Lookup Queries,Show me all 'Variant' level weaknesses with a 'Simple' structure.,"MATCH (c:UcoCWE {ucoabstraction: 'Variant', ucostructure: 'Simple'}) RETURN c",Show 'Variant' level weaknesses with a 'Simple' structure.,"[""UcoCWE""]",[],"[""ucoabstraction""]",0,"[""Simple"", ""Variant""]"
Node Lookup Queries,Find all 'High' severity CAPEC attack patterns.,MATCH (c:UcoexCAPEC {ucoexSeverity: 'High'}) RETURN c,Show all 'High' severity attack patterns (CAPEC).,"[""UcoexCAPEC""]",[],"[""ucoexSeverity""]",0,"[""High""]"
Node Lookup Queries,Find all 'Medium' severity CAPEC attack patterns.,MATCH (c:UcoexCAPEC {ucoexSeverity: 'Medium'}) RETURN c,Show all 'Medium' severity attack patterns (CAPEC).,"[""UcoexCAPEC""]",[],"[""ucoexSeverity""]",0,"[""Medium""]"
Node Lookup Queries,Find all 'Low' severity CAPEC attack patterns.,MATCH (c:UcoexCAPEC {ucoexSeverity: 'Low'}) RETURN c,Show all 'Low' severity attack patterns (CAPEC).,"[""UcoexCAPEC""]",[],"[""ucoexSeverity""]",0,"[""Low""]"
Node Lookup Queries,Find all 'Unknown' severity CAPEC attack patterns.,MATCH (c:UcoexCAPEC {ucoexSeverity: 'Unknown'}) RETURN c,Show all 'Unknown' severity attack patterns (CAPEC).,"[""UcoexCAPEC""]",[],"[""ucoexSeverity""]",0,"[""Unknown""]"
Node Lookup Queries,List CAPEC patterns with a 'High' likelihood of exploit.,MATCH (c:UcoexCAPEC {ucoexLikelihood: 'High'}) RETURN c,List attack patterns (CAPEC) with a 'High' likelihood of attack.,"[""UcoexCAPEC""]",[],"[""ucoexLikelihood""]",0,"[""High""]"
Node Lookup Queries,List CAPEC patterns with a 'Medium' likelihood of exploit.,MATCH (c:UcoexCAPEC {ucoexLikelihood: 'Medium'}) RETURN c,List attack patterns (CAPEC) with a 'Medium' likelihood of attack.,"[""UcoexCAPEC""]",[],"[""ucoexLikelihood""]",0,"[""Medium""]"
Node Lookup Queries,List CAPEC patterns with a 'Low' likelihood of exploit.,MATCH (c:UcoexCAPEC {ucoexLikelihood: 'Low'}) RETURN c,List attack patterns (CAPEC) with a 'Low' likelihood of attack.,"[""UcoexCAPEC""]",[],"[""ucoexLikelihood""]",0,"[""Low""]"
Node Lookup Queries,List CAPEC patterns with an 'Unknown' likelihood of exploit.,MATCH (c:UcoexCAPEC {ucoexLikelihood: 'Unknown'}) RETURN c,List attack patterns (CAPEC) with an 'Unknown' likelihood of attack.,"[""UcoexCAPEC""]",[],"[""ucoexLikelihood""]",0,"[""Unknown""]"
Node Lookup Queries,Show all 'Detailed' abstraction CAPEC patterns.,MATCH (c:UcoexCAPEC {ucoexAbstraction: 'Detailed'}) RETURN c,Show all 'Detailed' level attack patterns (CAPEC).,"[""UcoexCAPEC""]",[],"[""ucoexAbstraction""]",0,"[""Detailed""]"
Node Lookup Queries,Show all 'Standard' abstraction CAPEC patterns.,MATCH (c:UcoexCAPEC {ucoexAbstraction: 'Standard'}) RETURN c,Show all 'Standard' level attack patterns (CAPEC).,"[""UcoexCAPEC""]",[],"[""ucoexAbstraction""]",0,"[""Standard""]"
Node Lookup Queries,Pull the record for CAPEC-519.,MATCH (c:UcoexCAPEC {ucoexCAPEC_id: '519'}) RETURN c,Show me all data for 'CAPEC-519'.,"[""UcoexCAPEC""]",[],"[""ucoexCAPEC_id""]",0,"[""519""]"
Node Lookup Queries,Pull the record for CAPEC-1.,MATCH (c:UcoexCAPEC {ucoexCAPEC_id: '1'}) RETURN c,Show me all data for 'CAPEC-1'.,"[""UcoexCAPEC""]",[],"[""ucoexCAPEC_id""]",0,"[""1""]"
Node Lookup Queries,Find CAPEC patterns related to 'Spoofing'.,MATCH (c:UcoexCAPEC) WHERE c.ucoexCAPEC_name CONTAINS 'Spoofing' RETURN c,Find all attack patterns (CAPEC) with 'Spoofing' in their name.,"[""UcoexCAPEC""]",[],"[""ucoexCAPEC_name""]",0,"[""Spoofing""]"
Node Lookup Queries,Find CAPEC patterns related to 'Authentication'.,MATCH (c:UcoexCAPEC) WHERE c.ucoexCAPEC_name CONTAINS 'Authentication' RETURN c,Find all attack patterns (CAPEC) with 'Authentication' in their name.,"[""UcoexCAPEC""]",[],"[""ucoexCAPEC_name""]",0,"[""Authentication""]"
Node Lookup Queries,Find CAPEC patterns related to 'Hijacking'.,MATCH (c:UcoexCAPEC) WHERE c.ucoexCAPEC_name CONTAINS 'Hijacking' RETURN c,Find all attack patterns (CAPEC) with 'Hijacking' in their name.,"[""UcoexCAPEC""]",[],"[""ucoexCAPEC_name""]",0,"[""Hijacking""]"
Node Lookup Queries,Find CAPEC patterns whose description mentions 'attacker'.,MATCH (c:UcoexCAPEC) WHERE c.ucoexDescription CONTAINS 'attacker' RETURN c,Find all attack patterns (CAPEC) that mention 'attacker' in their description.,"[""UcoexCAPEC""]",[],"[""ucoexDescription""]",0,"[""attacker""]"
Node Lookup Queries,Find CAPEC patterns whose description mentions 'bypass'.,MATCH (c:UcoexCAPEC) WHERE c.ucoexDescription CONTAINS 'bypass' RETURN c,Find all attack patterns (CAPEC) that mention 'bypass' in their description.,"[""UcoexCAPEC""]",[],"[""ucoexDescription""]",0,"[""bypass""]"
Node Lookup Queries,Find CAPEC patterns whose description mentions 'credentials'.,MATCH (c:UcoexCAPEC) WHERE c.ucoexDescription CONTAINS 'credentials' RETURN c,Find all attack patterns (CAPEC) that mention 'credentials' in their description.,"[""UcoexCAPEC""]",[],"[""ucoexDescription""]",0,"[""credentials""]"
Node Lookup Queries,List CAPEC patterns requiring 'High' attacker skill.,MATCH (c:UcoexCAPEC) WHERE ANY(s IN c.ucoexSkills_Required WHERE s CONTAINS 'Level:High') RETURN c,Which attack patterns (CAPEC) require a 'High' skill level?,"[""UcoexCAPEC""]",[],"[""ucoexSkills_Required""]",0,"[""Level:High""]"
Node Lookup Queries,List CAPEC patterns requiring 'Medium' attacker skill.,MATCH (c:UcoexCAPEC) WHERE ANY(s IN c.ucoexSkills_Required WHERE s CONTAINS 'Level:Medium') RETURN c,Which attack patterns (CAPEC) require a 'Medium' skill level?,"[""UcoexCAPEC""]",[],"[""ucoexSkills_Required""]",0,"[""Level:Medium""]"
Node Lookup Queries,List CAPEC patterns requiring 'Low' attacker skill.,MATCH (c:UcoexCAPEC) WHERE ANY(s IN c.ucoexSkills_Required WHERE s CONTAINS 'Level:Low') RETURN c,Which attack patterns (CAPEC) require a 'Low' skill level?,"[""UcoexCAPEC""]",[],"[""ucoexSkills_Required""]",0,"[""Level:Low""]"
Node Lookup Queries,Get the name and description for CWE-79.,"MATCH (c:UcoCWE {ucocweID: 'CWE-79'}) RETURN c.ucocweName, c.ucodescription",What is the name and description for weakness 'CWE-79'?,"[""UcoCWE""]",[],"[""ucocweID"", ""ucocweName"", ""ucodescription""]",0,"[""CWE-79""]"
Node Lookup Queries,Get the name and description for CWE-125.,"MATCH (c:UcoCWE {ucocweID: 'CWE-125'}) RETURN c.ucocweName, c.ucodescription",What is the name and description for weakness 'CWE-125'?,"[""UcoCWE""]",[],"[""ucocweID"", ""ucocweName"", ""ucodescription""]",0,"[""CWE-125""]"
Node Lookup Queries,Find 'Base' level CWEs that are 'Incomplete'.,"MATCH (c:UcoCWE {ucoabstraction: 'Base', ucostatus: 'Incomplete'}) RETURN c",Which 'Base' level weaknesses are 'Incomplete'?,"[""UcoCWE""]",[],"[""ucoabstraction""]",0,"[""Base"", ""Incomplete""]"
Node Lookup Queries,Find 'Base' level CWEs that are 'Deprecated'.,"MATCH (c:UcoCWE {ucoabstraction: 'Base', ucostatus: 'Deprecated'}) RETURN c",Which 'Base' level weaknesses are 'Deprecated'?,"[""UcoCWE""]",[],"[""ucoabstraction""]",0,"[""Base"", ""Deprecated""]"
Node Lookup Queries,Find 'Class' level CWEs that are 'Stable'.,"MATCH (c:UcoCWE {ucoabstraction: 'Class', ucostatus: 'Stable'}) RETURN c",Which 'Class' level weaknesses are 'Stable'?,"[""UcoCWE""]",[],"[""ucoabstraction""]",0,"[""Class"", ""Stable""]"
Node Lookup Queries,Find 'Class' level CWEs that are 'Incomplete'.,"MATCH (c:UcoCWE {ucoabstraction: 'Class', ucostatus: 'Incomplete'}) RETURN c",Which 'Class' level weaknesses are 'Incomplete'?,"[""UcoCWE""]",[],"[""ucoabstraction""]",0,"[""Class"", ""Incomplete""]"
Node Lookup Queries,Find 'Variant' level CWEs that are 'Deprecated'.,"MATCH (c:UcoCWE {ucoabstraction: 'Variant', ucostatus: 'Deprecated'}) RETURN c",Which 'Variant' level weaknesses are 'Deprecated'?,"[""UcoCWE""]",[],"[""ucoabstraction""]",0,"[""Deprecated"", ""Variant""]"
Node Lookup Queries,Find 'Compound' level CWEs that are 'Stable'.,"MATCH (c:UcoCWE {ucoabstraction: 'Compound', ucostatus: 'Stable'}) RETURN c",Which 'Compound' level weaknesses are 'Stable'?,"[""UcoCWE""]",[],"[""ucoabstraction""]",0,"[""Compound"", ""Stable""]"
Node Lookup Queries,Find 'Compound' level CWEs that are 'Incomplete'.,"MATCH (c:UcoCWE {ucoabstraction: 'Compound', ucostatus: 'Incomplete'}) RETURN c",Which 'Compound' level weaknesses are 'Incomplete'?,"[""UcoCWE""]",[],"[""ucoabstraction""]",0,"[""Compound"", ""Incomplete""]"
Node Lookup Queries,Find CWE summaries that mention 'injection'.,MATCH (c:UcoCWE) WHERE c.ucocweSummary CONTAINS 'injection' RETURN c,Find all weaknesses that mention 'injection' in their summary.,"[""UcoCWE""]",[],"[""ucocweSummary""]",0,"[""injection""]"
Node Lookup Queries,Find CWE summaries that mention 'cross-site'.,MATCH (c:UcoCWE) WHERE c.ucocweSummary CONTAINS 'cross-site' RETURN c,Find all weaknesses that mention 'cross-site' in their summary.,"[""UcoCWE""]",[],"[""ucocweSummary""]",0,"[""cross-site""]"
Node Lookup Queries,Find CWE summaries that mention 'overflow'.,MATCH (c:UcoCWE) WHERE c.ucocweSummary CONTAINS 'overflow' RETURN c,Find all weaknesses that mention 'overflow' in their summary.,"[""UcoCWE""]",[],"[""ucocweSummary""]",0,"[""overflow""]"
Node Lookup Queries,Pull the record for CVE-2024-1001.,MATCH (c:UcoCVE {label: 'CVE-2024-1001'}) RETURN c,Show me all data for 'CVE-2024-1001'.,"[""UcoCVE""]",[],"[""label""]",0,"[""CVE-2024-1001""]"
Node Lookup Queries,Pull the record for CVE-2023-5000.,MATCH (c:UcoCVE {label: 'CVE-2023-5000'}) RETURN c,Show me all data for 'CVE-2023-5000'.,"[""UcoCVE""]",[],"[""label""]",0,"[""CVE-2023-5000""]"
Node Lookup Queries,Get details for the 'Command and Control' TTP.,MATCH (t:UcoexMITREATTACK {ucoexNAME: 'Command and Control'}) RETURN t,Show me all data for the 'Command and Control' technique.,"[""UcoexMITREATTACK""]",[],"[""ucoexNAME""]",0,"[""Command and Control""]"
Node Lookup Queries,Get details for the 'Lateral Movement' TTP.,MATCH (t:UcoexMITREATTACK {ucoexNAME: 'Lateral Movement'}) RETURN t,Show me all data for the 'Lateral Movement' technique.,"[""UcoexMITREATTACK""]",[],"[""ucoexNAME""]",0,"[""Lateral Movement""]"
Node Lookup Queries,Get details for the 'Exfiltration' TTP.,MATCH (t:UcoexMITREATTACK {ucoexNAME: 'Exfiltration'}) RETURN t,Show me all data for the 'Exfiltration' technique.,"[""UcoexMITREATTACK""]",[],"[""ucoexNAME""]",0,"[""Exfiltration""]"
Node Lookup Queries,List all ATT&CK TTPs for the 'Enterprise' matrix.,MATCH (t:UcoexMITREATTACK {ucoexDOMAIN: 'Enterprise'}) RETURN t.ucoexNAME,List the names of all 'Enterprise' attack techniques.,"[""UcoexMITREATTACK""]",[],"[""ucoexDOMAIN"", ""ucoexNAME""]",0,"[""Enterprise""]"
Node Lookup Queries,List all ATT&CK TTPs for the 'Mobile' matrix.,MATCH (t:UcoexMITREATTACK {ucoexDOMAIN: 'Mobile'}) RETURN t.ucoexNAME,List the names of all 'Mobile' attack techniques.,"[""UcoexMITREATTACK""]",[],"[""ucoexDOMAIN"", ""ucoexNAME""]",0,"[""Mobile""]"
Node Lookup Queries,List all ATT&CK TTPs for the 'ICS' matrix.,MATCH (t:UcoexMITREATTACK {ucoexDOMAIN: 'ICS'}) RETURN t.ucoexNAME,List the names of all 'ICS' attack techniques.,"[""UcoexMITREATTACK""]",[],"[""ucoexDOMAIN"", ""ucoexNAME""]",0,"[""ICS""]"
Node Lookup Queries,Find the software record for 'netcat'.,MATCH (s:UcoexSOFTWARE {ucoexNAME: 'netcat'}) RETURN s,Show me all data for the 'netcat' software.,"[""UcoexSOFTWARE""]",[],"[""ucoexNAME""]",0,"[""netcat""]"
Node Lookup Queries,Find the software record for 'Cobalt Strike'.,MATCH (s:UcoexSOFTWARE {ucoexNAME: 'Cobalt Strike'}) RETURN s,Show me all data for the 'Cobalt Strike' software.,"[""UcoexSOFTWARE""]",[],"[""ucoexNAME""]",0,"[""Cobalt Strike""]"
Node Lookup Queries,Pull the intel on the 'APT28' threat actor.,MATCH (g:UcoexGROUPS {ucoexNAME: 'APT28'}) RETURN g,Show me all data for the 'APT28' group.,"[""UcoexGROUPS""]",[],"[""ucoexNAME""]",0,"[""APT28""]"
Node Lookup Queries,Pull the intel on the 'Lazarus Group' threat actor.,MATCH (g:UcoexGROUPS {ucoexNAME: 'Lazarus Group'}) RETURN g,Show me all data for the 'Lazarus Group'.,"[""UcoexGROUPS""]",[],"[""ucoexNAME""]",0,"[""Lazarus Group""]"
Node Lookup Queries,Get details for the 'WannaCry' campaign.,MATCH (c:UcoexCAMPAIGNS {ucoexNAME: 'WannaCry'}) RETURN c,Show me all data for the 'WannaCry' campaign.,"[""UcoexCAMPAIGNS""]",[],"[""ucoexNAME""]",0,"[""WannaCry""]"
Relationship Traversal Queries,What is the CPE for 'CVE-2021-44228'?,MATCH (v:UcoCVE {label: 'CVE-2021-44228'})-[:UCOEXHASCPE]->(c:UcoexCPE) RETURN c.cpeName,What product (CPE) is affected by 'CVE-2021-44228'?,"[""UcoCVE"", ""UcoexCPE""]","[""UCOEXHASCPE""]","[""cpeName"", ""label""]",0,"[""CVE-2021-44228""]"
Relationship Traversal Queries,Which CVEs are associated with the CPE 'apache:log4j'?,MATCH (v:UcoCVE)-[:UCOEXHASCPE]->(c:UcoexCPE) WHERE c.cpeName CONTAINS 'apache:log4j' RETURN v.label,Which CVEs are linked to the product 'cpe:2.3:a:apache:log4j:2.14.1'?,"[""UcoCVE"", ""UcoexCPE""]","[""UCOEXHASCPE""]","[""cpeName"", ""label""]",0,"[""apache:log4j""]"
Relationship Traversal Queries,List all CVEs with 'CRITICAL' severity and their associated CPEs.,"MATCH (v:UcoCVE {ucobaseSeverity: 'CRITICAL'})-[:UCOEXHASCPE]->(c:UcoexCPE) RETURN v.label, c.cpeName",List 'CRITICAL' CVEs and the products (CPEs) they affect.,"[""UcoCVE"", ""UcoexCPE""]","[""UCOEXHASCPE""]","[""cpeName"", ""label"", ""ucobaseSeverity""]",0,"[""CRITICAL""]"
Relationship Traversal Queries,Find all CVEs requiring user interaction and their CPEs.,"MATCH (v:UcoCVE {ucouserInteractionRequired: 'True'})-[:UCOEXHASCPE]->(c:UcoexCPE) RETURN v.label, c.cpeName",Find all CVEs that require user interaction and the products (CPEs) they affect.,"[""UcoCVE"", ""UcoexCPE""]","[""UCOEXHASCPE""]","[""cpeName"", ""label"", ""ucouserInteractionRequired""]",0,"[""True""]"
Relationship Traversal Queries,Show me all known CPEs recorded in the database.,MATCH (v:UcoCVE)-[:UCOEXHASCPE]->(c:UcoexCPE) RETURN DISTINCT c.cpeName LIMIT 20,Show me up to 50 unique product names (CPEs) that are linked to vulnerabilities.,"[""UcoCVE"", ""UcoexCPE""]","[""UCOEXHASCPE""]","[""cpeName""]",0,[]
Relationship Traversal Queries,What is the CVE ID for the vulnerability described as 'Apache Log4j RCE'?,MATCH (vuln:UcoVulnerability)-[:UCOHASCVE_ID]->(cve:UcoCVE) WHERE vuln.ucosummary CONTAINS 'Apache Log4j RCE' RETURN cve.label,What is the CVE ID for the vulnerability with 'Apache Log4j RCE' in its summary?,"[""UcoCVE"", ""UcoVulnerability""]","[""UCOHASCVE_ID""]","[""label"", ""ucosummary""]",0,"[""Apache Log4j RCE""]"
Relationship Traversal Queries,Get the vulnerability summary for 'CVE-2017-0144'.,MATCH (vuln:UcoVulnerability)-[:UCOHASCVE_ID]->(cve:UcoCVE {label: 'CVE-2017-0144'}) RETURN vuln.ucosummary,What is the vulnerability summary for 'CVE-2017-0144'?,"[""UcoCVE"", ""UcoVulnerability""]","[""UCOHASCVE_ID""]","[""label"", ""ucosummary""]",0,"[""CVE-2017-0144""]"
Relationship Traversal Queries,List vulnerabilities published in 2024 and their CVEs.,"MATCH (vuln:UcoVulnerability)-[:UCOHASCVE_ID]->(cve:UcoCVE) WHERE vuln.ucopublishedDateTime STARTS WITH '2024' RETURN vuln.ucosummary, cve.label",List vulnerabilities published in 2024 and their CVE IDs.,"[""UcoCVE"", ""UcoVulnerability""]","[""UCOHASCVE_ID""]","[""label"", ""ucopublishedDateTime"", ""ucosummary""]",0,"[""2024""]"
Relationship Traversal Queries,Find all vulnerabilities and their associated 'CRITICAL' CVEs.,"MATCH (vuln:UcoVulnerability)-[:UCOHASCVE_ID]->(cve:UcoCVE {ucobaseSeverity: 'CRITICAL'}) RETURN cve.label, vuln.ucosummary",Find all 'CRITICAL' CVEs and their vulnerability summaries.,"[""UcoCVE"", ""UcoVulnerability""]","[""UCOHASCVE_ID""]","[""label"", ""ucobaseSeverity"", ""ucosummary""]",0,"[""CRITICAL""]"
Relationship Traversal Queries,Show all vulnerability summaries and their CVE labels.,"MATCH (vuln:UcoVulnerability)-[:UCOHASCVE_ID]->(cve:UcoCVE) RETURN vuln.ucosummary, cve.label LIMIT 20",Show me 20 vulnerability summaries and their CVE IDs.,"[""UcoCVE"", ""UcoVulnerability""]","[""UCOHASCVE_ID""]","[""label"", ""ucosummary""]",0,[]
Relationship Traversal Queries,What vulnerabilities are associated with the exploit target 'Apache Log4j 2'?,MATCH (et:UcoExploitTarget {uri: 'example/target/log4j2'})-[:UCOHASVULNERABILITY]->(vuln:UcoVulnerability) RETURN vuln.ucosummary,What vulnerabilities are linked to the exploit target 'example/target/log4j2'?,"[""UcoExploitTarget"", ""UcoVulnerability""]","[""UCOHASVULNERABILITY""]","[""ucosummary"", ""uri""]",0,"[""example/target/log4j2""]"
Relationship Traversal Queries,Find exploit targets for the 'Log4Shell' vulnerability.,MATCH (et:UcoExploitTarget)-[:UCOHASVULNERABILITY]->(vuln:UcoVulnerability) WHERE vuln.ucosummary CONTAINS 'Log4Shell' RETURN et.uri,What exploit targets are associated with the 'Log4Shell' vulnerability?,"[""UcoExploitTarget"", ""UcoVulnerability""]","[""UCOHASVULNERABILITY""]","[""ucosummary"", ""uri""]",0,"[""Log4Shell""]"
Relationship Traversal Queries,List exploit targets for vulnerabilities published after '2023-01-01'.,"MATCH (et:UcoExploitTarget)-[:UCOHASVULNERABILITY]->(vuln:UcoVulnerability) WHERE vuln.ucopublishedDateTime > '2023-01-01T00:00:00' RETURN et.uri, vuln.ucosummary","List exploit targets for vulnerabilities published after January 1, 2023.","[""UcoExploitTarget"", ""UcoVulnerability""]","[""UCOHASVULNERABILITY""]","[""ucopublishedDateTime"", ""ucosummary"", ""uri""]",0,"[""2023-01-01T00:00:00""]"
Relationship Traversal Queries,Show all exploit targets that have at least one vulnerability.,MATCH (et:UcoExploitTarget)-[:UCOHASVULNERABILITY]->(vuln:UcoVulnerability) RETURN DISTINCT et.uri,Show all exploit targets that are linked to at least one vulnerability.,"[""UcoExploitTarget"", ""UcoVulnerability""]","[""UCOHASVULNERABILITY""]","[""uri""]",0,[]
Relationship Traversal Queries,What vulnerabilities exist for the 'Windows SMB' exploit target?,MATCH (et:UcoExploitTarget {uri: 'example/target/smb'})-[:UCOHASVULNERABILITY]->(vuln:UcoVulnerability) RETURN vuln.ucosummary,What vulnerabilities are linked to the 'example/target/smb' exploit target?,"[""UcoExploitTarget"", ""UcoVulnerability""]","[""UCOHASVULNERABILITY""]","[""ucosummary"", ""uri""]",0,"[""example/target/smb""]"
Relationship Traversal Queries,What weaknesses (CWEs) are associated with the 'Web Server' exploit target?,"MATCH (et:UcoExploitTarget {uri: 'example/target/webserver'})-[:UCOHASWEAKNESS]->(cwe:UcoCWE) RETURN cwe.ucocweID, cwe.ucocweName",What weaknesses (CWEs) are associated with the 'example/target/webserver' exploit target?,"[""UcoCWE"", ""UcoExploitTarget""]","[""UCOHASWEAKNESS""]","[""ucocweID"", ""ucocweName"", ""uri""]",0,"[""example/target/webserver""]"
Relationship Traversal Queries,Find exploit targets that are susceptible to 'CWE-89' (SQL Injection).,MATCH (et:UcoExploitTarget)-[:UCOHASWEAKNESS]->(cwe:UcoCWE {ucocweID: 'CWE-89'}) RETURN et.uri,Which exploit targets are vulnerable to 'CWE-89' (SQL Injection)?,"[""UcoCWE"", ""UcoExploitTarget""]","[""UCOHASWEAKNESS""]","[""ucocweID"", ""uri""]",0,"[""CWE-89""]"
Relationship Traversal Queries,List exploit targets for all 'Base' abstraction CWEs.,"MATCH (et:UcoExploitTarget)-[:UCOHASWEAKNESS]->(cwe:UcoCWE {ucoabstraction: 'Base'}) RETURN et.uri, cwe.ucocweName",List exploit targets that are vulnerable to 'Base' level weaknesses (CWEs).,"[""UcoCWE"", ""UcoExploitTarget""]","[""UCOHASWEAKNESS""]","[""ucoabstraction"", ""ucocweName"", ""uri""]",0,"[""Base""]"
Relationship Traversal Queries,Show all exploit targets and the names of the weaknesses they have.,"MATCH (et:UcoExploitTarget)-[:UCOHASWEAKNESS]->(cwe:UcoCWE) RETURN et.uri, cwe.ucocweName",Show all exploit targets and the weaknesses (CWEs) they are linked to.,"[""UcoCWE"", ""UcoExploitTarget""]","[""UCOHASWEAKNESS""]","[""ucocweName"", ""uri""]",0,[]
Relationship Traversal Queries,Find targets for 'Stable' CWEs.,"MATCH (et:UcoExploitTarget)-[:UCOHASWEAKNESS]->(cwe:UcoCWE {ucostatus: 'Stable'}) RETURN et.uri, cwe.ucocweName",Find exploit targets that are vulnerable to 'Stable' weaknesses (CWEs).,"[""UcoCWE"", ""UcoExploitTarget""]","[""UCOHASWEAKNESS""]","[""ucocweName"", ""ucostatus"", ""uri""]",0,"[""Stable""]"
Relationship Traversal Queries,What software was used in the 'SolarWinds Orion' campaign?,MATCH (c:UcoexCAMPAIGNS {ucoexNAME: 'SolarWinds Orion'})-[:UCOEXCAMPAIGNUSESSOFTWARE]->(s:UcoexSOFTWARE) RETURN s.ucoexNAME,What software was used in the 'SolarWinds Orion' campaign?,"[""UcoexCAMPAIGNS"", ""UcoexSOFTWARE""]","[""UCOEXCAMPAIGNUSESSOFTWARE""]","[""ucoexNAME""]",0,"[""SolarWinds Orion""]"
Relationship Traversal Queries,Which campaigns used 'Cobalt Strike'?,MATCH (c:UcoexCAMPAIGNS)-[:UCOEXCAMPAIGNUSESSOFTWARE]->(s:UcoexSOFTWARE {ucoexNAME: 'Cobalt Strike'}) RETURN c.ucoexNAME,Which campaigns used 'Cobalt Strike'?,"[""UcoexCAMPAIGNS"", ""UcoexSOFTWARE""]","[""UCOEXCAMPAIGNUSESSOFTWARE""]","[""ucoexNAME""]",0,"[""Cobalt Strike""]"
Relationship Traversal Queries,List campaigns that use 'powershell'.,MATCH (c:UcoexCAMPAIGNS)-[:UCOEXCAMPAIGNUSESSOFTWARE]->(s:UcoexSOFTWARE {ucoexNAME: 'powershell'}) RETURN c.ucoexNAME,Which campaigns used 'powershell'?,"[""UcoexCAMPAIGNS"", ""UcoexSOFTWARE""]","[""UCOEXCAMPAIGNUSESSOFTWARE""]","[""ucoexNAME""]",0,"[""powershell""]"
Relationship Traversal Queries,Show all 'Enterprise' domain campaigns and the software they leverage.,"MATCH (c:UcoexCAMPAIGNS {ucoexDOMAIN: 'Enterprise'})-[:UCOEXCAMPAIGNUSESSOFTWARE]->(s:UcoexSOFTWARE) RETURN c.ucoexNAME, s.ucoexNAME",List 'Enterprise' campaigns and the software they used.,"[""UcoexCAMPAIGNS"", ""UcoexSOFTWARE""]","[""UCOEXCAMPAIGNUSESSOFTWARE""]","[""ucoexDOMAIN"", ""ucoexNAME""]",0,"[""Enterprise""]"
Relationship Traversal Queries,Find software used in the 'WannaCry' campaign.,MATCH (c:UcoexCAMPAIGNS {ucoexNAME: 'WannaCry'})-[:UCOEXCAMPAIGNUSESSOFTWARE]->(s:UcoexSOFTWARE) RETURN s.ucoexNAME,What software was used in the 'WannaCry' campaign?,"[""UcoexCAMPAIGNS"", ""UcoexSOFTWARE""]","[""UCOEXCAMPAIGNUSESSOFTWARE""]","[""ucoexNAME""]",0,"[""WannaCry""]"
Relationship Traversal Queries,Which campaigns use the 'Phishing' technique?,MATCH (c:UcoexCAMPAIGNS)-[:UCOEXCAMPAIGNUSESTECHNIQUE]->(t:UcoexMITREATTACK {ucoexNAME: 'Phishing'}) RETURN c.ucoexNAME,Which campaigns used the 'Phishing' technique?,"[""UcoexCAMPAIGNS"", ""UcoexMITREATTACK""]","[""UCOEXCAMPAIGNUSESTECHNIQUE""]","[""ucoexNAME""]",0,"[""Phishing""]"
Relationship Traversal Queries,List all 'Enterprise' domain campaigns and their associated techniques.,"MATCH (c:UcoexCAMPAIGNS {ucoexDOMAIN: 'Enterprise'})-[:UCOEXCAMPAIGNUSESTECHNIQUE]->(t:UcoexMITREATTACK) RETURN c.ucoexNAME, t.ucoexNAME",List 'Enterprise' campaigns and the techniques they used.,"[""UcoexCAMPAIGNS"", ""UcoexMITREATTACK""]","[""UCOEXCAMPAIGNUSESTECHNIQUE""]","[""ucoexDOMAIN"", ""ucoexNAME""]",0,"[""Enterprise""]"
Relationship Traversal Queries,What software does 'APT28' use?,MATCH (g:UcoexGROUPS {ucoexNAME: 'APT28'})-[:UCOEXGROUPUSESSOFTWARE]->(s:UcoexSOFTWARE) RETURN s.ucoexNAME,What software does the 'APT28' group use?,"[""UcoexGROUPS"", ""UcoexSOFTWARE""]","[""UCOEXGROUPUSESSOFTWARE""]","[""ucoexNAME""]",0,"[""APT28""]"
Relationship Traversal Queries,Which groups use 'Mimikatz'?,MATCH (g:UcoexGROUPS)-[:UCOEXGROUPUSESSOFTWARE]->(s:UcoexSOFTWARE {ucoexNAME: 'Mimikatz'}) RETURN g.ucoexNAME,Which groups use 'Mimikatz'?,"[""UcoexGROUPS"", ""UcoexSOFTWARE""]","[""UCOEXGROUPUSESSOFTWARE""]","[""ucoexNAME""]",0,"[""Mimikatz""]"
Relationship Traversal Queries,List all groups and the software they are known to use.,"MATCH (g:UcoexGROUPS)-[:UCOEXGROUPUSESSOFTWARE]->(s:UcoexSOFTWARE) RETURN g.ucoexNAME, s.ucoexNAME",List all groups and the software they use.,"[""UcoexGROUPS"", ""UcoexSOFTWARE""]","[""UCOEXGROUPUSESSOFTWARE""]","[""ucoexNAME""]",0,[]
Relationship Traversal Queries,Find groups that use 'netcat'.,MATCH (g:UcoexGROUPS)-[:UCOEXGROUPUSESSOFTWARE]->(s:UcoexSOFTWARE {ucoexNAME: 'netcat'}) RETURN g.ucoexNAME,Which groups use 'netcat'?,"[""UcoexGROUPS"", ""UcoexSOFTWARE""]","[""UCOEXGROUPUSESSOFTWARE""]","[""ucoexNAME""]",0,"[""netcat""]"
Relationship Traversal Queries,List all software (by name) used by 'FIN7'.,MATCH (g:UcoexGROUPS {ucoexNAME: 'FIN7'})-[:UCOEXGROUPUSESSOFTWARE]->(s:UcoexSOFTWARE) RETURN s.ucoexNAME,What software does the 'FIN7' group use?,"[""UcoexGROUPS"", ""UcoexSOFTWARE""]","[""UCOEXGROUPUSESSOFTWARE""]","[""ucoexNAME""]",0,"[""FIN7""]"
Multi-hop Queries,Find mitigations for techniques used by 'APT28'.,"MATCH (g:UcoexGROUPS {ucoexNAME: 'APT28'})-[:UCOEXGROUPUSESTECHNIQUE]->(t:UcoexMITREATTACK)<-[:UCOEXMITIGATES]-(m:UcoexMITIGATIONS) RETURN m.ucoexNAME, t.ucoexNAME",What are the prescribed mitigations for TTPs employed by APT28?,"[""UcoexGROUPS"", ""UcoexMITIGATIONS"", ""UcoexMITREATTACK""]","[""UCOEXGROUPUSESTECHNIQUE"", ""UCOEXMITIGATES""]","[""ucoexNAME""]",0,"[""APT28""]"
Multi-hop Queries,What other techniques are used by the group responsible for the 'WannaCry' campaign?,"MATCH (c:UcoexCAMPAIGNS {ucoexNAME: 'WannaCry'})-[:UCOEXATTRIBUTEDTO]->(g:UcoexGROUPS)-[:UCOEXGROUPUSESTECHNIQUE]->(t:UcoexMITREATTACK) RETURN g.ucoexNAME, t.ucoexNAME",Identify the threat group behind 'WannaCry' and list their known TTPs.,"[""UcoexCAMPAIGNS"", ""UcoexGROUPS"", ""UcoexMITREATTACK""]","[""UCOEXATTRIBUTEDTO"", ""UCOEXGROUPUSESTECHNIQUE""]","[""ucoexNAME""]",0,"[""WannaCry""]"
Multi-hop Queries,What specific software (CPEs) are affected by 'CVE-2023-1234'?,MATCH (c:UcoCVE {label: 'CVE-2023-1234'})-[:UCOEXHASCPE]->(p:UcoexCPE) RETURN p.cpeName,Which CPEs are affected by CVE-2023-1234?,"[""UcoCVE"", ""UcoexCPE""]","[""UCOEXHASCPE""]","[""cpeName"", ""label""]",0,"[""CVE-2023-1234""]"
Multi-hop Queries,What weaknesses (CWEs) are associated with real-world examples observed in 'CVE-2024-0001'?,"MATCH (c:UcoCVE {label: 'CVE-2024-0001'})<-[:UCOEXEXAMPLEOBSERVEDIN]-(o:UcoexObservedExample)<-[:UCOHASOBSERVEDEXAMPLE]-(w:UcoCWE) RETURN w.ucocweID, w.ucocweName",What CWEs have observed examples linked to CVE-2024-0001?,"[""UcoCVE"", ""UcoCWE"", ""UcoexObservedExample""]","[""UCOEXEXAMPLEOBSERVEDIN"", ""UCOHASOBSERVEDEXAMPLE""]","[""label"", ""ucocweID"", ""ucocweName""]",0,"[""CVE-2024-0001""]"
Multi-hop Queries,Which threat groups use techniques that are also employed by the 'Cobalt Strike' software?,MATCH (s:UcoexSOFTWARE {ucoexNAME: 'Cobalt Strike'})-[:UCOEXSOFTWAREUSESTECHNIQUE]->(t:UcoexMITREATTACK)<-[:UCOEXGROUPUSESTECHNIQUE]-(g:UcoexGROUPS) RETURN DISTINCT g.ucoexNAME,Which threat groups utilize TTPs associated with 'Cobalt Strike'?,"[""UcoexGROUPS"", ""UcoexMITREATTACK"", ""UcoexSOFTWARE""]","[""UCOEXGROUPUSESTECHNIQUE"", ""UCOEXSOFTWAREUSESTECHNIQUE""]","[""ucoexNAME""]",0,"[""Cobalt Strike""]"
Multi-hop Queries,What exploit targets are vulnerable to weaknesses related to the 'SQL Injection' (CAPEC-66) attack pattern?,MATCH (ca:UcoexCAPEC {ucoexCAPEC_id: '66'})-[:UCOEXHASRELATEDWEAKNESS]->(cw:UcoCWE)<-[:UCOHASWEAKNESS]-(et:UcoExploitTarget) RETURN et.uri,What exploit targets are vulnerable to CWEs related to CAPEC-66 (SQL Injection)?,"[""UcoCWE"", ""UcoExploitTarget"", ""UcoexCAPEC""]","[""UCOEXHASRELATEDWEAKNESS"", ""UCOHASWEAKNESS""]","[""ucoexCAPEC_id"", ""uri""]",0,"[""66""]"
Multi-hop Queries,What software uses ATT&CK techniques that are countered by the D3FEND technique 'Decoy File'?,MATCH (d:UcoexMITRED3FEND {ucoexMITRED3FEND_LABEL: 'Decoy File'})-[:UCOEXHASMITREATTACK]->(t:UcoexMITREATTACK)<-[:UCOEXSOFTWAREUSESTECHNIQUE]-(s:UcoexSOFTWARE) RETURN s.ucoexNAME,What software employs techniques that are countered by the 'Decoy File' D3FEND mitigation?,"[""UcoexMITREATTACK"", ""UcoexMITRED3FEND"", ""UcoexSOFTWARE""]","[""UCOEXHASMITREATTACK"", ""UCOEXSOFTWAREUSESTECHNIQUE""]","[""ucoexMITRED3FEND_LABEL"", ""ucoexNAME""]",0,"[""Decoy File""]"
Multi-hop Queries,Find campaigns that use the same software as the 'Lazarus Group'.,MATCH (g:UcoexGROUPS {ucoexNAME: 'Lazarus Group'})-[:UCOEXGROUPUSESSOFTWARE]->(s:UcoexSOFTWARE)<-[:UCOEXCAMPAIGNUSESSOFTWARE]-(c:UcoexCAMPAIGNS) RETURN DISTINCT c.ucoexNAME,Identify campaigns that share tooling with 'Lazarus Group'.,"[""UcoexCAMPAIGNS"", ""UcoexGROUPS"", ""UcoexSOFTWARE""]","[""UCOEXCAMPAIGNUSESSOFTWARE"", ""UCOEXGROUPUSESSOFTWARE""]","[""ucoexNAME""]",0,"[""Lazarus Group""]"
Multi-hop Queries,Show mitigations for ATT&CK techniques associated with CAPEC ID '125' (Flooding).,MATCH (ca:UcoexCAPEC {ucoexCAPEC_id: '125'})-[:UCOEXHASTAXONOMYMAPPING]->(t:UcoexMITREATTACK)<-[:UCOEXMITIGATES]-(m:UcoexMITIGATIONS) RETURN m.ucoexNAME,What mitigations map to the ATT&CK TTPs for CAPEC-125 (Flooding)?,"[""UcoexCAPEC"", ""UcoexMITIGATIONS"", ""UcoexMITREATTACK""]","[""UCOEXHASTAXONOMYMAPPING"", ""UCOEXMITIGATES""]","[""ucoexCAPEC_id"", ""ucoexNAME""]",0,"[""125""]"
Multi-hop Queries,List all products (CPEs) affected by vulnerabilities published after '2024-01-01'.,"MATCH (v:UcoVulnerability)-[:UCOHASCVE_ID]->(c:UcoCVE)-[:UCOEXHASCPE]->(p:UcoexCPE) WHERE v.ucopublishedDateTime > '2024-01-01T00:00:00' RETURN p.cpeName, c.label",List all CPEs affected by vulnerabilities published since 2024-01-01.,"[""UcoCVE"", ""UcoVulnerability"", ""UcoexCPE""]","[""UCOEXHASCPE"", ""UCOHASCVE_ID""]","[""cpeName"", ""label"", ""ucopublishedDateTime""]",0,"[""2024-01-01T00:00:00""]"
Multi-hop Queries,What techniques are used in campaigns attributed to 'APT29'?,"MATCH (g:UcoexGROUPS {ucoexNAME: 'APT29'})<-[:UCOEXATTRIBUTEDTO]-(c:UcoexCAMPAIGNS)-[:UCOEXCAMPAIGNUSESTECHNIQUE]->(t:UcoexMITREATTACK) RETURN c.ucoexNAME, t.ucoexNAME",What TTPs are observed in campaigns attributed to APT29?,"[""UcoexCAMPAIGNS"", ""UcoexGROUPS"", ""UcoexMITREATTACK""]","[""UCOEXATTRIBUTEDTO"", ""UCOEXCAMPAIGNUSESTECHNIQUE""]","[""ucoexNAME""]",0,"[""APT29""]"
Multi-hop Queries,"For CWE-79 (Cross-site Scripting), find all related CAPEC attack patterns and their corresponding MITRE ATT&CK techniques.","MATCH (w:UcoCWE {ucocweID: 'CWE-79'})<-[:UCOEXHASRELATEDWEAKNESS]-(ca:UcoexCAPEC)-[:UCOEXHASTAXONOMYMAPPING]->(t:UcoexMITREATTACK) RETURN ca.ucoexCAPEC_name, t.ucoexNAME",Map CWE-79 to its related CAPEC patterns and their corresponding ATT&CK TTPs.,"[""UcoCWE"", ""UcoexCAPEC"", ""UcoexMITREATTACK""]","[""UCOEXHASRELATEDWEAKNESS"", ""UCOEXHASTAXONOMYMAPPING""]","[""ucocweID"", ""ucoexCAPEC_name"", ""ucoexNAME""]",0,"[""CWE-79""]"
Multi-hop Queries,Find all 'CRITICAL' severity CVEs associated with 'WebServer' exploit targets.,MATCH (et:UcoExploitTarget {uri: 'WebServer'})-[:UCOHASVULNERABILITY]->(v:UcoVulnerability)-[:UCOHASCVE_ID]->(c:UcoCVE {ucobaseSeverity: 'CRITICAL'}) RETURN c.label,List critical CVEs associated with the 'WebServer' exploit target.,"[""UcoCVE"", ""UcoExploitTarget"", ""UcoVulnerability""]","[""UCOHASCVE_ID"", ""UCOHASVULNERABILITY""]","[""label"", ""ucobaseSeverity"", ""uri""]",0,"[""CRITICAL"", ""WebServer""]"
Multi-hop Queries,What software tools implement attack techniques used by the 'Sandworm Team'?,MATCH (g:UcoexGROUPS {ucoexNAME: 'Sandworm Team'})-[:UCOEXGROUPUSESTECHNIQUE]->(t:UcoexMITREATTACK)<-[:UCOEXSOFTWAREUSESTECHNIQUE]-(s:UcoexSOFTWARE) RETURN DISTINCT s.ucoexNAME,What software tools implement TTPs used by 'Sandworm Team'?,"[""UcoexGROUPS"", ""UcoexMITREATTACK"", ""UcoexSOFTWARE""]","[""UCOEXGROUPUSESTECHNIQUE"", ""UCOEXSOFTWAREUSESTECHNIQUE""]","[""ucoexNAME""]",0,"[""Sandworm Team""]"
Multi-hop Queries,Find attack patterns (CAPEC) related to weaknesses (CWE) that have observed examples in 'CVE-2021-44228' (Log4Shell).,"MATCH (c:UcoCVE {label: 'CVE-2021-44228'})<-[:UCOEXEXAMPLEOBSERVEDIN]-(o:UcoexObservedExample)<-[:UCOHASOBSERVEDEXAMPLE]-(w:UcoCWE)<-[:UCOEXHASRELATEDWEAKNESS]-(ca:UcoexCAPEC) RETURN w.ucocweID, ca.ucoexCAPEC_name",Identify CAPEC patterns related to the root-cause CWEs for CVE-2021-44228.,"[""UcoCVE"", ""UcoCWE"", ""UcoexCAPEC"", ""UcoexObservedExample""]","[""UCOEXEXAMPLEOBSERVEDIN"", ""UCOEXHASRELATEDWEAKNESS"", ""UCOHASOBSERVEDEXAMPLE""]","[""label"", ""ucocweID"", ""ucoexCAPEC_name""]",0,"[""CVE-2021-44228""]"
Aggregation and Counting,How many distinct ATT&CK techniques does each threat group use?,"MATCH (g:UcoexGROUPS)-[:UCOEXGROUPUSESTECHNIQUE]->(t:UcoexMITREATTACK) RETURN g.ucoexNAME, count(DISTINCT t) AS techniqueCount ORDER BY techniqueCount DESC","Provide a count of distinct ATT&CK techniques per threat group, ordered descending.","[""UcoexGROUPS"", ""UcoexMITREATTACK""]","[""UCOEXGROUPUSESTECHNIQUE""]","[""ucoexNAME""]",0,[]
Aggregation and Counting,List all software products (CPEs) and the total number of CVEs affecting them.,"MATCH (c:UcoCVE)-[:UCOEXHASCPE]->(p:UcoexCPE) RETURN p.cpeName, count(c) AS cveCount ORDER BY cveCount DESC","List all CPEs by their total associated CVE count, descending.","[""UcoCVE"", ""UcoexCPE""]","[""UCOEXHASCPE""]","[""cpeName""]",0,[]
Aggregation and Counting,How many different software tools are used in each campaign?,"MATCH (c:UcoexCAMPAIGNS)-[:UCOEXCAMPAIGNUSESSOFTWARE]->(s:UcoexSOFTWARE) RETURN c.ucoexNAME, count(s) AS softwareCount",How many distinct software tools are associated with each campaign?,"[""UcoexCAMPAIGNS"", ""UcoexSOFTWARE""]","[""UCOEXCAMPAIGNUSESSOFTWARE""]","[""ucoexNAME""]",0,[]
Aggregation and Counting,What is the average exploitability score for 'HIGH' severity CVEs?,MATCH (c:UcoCVE {ucobaseSeverity: 'HIGH'}) RETURN avg(toFloat(c.ucoexploitabilityScore)) AS avgExploitability,What is the average exploitability score for 'HIGH' severity CVEs?,"[""UcoCVE""]",[],"[""ucobaseSeverity"", ""ucoexploitabilityScore""]",0,"[""HIGH""]"
Aggregation and Counting,Which ATT&CK techniques are used by the most threat groups? List the top 5.,"MATCH (g:UcoexGROUPS)-[:UCOEXGROUPUSESTECHNIQUE]->(t:UcoexMITREATTACK) RETURN t.ucoexNAME, count(g) AS groupCount ORDER BY groupCount DESC LIMIT 5",Identify the top 5 ATT&CK techniques most commonly leveraged by threat groups.,"[""UcoexGROUPS"", ""UcoexMITREATTACK""]","[""UCOEXGROUPUSESTECHNIQUE""]","[""ucoexNAME""]",0,[]
Aggregation and Counting,How many related weaknesses (CWEs) does each 'High' severity CAPEC pattern have?,"MATCH (ca:UcoexCAPEC {ucoexSeverity: 'High'})-[:UCOEXHASRELATEDWEAKNESS]->(w:UcoCWE) RETURN ca.ucoexCAPEC_name, count(w) AS weaknessCount",Provide a count of related CWEs for each 'High' severity CAPEC pattern.,"[""UcoCWE"", ""UcoexCAPEC""]","[""UCOEXHASRELATEDWEAKNESS""]","[""ucoexCAPEC_name"", ""ucoexSeverity""]",0,"[""High""]"
Aggregation and Counting,Show the top 10 ATT&CK techniques with the most available mitigations.,"MATCH (m:UcoexMITIGATIONS)-[:UCOEXMITIGATES]->(t:UcoexMITREATTACK) RETURN t.ucoexNAME, count(m) AS mitigationCount ORDER BY mitigationCount DESC LIMIT 10",Which 10 ATT&CK techniques have the highest number of associated mitigations?,"[""UcoexMITIGATIONS"", ""UcoexMITREATTACK""]","[""UCOEXMITIGATES""]","[""ucoexNAME""]",0,[]
Aggregation and Counting,"Give me a breakdown of all CVEs by their vulnerability status (e.g., 'Analyzed', 'Modified').","MATCH (c:UcoCVE) RETURN c.ucovulnStatus, count(c) AS statusCount",Generate a count of all CVEs aggregated by their vulnerability status.,"[""UcoCVE""]",[],"[""ucovulnStatus""]",0,[]
Aggregation and Counting,Which CPE (product) has the most 'HIGH' severity CVEs?,"MATCH (c:UcoCVE {ucobaseSeverity: 'HIGH'})-[:UCOEXHASCPE]->(p:UcoexCPE) RETURN p.cpeName, count(c) AS highSeverityCount ORDER BY highSeverityCount DESC LIMIT 1",Which single CPE has the most 'HIGH' severity CVEs?,"[""UcoCVE"", ""UcoexCPE""]","[""UCOEXHASCPE""]","[""cpeName"", ""ucobaseSeverity""]",0,"[""HIGH""]"
Aggregation and Counting,List all campaigns and the number of ATT&CK techniques they employ.,"MATCH (c:UcoexCAMPAIGNS)-[:UCOEXCAMPAIGNUSESTECHNIQUE]->(t:UcoexMITREATTACK) RETURN c.ucoexNAME, count(t) AS techniqueCount",List all campaigns and their associated ATT&CK technique count.,"[""UcoexCAMPAIGNS"", ""UcoexMITREATTACK""]","[""UCOEXCAMPAIGNUSESTECHNIQUE""]","[""ucoexNAME""]",0,[]
Aggregation and Counting,List all unique software names used by 'APT28'.,MATCH (g:UcoexGROUPS {ucoexNAME: 'APT28'})-[:UCOEXGROUPUSESSOFTWARE]->(s:UcoexSOFTWARE) RETURN collect(DISTINCT s.ucoexNAME) AS softwareTools,Enumerate the unique software tools in APT28's arsenal.,"[""UcoexGROUPS"", ""UcoexSOFTWARE""]","[""UCOEXGROUPUSESSOFTWARE""]","[""ucoexNAME""]",0,"[""APT28""]"
Aggregation and Counting,How many observed examples are there for 'Pillar' abstraction CWEs?,MATCH (w:UcoCWE {ucoabstraction: 'Pillar'})-[:UCOHASOBSERVEDEXAMPLE]->(o:UcoexObservedExample) RETURN count(o) AS exampleCount,How many observed examples are linked to 'Pillar' abstraction CWEs?,"[""UcoCWE"", ""UcoexObservedExample""]","[""UCOHASOBSERVEDEXAMPLE""]","[""ucoabstraction""]",0,"[""Pillar""]"
Aggregation and Counting,What is the maximum impact score for a CVE that requires user interaction?,MATCH (c:UcoCVE {ucouserInteractionRequired: 'true'}) RETURN max(toFloat(c.ucoimpactScore)) AS maxImpactScore,What is the maximum impact score for CVEs requiring user interaction?,"[""UcoCVE""]",[],"[""ucoimpactScore"", ""ucouserInteractionRequired""]",0,"[""true""]"
Aggregation and Counting,How many CAPEC attack patterns exist for each 'likelihood of attack' category?,"MATCH (ca:UcoexCAPEC) RETURN ca.ucoexLikelihood, count(ca) AS patternCount",Provide a breakdown of CAPEC pattern counts by their likelihood of attack.,"[""UcoexCAPEC""]",[],"[""ucoexLikelihood""]",0,[]
Aggregation and Counting,Count the number of related CWEs for all CAPEC patterns with 'Low' severity.,MATCH (ca:UcoexCAPEC {ucoexSeverity: 'Low'})-[:UCOEXHASRELATEDWEAKNESS]->(w:UcoCWE) RETURN count(w) AS totalRelatedWeaknesses,What is the total count of related CWEs for all 'Low' severity CAPEC patterns?,"[""UcoCWE"", ""UcoexCAPEC""]","[""UCOEXHASRELATEDWEAKNESS""]","[""ucoexSeverity""]",0,"[""Low""]"
Conditional and Boolean Queries,Find 'CRITICAL' CVEs that allow full privilege escalation AND do NOT require user interaction.,"MATCH (c:UcoCVE {ucobaseSeverity: 'CRITICAL', ucoobtainAllPrivilege: 'true', ucouserInteractionRequired: 'false'}) RETURN c.label","Identify critical, full-privilege-escalation CVEs that require no user interaction.","[""UcoCVE""]",[],"[""label"", ""ucobaseSeverity""]",0,"[""CRITICAL"", ""false"", ""true""]"
Conditional and Boolean Queries,Which threat groups use either 'Phishing' OR 'Drive-by Compromise' techniques?,MATCH (g:UcoexGROUPS)-[:UCOEXGROUPUSESTECHNIQUE]->(t:UcoexMITREATTACK) WHERE t.ucoexNAME = 'Phishing' OR t.ucoexNAME = 'Drive-by Compromise' RETURN DISTINCT g.ucoexNAME,Which threat groups are known to use 'Phishing' or 'Drive-by Compromise'?,"[""UcoexGROUPS"", ""UcoexMITREATTACK""]","[""UCOEXGROUPUSESTECHNIQUE""]","[""ucoexNAME""]",0,"[""Drive-by Compromise"", ""Phishing""]"
Conditional and Boolean Queries,Find all 'Base' abstraction CWEs whose description contains 'buffer' AND have a 'Stable' status.,"MATCH (w:UcoCWE {ucoabstraction: 'Base', ucostatus: 'Stable'}) WHERE w.ucodescription CONTAINS 'buffer' RETURN w.ucocweID, w.ucocweName","Find all 'Base' level, 'Stable' CWEs with descriptions containing the term 'buffer'.","[""UcoCWE""]",[],"[""ucoabstraction"", ""ucocweID"", ""ucocweName"", ""ucodescription""]",0,"[""Base"", ""Stable"", ""buffer""]"
Conditional and Boolean Queries,What software is used by 'Lazarus Group' AND was also used in the 'WannaCry' campaign?,MATCH (g:UcoexGROUPS {ucoexNAME: 'Lazarus Group'})-[:UCOEXGROUPUSESSOFTWARE]->(s:UcoexSOFTWARE)<-[:UCOEXCAMPAIGNUSESSOFTWARE]-(c:UcoexCAMPAIGNS {ucoexNAME: 'WannaCry'}) RETURN s.ucoexNAME,What software is common to both 'Lazarus Group' and the 'WannaCry' campaign?,"[""UcoexCAMPAIGNS"", ""UcoexGROUPS"", ""UcoexSOFTWARE""]","[""UCOEXCAMPAIGNUSESSOFTWARE"", ""UCOEXGROUPUSESSOFTWARE""]","[""ucoexNAME""]",0,"[""Lazarus Group"", ""WannaCry""]"
Conditional and Boolean Queries,Show me all CVEs with an impact score above 9.0 but an exploitability score below 3.0.,"MATCH (c:UcoCVE) WHERE toFloat(c.ucoimpactScore) > 9.0 AND toFloat(c.ucoexploitabilityScore) < 3.0 RETURN c.label, c.ucoimpactScore, c.ucoexploitabilityScore",List CVEs with an impact score over 9.0 but an exploitability score under 3.0.,"[""UcoCVE""]",[],"[""0"", ""label"", ""ucoexploitabilityScore"", ""ucoimpactScore""]",0,"[""3.0"", ""9.0""]"
Conditional and Boolean Queries,List vulnerabilities published in 2023.,"MATCH (v:UcoVulnerability) WHERE v.ucopublishedDateTime >= '2023-01-01T00:00:00' AND v.ucopublishedDateTime < '2024-01-01T00:00:00' RETURN v.uri, v.ucopublishedDateTime",Retrieve all vulnerabilities published during the 2023 calendar year.,"[""UcoVulnerability""]",[],"[""ucopublishedDateTime"", ""uri""]",0,"[""2023-01-01T00:00:00"", ""2024-01-01T00:00:00""]"
Conditional and Boolean Queries,Find CAPEC patterns that require 'High' skill level AND have 'High' severity.,MATCH (ca:UcoexCAPEC {ucoexSeverity: 'High'}) WHERE ANY(skill IN ca.ucoexSkills_Required WHERE skill CONTAINS 'Level:High') RETURN ca.ucoexCAPEC_name,Identify 'High' severity CAPEC patterns that also require a 'High' skill level to execute.,"[""UcoexCAPEC""]",[],"[""ucoexCAPEC_name"", ""ucoexSeverity"", ""ucoexSkills_Required""]",0,"[""High"", ""Level:High""]"
Conditional and Boolean Queries,What ATT&CK techniques are used by 'APT28' but NOT by 'APT29'?,MATCH (g1:UcoexGROUPS {ucoexNAME: 'APT28'})-[:UCOEXGROUPUSESTECHNIQUE]->(t:UcoexMITREATTACK) WHERE NOT EXISTS { (g2:UcoexGROUPS {ucoexNAME: 'APT29'})-[:UCOEXGROUPUSESTECHNIQUE]->(t) } RETURN t.ucoexNAME,What TTPs are unique to APT28 when compared to APT29?,"[""UcoexGROUPS"", ""UcoexMITREATTACK""]","[""UCOEXGROUPUSESTECHNIQUE""]","[""ucoexNAME""]",0,"[""APT28"", ""APT29""]"
Conditional and Boolean Queries,Pull all CVEs that are either 'Analyzed' or 'Modified' and have a 'HIGH' severity.,"MATCH (c:UcoCVE {ucobaseSeverity: 'HIGH'}) WHERE c.ucovulnStatus = 'Analyzed' OR c.ucovulnStatus = 'Modified' RETURN c.label, c.ucovulnStatus",Pull all 'HIGH' severity CVEs with a status of 'Analyzed' or 'Modified'.,"[""UcoCVE""]",[],"[""label"", ""ucobaseSeverity"", ""ucovulnStatus""]",0,"[""Analyzed"", ""HIGH"", ""Modified""]"
Conditional and Boolean Queries,Find all CPEs that are related to 'windows' or 'linux' products.,"MATCH (p:UcoexCPE) WHERE p.titles CONTAINS 'windows' OR p.titles CONTAINS 'linux' RETURN p.cpeName, p.titles",List CPEs related to 'windows' or 'linux' based on their title fields.,"[""UcoexCPE""]",[],"[""cpeName"", ""titles""]",0,"[""linux"", ""windows""]"
Conditional and Boolean Queries,Find techniques used by 'Sandworm Team' for which mitigations exist.,MATCH (g:UcoexGROUPS {ucoexNAME: 'Sandworm Team'})-[:UCOEXGROUPUSESTECHNIQUE]->(t:UcoexMITREATTACK)<-[:UCOEXMITIGATES]-(m:UcoexMITIGATIONS) RETURN DISTINCT t.ucoexNAME,What techniques used by 'Sandworm Team' have documented mitigations?,"[""UcoexGROUPS"", ""UcoexMITIGATIONS"", ""UcoexMITREATTACK""]","[""UCOEXGROUPUSESTECHNIQUE"", ""UCOEXMITIGATES""]","[""ucoexNAME""]",0,"[""Sandworm Team""]"
Conditional and Boolean Queries,Find weaknesses (CWEs) that mention 'SQL injection' in either their summary or description.,"MATCH (w:UcoCWE) WHERE w.ucocweSummary CONTAINS 'SQL injection' OR w.ucodescription CONTAINS 'SQL injection' RETURN w.ucocweID, w.ucocweName",Query all CWEs where the summary or description text contains 'SQL injection'.,"[""UcoCWE""]",[],"[""ucocweID"", ""ucocweName"", ""ucocweSummary"", ""ucodescription""]",0,"[""SQL injection""]"
Conditional and Boolean Queries,List all campaigns that are NOT attributed to any known threat group.,MATCH (c:UcoexCAMPAIGNS) WHERE NOT (c)-[:UCOEXATTRIBUTEDTO]->(:UcoexGROUPS) RETURN c.ucoexNAME,List all campaigns that are not currently attributed to a known threat group.,"[""UcoexCAMPAIGNS"", ""UcoexGROUPS""]","[""UCOEXATTRIBUTEDTO""]","[""ucoexNAME""]",0,[]
Conditional and Boolean Queries,Are there any 'High' severity CAPEC patterns that have a 'Low' likelihood of attack?,"MATCH (ca:UcoexCAPEC {ucoexSeverity: 'High', ucoexLikelihood: 'Low'}) RETURN ca.ucoexCAPEC_name",Are there any 'High' severity CAPEC patterns with a 'Low' likelihood of attack?,"[""UcoexCAPEC""]",[],"[""ucoexCAPEC_name"", ""ucoexSeverity""]",0,"[""High"", ""Low""]"
Conditional and Boolean Queries,Show 'MEDIUM' severity CVEs with an impact score over 7.0 that DO require user interaction.,"MATCH (c:UcoCVE {ucobaseSeverity: 'MEDIUM', ucouserInteractionRequired: 'true'}) WHERE toFloat(c.ucoimpactScore) > 7.0 RETURN c.label",Identify 'MEDIUM' severity CVEs with an impact score over 7.0 that require user interaction.,"[""UcoCVE""]",[],"[""0"", ""label"", ""ucobaseSeverity"", ""ucoimpactScore""]",0,"[""7.0"", ""MEDIUM"", ""true""]"
Path Queries (Variable-length),Show the relationship path (up to 3 hops) between 'Phishing' and 'Data Exfiltration' techniques.,MATCH p = (t1:UcoexMITREATTACK {ucoexNAME: 'Phishing'})-[*..3]-(t2:UcoexMITREATTACK {ucoexNAME: 'Data Exfiltration'}) RETURN p,"Show relationship paths, up to 3 hops, between 'Phishing' and 'Data Exfiltration' TTPs.","[""UcoexMITREATTACK""]",[],"[""ucoexNAME""]",0,"[""Data Exfiltration"", ""Phishing""]"
Path Queries (Variable-length),What is the shortest path (up to 4 hops) connecting 'APT28' to 'CVE-2021-44228'?,MATCH p = allShortestPaths((g:UcoexGROUPS {ucoexNAME: 'APT28'})-[*..4]-(c:UcoCVE {label: 'CVE-2021-44228'})) RETURN p,"What are the shortest paths, max 4 hops, connecting 'APT28' to 'CVE-2021-44228'?","[""UcoCVE"", ""UcoexGROUPS""]",[],"[""label"", ""ucoexNAME""]",0,"[""APT28"", ""CVE-2021-44228""]"
Path Queries (Variable-length),Find all paths (up to 5 hops) from the 'Lazarus Group' to any 'CRITICAL' severity CVE.,MATCH p = (g:UcoexGROUPS {ucoexNAME: 'Lazarus Group'})-[*..5]-(c:UcoCVE {ucobaseSeverity: 'CRITICAL'}) RETURN p LIMIT 10,"Find 10 paths, up to 5 hops, from 'Lazarus Group' to any 'CRITICAL' severity CVE.","[""UcoCVE"", ""UcoexGROUPS""]",[],"[""ucobaseSeverity"", ""ucoexNAME""]",0,"[""CRITICAL"", ""Lazarus Group""]"
Path Queries (Variable-length),Show me how 'User Account Control' (a mitigation) is related (max 4 hops) to 'Cobalt Strike' (software).,MATCH p = (m:UcoexMITIGATIONS {ucoexNAME: 'User Account Control'})-[*..4]-(s:UcoexSOFTWARE {ucoexNAME: 'Cobalt Strike'}) RETURN p,Show the relationship path (max 4 hops) between the 'User Account Control' mitigation and 'Cobalt Strike' software.,"[""UcoexMITIGATIONS"", ""UcoexSOFTWARE""]",[],"[""ucoexNAME""]",0,"[""Cobalt Strike"", ""User Account Control""]"
Path Queries (Variable-length),Find all weaknesses (CWEs) that are 1 to 3 hops away from CAPEC-100 ('SQL Injection').,MATCH p = (ca:UcoexCAPEC {ucoexCAPEC_id: '100'})-[*1..3]-(w:UcoCWE) RETURN p,Show all CWEs within 3 hops of CAPEC-100 (SQL Injection).,"[""UcoCWE"", ""UcoexCAPEC""]",[],"[""ucoexCAPEC_id""]",0,"[""100""]"
Path Queries (Variable-length),How are 'APT28' and 'Lazarus Group' connected (up to 3 hops)? Do they share tools or techniques?,MATCH p = (g1:UcoexGROUPS {ucoexNAME: 'APT28'})-[*..3]-(g2:UcoexGROUPS {ucoexNAME: 'Lazarus Group'}) RETURN p,What are the shared relationships (up to 3 hops) between APT28 and Lazarus Group?,"[""UcoexGROUPS""]",[],"[""ucoexNAME""]",0,"[""APT28"", ""Lazarus Group""]"
Path Queries (Variable-length),Show the shortest path (up to 4 hops) from 'microsoft:windows_10' (CPE) to the 'Sandworm Team' group.,MATCH p = allShortestPaths((c:UcoexCPE {cpeName: 'microsoft:windows_10'})-[*..4]-(g:UcoexGROUPS {ucoexNAME: 'Sandworm Team'})) RETURN p,Find the shortest attack path (max 4 hops) from 'microsoft:windows_10' to 'Sandworm Team'.,"[""UcoexCPE"", ""UcoexGROUPS""]",[],"[""cpeName"", ""ucoexNAME""]",0,"[""Sandworm Team"", ""microsoft:windows_10""]"
Path Queries (Variable-length),Show all nodes within 2 hops of the mitigation 'Access Token Manipulation'.,MATCH p = (m:UcoexMITIGATIONS {ucoexNAME: 'Access Token Manipulation'})-[*1..2]-(n) RETURN p,Show the 2-hop neighborhood for the 'Access Token Manipulation' mitigation.,"[""UcoexMITIGATIONS""]",[],"[""ucoexNAME""]",0,"[""Access Token Manipulation""]"
Path Queries (Variable-length),Find the relationship (max 5 hops) between D3FEND's 'File Access Pattern Analysis' and 'CVE-2017-0199'.,MATCH p = (d:UcoexMITRED3FEND {ucoexMITRED3FEND_LABEL: 'File Access Pattern Analysis'})-[*..5]-(c:UcoCVE {label: 'CVE-2017-0199'}) RETURN p,Map the relationship (max 5 hops) between D3FEND 'File Access Pattern Analysis' and CVE-2017-0199.,"[""UcoCVE"", ""UcoexMITRED3FEND""]",[],"[""label"", ""ucoexMITRED3FEND_LABEL""]",0,"[""CVE-2017-0199"", ""File Access Pattern Analysis""]"
Path Queries (Variable-length),Are 'CVE-2021-44228' and 'CVE-2021-45046' (Log4j vulns) related? Show path up to 3 hops.,MATCH p = (c1:UcoCVE {label: 'CVE-2021-44228'})-[*..3]-(c2:UcoCVE {label: 'CVE-2021-45046'}) RETURN p,Show the relationship path (max 3 hops) between CVE-2021-44228 and CVE-2021-45046.,"[""UcoCVE""]",[],"[""label""]",0,"[""CVE-2021-44228"", ""CVE-2021-45046""]"
Path Queries (Variable-length),Find all CAPEC patterns that are 1 or 2 hops away from the 'Process Injection' technique.,MATCH p = (ca:UcoexCAPEC)-[*1..2]-(t:UcoexMITREATTACK {ucoexNAME: 'Process Injection'}) RETURN p,Find all CAPEC patterns within 2 hops of the 'Process Injection' TTP.,"[""UcoexCAPEC"", ""UcoexMITREATTACK""]",[],"[""ucoexNAME""]",0,"[""Process Injection""]"
Path Queries (Variable-length),Show me the entire sub-graph of nodes 1-hop away from the 'SolarWinds' campaign.,MATCH p = (c:UcoexCAMPAIGNS {ucoexNAME: 'SolarWinds'})-[*1]-(n) RETURN p,Show the immediate 1-hop neighborhood for the 'SolarWinds' campaign.,"[""UcoexCAMPAIGNS""]",[],"[""ucoexNAME""]",0,"[""SolarWinds""]"
Path Queries (Variable-length),Find the shortest path between a vulnerability with 'remote code execution' in its summary and the 'APT29' group.,MATCH p = allShortestPaths((v:UcoVulnerability)-[*..5]-(g:UcoexGROUPS {ucoexNAME: 'APT29'})) WHERE v.ucosummary CONTAINS 'remote code execution' RETURN p LIMIT 1,Find the shortest path (max 5 hops) from an RCE vulnerability to APT29.,"[""UcoVulnerability"", ""UcoexGROUPS""]",[],"[""ucoexNAME"", ""ucosummary""]",0,"[""APT29"", ""remote code execution""]"
Path Queries (Variable-length),What software tools (up to 4 hops) are related to 'CWE-78: OS Command Injection'?,MATCH p = (w:UcoCWE {ucocweID: 'CWE-78'})-[*..4]-(s:UcoexSOFTWARE) RETURN p,What software is related (max 4 hops) to CWE-78 (OS Command Injection)?,"[""UcoCWE"", ""UcoexSOFTWARE""]",[],"[""ucocweID""]",0,"[""CWE-78""]"
Path Queries (Variable-length),Show the path (up to 3 hops) connecting 'Mimikatz' and 'PowerShell'.,MATCH p = (s1:UcoexSOFTWARE {ucoexNAME: 'Mimikatz'})-[*..3]-(s2:UcoexSOFTWARE {ucoexNAME: 'PowerShell'}) RETURN p,Show the relationship path (max 3 hops) between 'Mimikatz' and 'PowerShell'.,"[""UcoexSOFTWARE""]",[],"[""ucoexNAME""]",0,"[""Mimikatz"", ""PowerShell""]"
Graph Pattern Matching,"Show me all threat groups, the techniques they use, and the mitigations for those techniques.","MATCH (g:UcoexGROUPS)-[:UCOEXGROUPUSESTECHNIQUE]->(t:UcoexMITREATTACK)<-[:UCOEXMITIGATES]-(m:UcoexMITIGATIONS) RETURN g.ucoexNAME, t.ucoexNAME, m.ucoexNAME",Map threat groups to their TTPs and the corresponding mitigations.,"[""UcoexGROUPS"", ""UcoexMITIGATIONS"", ""UcoexMITREATTACK""]","[""UCOEXGROUPUSESTECHNIQUE"", ""UCOEXMITIGATES""]","[""ucoexNAME""]",0,[]
Graph Pattern Matching,"Find campaigns, their attributed groups, and the techniques they use.","MATCH (g:UcoexGROUPS)<-[:UCOEXATTRIBUTEDTO]-(c:UcoexCAMPAIGNS)-[:UCOEXCAMPAIGNUSESTECHNIQUE]->(t:UcoexMITREATTACK) RETURN c.ucoexNAME, g.ucoexNAME, t.ucoexNAME","List campaigns, their attributed groups, and the TTPs employed.","[""UcoexCAMPAIGNS"", ""UcoexGROUPS"", ""UcoexMITREATTACK""]","[""UCOEXATTRIBUTEDTO"", ""UCOEXCAMPAIGNUSESTECHNIQUE""]","[""ucoexNAME""]",0,[]
Graph Pattern Matching,Show me which groups use software that in turn employ specific ATT&CK techniques.,"MATCH (g:UcoexGROUPS)-[:UCOEXGROUPUSESSOFTWARE]->(s:UcoexSOFTWARE)-[:UCOEXSOFTWAREUSESTECHNIQUE]->(t:UcoexMITREATTACK) RETURN g.ucoexNAME, s.ucoexNAME, t.ucoexNAME",Show group-to-software-to-TTP relationships.,"[""UcoexGROUPS"", ""UcoexMITREATTACK"", ""UcoexSOFTWARE""]","[""UCOEXGROUPUSESSOFTWARE"", ""UCOEXSOFTWAREUSESTECHNIQUE""]","[""ucoexNAME""]",0,[]
Graph Pattern Matching,"Find exploit targets, their vulnerabilities, the CVE-ID, and the affected CPE.","MATCH (et:UcoExploitTarget)-[:UCOHASVULNERABILITY]->(v:UcoVulnerability)-[:UCOHASCVE_ID]->(c:UcoCVE)-[:UCOEXHASCPE]->(p:UcoexCPE) RETURN et.uri, v.ucosummary, c.label, p.cpeName","Map exploit targets to vulnerabilities, their CVEs, and affected CPEs.","[""UcoCVE"", ""UcoExploitTarget"", ""UcoVulnerability"", ""UcoexCPE""]","[""UCOEXHASCPE"", ""UCOHASCVE_ID"", ""UCOHASVULNERABILITY""]","[""cpeName"", ""label"", ""ucosummary"", ""uri""]",0,[]
Graph Pattern Matching,"Show attack patterns (CAPEC), their related weaknesses (CWE), and the CVEs where those weaknesses were observed.","MATCH (ca:UcoexCAPEC)-[:UCOEXHASRELATEDWEAKNESS]->(w:UcoCWE)-[:UCOHASOBSERVEDEXAMPLE]->(o:UcoexObservedExample)-[:UCOEXEXAMPLEOBSERVEDIN]->(c:UcoCVE) RETURN ca.ucoexCAPEC_name, w.ucocweID, c.label",Connect CAPEC patterns to their related CWEs and the CVEs where they were observed.,"[""UcoCVE"", ""UcoCWE"", ""UcoexCAPEC"", ""UcoexObservedExample""]","[""UCOEXEXAMPLEOBSERVEDIN"", ""UCOEXHASRELATEDWEAKNESS"", ""UCOHASOBSERVEDEXAMPLE""]","[""label"", ""ucocweID"", ""ucoexCAPEC_name""]",0,[]
Graph Pattern Matching,Find threat groups and campaigns that both use the same ATT&CK technique.,"MATCH (g:UcoexGROUPS)-[:UCOEXGROUPUSESTECHNIQUE]->(t:UcoexMITREATTACK)<-[:UCOEXCAMPAIGNUSESTECHNIQUE]-(c:UcoexCAMPAIGNS) RETURN g.ucoexNAME, t.ucoexNAME, c.ucoexNAME",Identify shared TTPs between threat groups and campaigns.,"[""UcoexCAMPAIGNS"", ""UcoexGROUPS"", ""UcoexMITREATTACK""]","[""UCOEXCAMPAIGNUSESTECHNIQUE"", ""UCOEXGROUPUSESTECHNIQUE""]","[""ucoexNAME""]",0,[]
Graph Pattern Matching,Find threat groups and campaigns that both use the same software.,"MATCH (g:UcoexGROUPS)-[:UCOEXGROUPUSESSOFTWARE]->(s:UcoexSOFTWARE)<-[:UCOEXCAMPAIGNUSESSOFTWARE]-(c:UcoexCAMPAIGNS) RETURN g.ucoexNAME, s.ucoexNAME, c.ucoexNAME",Identify shared software tooling between threat groups and campaigns.,"[""UcoexCAMPAIGNS"", ""UcoexGROUPS"", ""UcoexSOFTWARE""]","[""UCOEXCAMPAIGNUSESSOFTWARE"", ""UCOEXGROUPUSESSOFTWARE""]","[""ucoexNAME""]",0,[]
Graph Pattern Matching,"Show me D3FEND defenses, the ATT&CK techniques they counter, and the groups that use those techniques.","MATCH (d:UcoexMITRED3FEND)-[:UCOEXHASMITREATTACK]->(t:UcoexMITREATTACK)<-[:UCOEXGROUPUSESTECHNIQUE]-(g:UcoexGROUPS) RETURN d.ucoexMITRED3FEND_LABEL, t.ucoexNAME, g.ucoexNAME",Map D3FEND mitigations to the ATT&CK TTPs they counter and the groups that use them.,"[""UcoexGROUPS"", ""UcoexMITREATTACK"", ""UcoexMITRED3FEND""]","[""UCOEXGROUPUSESTECHNIQUE"", ""UCOEXHASMITREATTACK""]","[""ucoexMITRED3FEND_LABEL"", ""ucoexNAME""]",0,[]
Graph Pattern Matching,What software tools are used by both 'APT28' and 'Sandworm Team'?,MATCH (g1:UcoexGROUPS {ucoexNAME: 'APT28'})-[:UCOEXGROUPUSESSOFTWARE]->(s:UcoexSOFTWARE)<-[:UCOEXGROUPUSESSOFTWARE]-(g2:UcoexGROUPS {ucoexNAME: 'Sandworm Team'}) RETURN s.ucoexNAME,What software tools are common to both APT28 and Sandworm Team?,"[""UcoexGROUPS"", ""UcoexSOFTWARE""]","[""UCOEXGROUPUSESSOFTWARE""]","[""ucoexNAME""]",0,"[""APT28"", ""Sandworm Team""]"
Graph Pattern Matching,What ATT&CK techniques are used by both 'APT29' and 'Lazarus Group'?,MATCH (g1:UcoexGROUPS {ucoexNAME: 'APT29'})-[:UCOEXGROUPUSESTECHNIQUE]->(t:UcoexMITREATTACK)<-[:UCOEXGROUPUSESTECHNIQUE]-(g2:UcoexGROUPS {ucoexNAME: 'Lazarus Group'}) RETURN t.ucoexNAME,What TTPs are leveraged by both APT29 and Lazarus Group?,"[""UcoexGROUPS"", ""UcoexMITREATTACK""]","[""UCOEXGROUPUSESTECHNIQUE""]","[""ucoexNAME""]",0,"[""APT29"", ""Lazarus Group""]"
Graph Pattern Matching,Show weaknesses (CWEs) that have observed examples in CVEs that affect 'microsoft:windows_10'.,"MATCH (p:UcoexCPE {cpeName: 'microsoft:windows_10'})<-[:UCOEXHASCPE]-(c:UcoCVE)<-[:UCOEXEXAMPLEOBSERVEDIN]-(o:UcoexObservedExample)<-[:UCOHASOBSERVEDEXAMPLE]-(w:UcoCWE) RETURN DISTINCT w.ucocweID, w.ucocweName",Identify distinct CWEs with observed examples in CVEs affecting 'microsoft:windows_10'.,"[""UcoCVE"", ""UcoCWE"", ""UcoexCPE"", ""UcoexObservedExample""]","[""UCOEXEXAMPLEOBSERVEDIN"", ""UCOEXHASCPE"", ""UCOHASOBSERVEDEXAMPLE""]","[""cpeName"", ""ucocweID"", ""ucocweName""]",0,"[""microsoft:windows_10""]"
Graph Pattern Matching,Find groups using techniques for which there are no mitigations listed.,"MATCH (g:UcoexGROUPS)-[:UCOEXGROUPUSESTECHNIQUE]->(t:UcoexMITREATTACK) WHERE NOT (t)<-[:UCOEXMITIGATES]-(:UcoexMITIGATIONS) RETURN DISTINCT g.ucoexNAME, t.ucoexNAME",Which threat groups are using TTPs with no documented mitigations?,"[""UcoexGROUPS"", ""UcoexMITIGATIONS"", ""UcoexMITREATTACK""]","[""UCOEXGROUPUSESTECHNIQUE"", ""UCOEXMITIGATES""]","[""ucoexNAME""]",0,[]
Graph Pattern Matching,What threat groups use techniques that are mapped from 'High' severity CAPEC patterns?,"MATCH (ca:UcoexCAPEC {ucoexSeverity: 'High'})-[:UCOEXHASTAXONOMYMAPPING]->(t:UcoexMITREATTACK)<-[:UCOEXGROUPUSESTECHNIQUE]-(g:UcoexGROUPS) RETURN DISTINCT g.ucoexNAME, t.ucoexNAME, ca.ucoexCAPEC_name",What groups use TTPs that map from 'High' severity CAPEC patterns?,"[""UcoexCAPEC"", ""UcoexGROUPS"", ""UcoexMITREATTACK""]","[""UCOEXGROUPUSESTECHNIQUE"", ""UCOEXHASTAXONOMYMAPPING""]","[""ucoexCAPEC_name"", ""ucoexNAME"", ""ucoexSeverity""]",0,"[""High""]"
Graph Pattern Matching,What campaigns use the same techniques as the 'Mimikatz' software?,"MATCH (s:UcoexSOFTWARE {ucoexNAME: 'Mimikatz'})-[:UCOEXSOFTWAREUSESTECHNIQUE]->(t:UcoexMITREATTACK)<-[:UCOEXCAMPAIGNUSESTECHNIQUE]-(c:UcoexCAMPAIGNS) RETURN DISTINCT c.ucoexNAME, t.ucoexNAME",What campaigns leverage TTPs associated with 'Mimikatz'?,"[""UcoexCAMPAIGNS"", ""UcoexMITREATTACK"", ""UcoexSOFTWARE""]","[""UCOEXCAMPAIGNUSESTECHNIQUE"", ""UCOEXSOFTWAREUSESTECHNIQUE""]","[""ucoexNAME""]",0,"[""Mimikatz""]"
Graph Pattern Matching,Find 'CRITICAL' CVEs and their related weaknesses (CWEs) that affect 'apache:log4j'.,"MATCH (p:UcoexCPE {cpeName: 'apache:log4j'})<-[:UCOEXHASCPE]-(c:UcoCVE {ucobaseSeverity: 'CRITICAL'})<-[:UCOEXEXAMPLEOBSERVEDIN]-(:UcoexObservedExample)<-[:UCOHASOBSERVEDEXAMPLE]-(w:UcoCWE) RETURN c.label, w.ucocweID, w.ucocweName",Find critical CVEs and their root-cause CWEs affecting 'apache:log4j'.,"[""UcoCVE"", ""UcoCWE"", ""UcoexCPE"", ""UcoexObservedExample""]","[""UCOEXEXAMPLEOBSERVEDIN"", ""UCOEXHASCPE"", ""UCOHASOBSERVEDEXAMPLE""]","[""cpeName"", ""label"", ""ucobaseSeverity"", ""ucocweID"", ""ucocweName""]",0,"[""CRITICAL"", ""apache:log4j""]"
Comparative and Ranking,Rank threat groups by the number of 'Enterprise' domain techniques they use.,"MATCH (g:UcoexGROUPS)-[:UCOEXGROUPUSESTECHNIQUE]->(t:UcoexMITREATTACK {ucoexDOMAIN: 'Enterprise'}) RETURN g.ucoexNAME, count(t) AS techniqueCount ORDER BY techniqueCount DESC",Rank threat groups by their total count of 'Enterprise' TTPs.,"[""UcoexGROUPS"", ""UcoexMITREATTACK""]","[""UCOEXGROUPUSESTECHNIQUE""]","[""ucoexDOMAIN"", ""ucoexNAME""]",0,"[""Enterprise""]"
Comparative and Ranking,List the top 10 most exploitable 'CRITICAL' CVEs that allow full privilege escalation.,"MATCH (c:UcoCVE {ucobaseSeverity: 'CRITICAL', ucoobtainAllPrivilege: 'true'}) RETURN c.label, toFloat(c.ucoexploitabilityScore) AS exploitScore ORDER BY exploitScore DESC LIMIT 10",List the top 10 most exploitable 'CRITICAL' CVEs that grant full privileges.,"[""UcoCVE""]",[],"[""label"", ""ucobaseSeverity"", ""ucoexploitabilityScore""]",0,"[""CRITICAL"", ""true""]"
Comparative and Ranking,What is the most popular software tool used by threat groups? List the top 5.,"MATCH (g:UcoexGROUPS)-[:UCOEXGROUPUSESSOFTWARE]->(s:UcoexSOFTWARE) RETURN s.ucoexNAME, count(g) AS groupCount ORDER BY groupCount DESC LIMIT 5",What are the top 5 software tools most frequently used by threat groups?,"[""UcoexGROUPS"", ""UcoexSOFTWARE""]","[""UCOEXGROUPUSESSOFTWARE""]","[""ucoexNAME""]",0,[]
Comparative and Ranking,Which weaknesses (CWEs) are associated with the most attack patterns (CAPECs)?,"MATCH (ca:UcoexCAPEC)-[:UCOEXHASRELATEDWEAKNESS]->(w:UcoCWE) RETURN w.ucocweID, w.ucocweName, count(ca) AS capecCount ORDER BY capecCount DESC LIMIT 10",Which 10 CWEs are related to the highest number of CAPEC patterns?,"[""UcoCWE"", ""UcoexCAPEC""]","[""UCOEXHASRELATEDWEAKNESS""]","[""ucocweID"", ""ucocweName""]",0,[]
Comparative and Ranking,"List all CAPEC patterns, ordered first by 'High' severity, then by 'High' likelihood.","MATCH (ca:UcoexCAPEC) RETURN ca.ucoexCAPEC_name, ca.ucoexSeverity, ca.ucoexLikelihood ORDER BY ca.ucoexSeverity DESC, ca.ucoexLikelihood DESC","List CAPEC patterns, ordered first by highest severity, then by highest likelihood.","[""UcoexCAPEC""]",[],"[""ucoexCAPEC_name"", ""ucoexLikelihood"", ""ucoexSeverity""]",0,[]
Comparative and Ranking,Find CVEs where the impact score is greater than the exploitability score.,"MATCH (c:UcoCVE) WHERE toFloat(c.ucoimpactScore) > toFloat(c.ucoexploitabilityScore) RETURN c.label, c.ucoimpactScore, c.ucoexploitabilityScore",Identify CVEs where the impact score exceeds the exploitability score.,"[""UcoCVE""]",[],"[""label"", ""ucoexploitabilityScore"", ""ucoimpactScore""]",0,[]
Comparative and Ranking,List the top 10 most vulnerable products (CPEs) based on the number of 'CRITICAL' CVEs.,"MATCH (c:UcoCVE {ucobaseSeverity: 'CRITICAL'})-[:UCOEXHASCPE]->(p:UcoexCPE) RETURN p.cpeName, count(c) AS criticalCveCount ORDER BY criticalCveCount DESC LIMIT 10",What are the top 10 products (CPEs) with the most 'CRITICAL' vulnerabilities?,"[""UcoCVE"", ""UcoexCPE""]","[""UCOEXHASCPE""]","[""cpeName"", ""ucobaseSeverity""]",0,"[""CRITICAL""]"
Comparative and Ranking,Rank 'Mobile' domain ATT&CK techniques by the number of available mitigations.,"MATCH (m:UcoexMITIGATIONS)-[:UCOEXMITIGATES]->(t:UcoexMITREATTACK {ucoexDOMAIN: 'Mobile'}) RETURN t.ucoexNAME, count(m) AS mitigationCount ORDER BY mitigationCount DESC",Rank 'Mobile' ATT&CK techniques by their number of available mitigations.,"[""UcoexMITIGATIONS"", ""UcoexMITREATTACK""]","[""UCOEXMITIGATES""]","[""ucoexDOMAIN"", ""ucoexNAME""]",0,"[""Mobile""]"
Comparative and Ranking,Which campaigns are attributed to the most threat groups?,"MATCH (c:UcoexCAMPAIGNS)-[:UCOEXATTRIBUTEDTO]->(g:UcoexGROUPS) RETURN c.ucoexNAME, count(g) AS groupCount ORDER BY groupCount DESC",Which campaigns have the highest number of attributed threat groups?,"[""UcoexCAMPAIGNS"", ""UcoexGROUPS""]","[""UCOEXATTRIBUTEDTO""]","[""ucoexNAME""]",0,[]
Comparative and Ranking,"List all CWEs, ordered by their likelihood of exploit (High to Low).","MATCH (w:UcoCWE) WHERE w.ucolikelihoodOfExploit IS NOT NULL RETURN w.ucocweID, w.ucocweName, w.ucolikelihoodOfExploit ORDER BY w.ucolikelihoodOfExploit DESC","List all CWEs, ranked by their likelihood of exploit (High to Low).","[""UcoCWE""]",[],"[""ucocweID"", ""ucocweName"", ""ucolikelihoodOfExploit""]",0,[]
Comparative and Ranking,"Rank CAPEC patterns by severity (descending) and then by the skill required (ascending, assuming 'Low' is easier).","MATCH (ca:UcoexCAPEC) RETURN ca.ucoexCAPEC_name, ca.ucoexSeverity, ca.ucoexSkills_Required ORDER BY ca.ucoexSeverity DESC, ca.ucoexSkills_Required ASC",Rank CAPEC patterns first by severity (descending) and then by skill required (ascending).,"[""UcoexCAPEC""]",[],"[""ucoexCAPEC_name"", ""ucoexSeverity"", ""ucoexSkills_Required""]",0,[]
Comparative and Ranking,List the top 5 least mitigated 'Enterprise' techniques used by 'APT29'.,"MATCH (g:UcoexGROUPS {ucoexNAME: 'APT29'})-[:UCOEXGROUPUSESTECHNIQUE]->(t:UcoexMITREATTACK {ucoexDOMAIN: 'Enterprise'}) OPTIONAL MATCH (m:UcoexMITIGATIONS)-[:UCOEXMITIGATES]->(t) RETURN t.ucoexNAME, count(m) AS mitigationCount ORDER BY mitigationCount ASC LIMIT 5",Identify the top 5 least-mitigated 'Enterprise' TTPs used by APT29.,"[""UcoexGROUPS"", ""UcoexMITIGATIONS"", ""UcoexMITREATTACK""]","[""UCOEXGROUPUSESTECHNIQUE"", ""UCOEXMITIGATES""]","[""ucoexDOMAIN"", ""ucoexNAME""]",0,"[""APT29"", ""Enterprise""]"
Comparative and Ranking,Find CVEs with an exploitability score higher than 3.5 and an impact score lower than 5.0.,MATCH (c:UcoCVE) WHERE toFloat(c.ucoexploitabilityScore) > 3.5 AND toFloat(c.ucoimpactScore) < 5.0 RETURN c.label,Find CVEs with an exploitability score over 3.5 and an impact score under 5.0.,"[""UcoCVE""]",[],"[""0"", ""5"", ""label"", ""ucoexploitabilityScore"", ""ucoimpactScore""]",0,"[""3.5"", ""5.0""]"
Existence and Set Operations Queries,List all threat groups that have at least one known technique.,MATCH (g:UcoexGROUPS)-[:UCOEXGROUPUSESTECHNIQUE]->(:UcoexMITREATTACK) RETURN DISTINCT g.ucoexNAME,List all threat groups with at least one associated TTP.,"[""UcoexGROUPS"", ""UcoexMITREATTACK""]","[""UCOEXGROUPUSESTECHNIQUE""]","[""ucoexNAME""]",0,[]
Existence and Set Operations Queries,Find all ATT&CK techniques that have no mitigations.,MATCH (t:UcoexMITREATTACK) WHERE NOT (t)<-[:UCOEXMITIGATES]-(:UcoexMITIGATIONS) RETURN t.ucoexNAME,Identify all ATT&CK techniques that have no documented mitigations.,"[""UcoexMITIGATIONS"", ""UcoexMITREATTACK""]","[""UCOEXMITIGATES""]","[""ucoexNAME""]",0,[]
Existence and Set Operations Queries,List all software (UcoexSOFTWARE) that is not associated with any ATT&CK technique.,MATCH (s:UcoexSOFTWARE) WHERE NOT (s)-[:UCOEXSOFTWAREUSESTECHNIQUE]->(:UcoexMITREATTACK) RETURN s.ucoexNAME,List all software tools that are not mapped to any ATT&CK technique.,"[""UcoexMITREATTACK"", ""UcoexSOFTWARE""]","[""UCOEXSOFTWAREUSESTECHNIQUE""]","[""ucoexNAME""]",0,[]
Existence and Set Operations Queries,Find all CWEs that have no observed real-world examples.,"MATCH (w:UcoCWE) WHERE NOT (w)-[:UCOHASOBSERVEDEXAMPLE]->(:UcoexObservedExample) RETURN w.ucocweID, w.ucocweName",Identify all CWEs that lack any observed real-world examples.,"[""UcoCWE"", ""UcoexObservedExample""]","[""UCOHASOBSERVEDEXAMPLE""]","[""ucocweID"", ""ucocweName""]",0,[]
Existence and Set Operations Queries,"Find all details for a specific list of CVEs: 'CVE-2023-0001', 'CVE-2023-0002'.","MATCH (c:UcoCVE) WHERE c.label IN ['CVE-2023-0001', 'CVE-2023-0002'] RETURN c",Pull all data for CVE-2023-0001 and CVE-2023-0002.,"[""UcoCVE""]",[],"[""label""]",0,"[""CVE-2023-0001"", ""CVE-2023-0002""]"
Existence and Set Operations Queries,"Find all groups that use any of the following techniques: 'Phishing', 'Data Encrypted for Impact'.","MATCH (g:UcoexGROUPS)-[:UCOEXGROUPUSESTECHNIQUE]->(t:UcoexMITREATTACK) WHERE t.ucoexNAME IN ['Phishing', 'Data Encrypted for Impact'] RETURN DISTINCT g.ucoexNAME",Which distinct groups use either 'Phishing' or 'Data Encrypted for Impact'?,"[""UcoexGROUPS"", ""UcoexMITREATTACK""]","[""UCOEXGROUPUSESTECHNIQUE""]","[""ucoexNAME""]",0,"[""Data Encrypted for Impact"", ""Phishing""]"
Existence and Set Operations Queries,Which CVEs are not associated with any CPE (product)?,MATCH (c:UcoCVE) WHERE NOT (c)-[:UCOEXHASCPE]->(:UcoexCPE) RETURN c.label,List all CVEs that are not associated with any specific product (CPE).,"[""UcoCVE"", ""UcoexCPE""]","[""UCOEXHASCPE""]","[""label""]",0,[]
Existence and Set Operations Queries,List all campaigns that have a known attribution group.,MATCH (c:UcoexCAMPAIGNS)-[:UCOEXATTRIBUTEDTO]->(:UcoexGROUPS) RETURN DISTINCT c.ucoexNAME,List all campaigns that have a known attribution to a threat group.,"[""UcoexCAMPAIGNS"", ""UcoexGROUPS""]","[""UCOEXATTRIBUTEDTO""]","[""ucoexNAME""]",0,[]
Existence and Set Operations Queries,Find all CWEs where the 'likelihoodOfExploit' property is not null.,"MATCH (w:UcoCWE) WHERE w.ucolikelihoodOfExploit IS NOT NULL RETURN w.ucocweID, w.ucolikelihoodOfExploit",Find all CWEs where the 'likelihoodOfExploit' property is populated.,"[""UcoCWE""]",[],"[""ucocweID"", ""ucolikelihoodOfExploit""]",0,[]
Existence and Set Operations Queries,Find all CVEs with a status of 'Analyzed' or 'Awaiting Analysis'.,"MATCH (c:UcoCVE) WHERE c.ucovulnStatus IN ['Analyzed', 'Awaiting Analysis'] RETURN c.label, c.ucovulnStatus",Pull all CVEs with a status of 'Analyzed' or 'Awaiting Analysis'.,"[""UcoCVE""]",[],"[""label"", ""ucovulnStatus""]",0,"[""Analyzed"", ""Awaiting Analysis""]"
Existence and Set Operations Queries,Which exploit targets have no associated vulnerabilities or weaknesses?,MATCH (et:UcoExploitTarget) WHERE NOT (et)-[:UCOHASVULNERABILITY]->(:UcoVulnerability) AND NOT (et)-[:UCOHASWEAKNESS]->(:UcoCWE) RETURN et.uri,Identify exploit targets that have no linked vulnerabilities or weaknesses.,"[""UcoCWE"", ""UcoExploitTarget"", ""UcoVulnerability""]","[""UCOHASVULNERABILITY"", ""UCOHASWEAKNESS""]","[""uri""]",0,[]
Existence and Set Operations Queries,Find techniques used by both 'APT28' AND 'Lazarus Group' (Intersection).,MATCH (g1:UcoexGROUPS {ucoexNAME: 'APT28'})-[:UCOEXGROUPUSESTECHNIQUE]->(t:UcoexMITREATTACK)<-[:UCOEXGROUPUSESTECHNIQUE]-(g2:UcoexGROUPS {ucoexNAME: 'Lazarus Group'}) RETURN t.ucoexNAME,What TTPs are shared between APT28 and Lazarus Group?,"[""UcoexGROUPS"", ""UcoexMITREATTACK""]","[""UCOEXGROUPUSESTECHNIQUE""]","[""ucoexNAME""]",0,"[""APT28"", ""Lazarus Group""]"
Existence and Set Operations Queries,List all techniques used by 'APT28' OR 'Lazarus Group' (Union).,"MATCH (g:UcoexGROUPS)-[:UCOEXGROUPUSESTECHNIQUE]->(t:UcoexMITREATTACK) WHERE g.ucoexNAME IN ['APT28', 'Lazarus Group'] RETURN DISTINCT t.ucoexNAME",List all unique TTPs used by either APT28 or Lazarus Group.,"[""UcoexGROUPS"", ""UcoexMITREATTACK""]","[""UCOEXGROUPUSESTECHNIQUE""]","[""ucoexNAME""]",0,"[""APT28"", ""Lazarus Group""]"
Existence and Set Operations Queries,What software does 'Sandworm Team' use that 'APT29' does not (Difference)?,MATCH (g1:UcoexGROUPS {ucoexNAME: 'Sandworm Team'})-[:UCOEXGROUPUSESSOFTWARE]->(s:UcoexSOFTWARE) WHERE NOT EXISTS { (g2:UcoexGROUPS {ucoexNAME: 'APT29'})-[:UCOEXGROUPUSESSOFTWARE]->(s) } RETURN s.ucoexNAME,What software in Sandworm Team's arsenal is not used by APT29?,"[""UcoexGROUPS"", ""UcoexSOFTWARE""]","[""UCOEXGROUPUSESSOFTWARE""]","[""ucoexNAME""]",0,"[""APT29"", ""Sandworm Team""]"
Existence and Set Operations Queries,Find all 'Enterprise' ATT&CK techniques that are not used by any known group.,MATCH (t:UcoexMITREATTACK {ucoexDOMAIN: 'Enterprise'}) WHERE NOT (t)<-[:UCOEXGROUPUSESTECHNIQUE]-(:UcoexGROUPS) RETURN t.ucoexNAME,List all 'Enterprise' TTPs that are not associated with any known threat group.,"[""UcoexGROUPS"", ""UcoexMITREATTACK""]","[""UCOEXGROUPUSESTECHNIQUE""]","[""ucoexDOMAIN"", ""ucoexNAME""]",0,"[""Enterprise""]"
Existence and Set Operations Queries,List all CAPEC patterns that have at least one prerequisite listed.,MATCH (ca:UcoexCAPEC) WHERE ca.ucoexPrerequisites IS NOT NULL AND size(ca.ucoexPrerequisites) > 0 RETURN ca.ucoexCAPEC_name,Identify all CAPEC patterns that have defined prerequisites.,"[""UcoexCAPEC""]",[],"[""ucoexCAPEC_name"", ""ucoexPrerequisites""]",0,"[""0""]"
