Category,NaturalLanguageQuestion,CypherQuery,generated_question
Node Lookup Queries,Can you look up the vulnerability 'CVE-2021-44228'?,MATCH (c:UcoCVE {label: 'CVE-2021-44228'}) RETURN c,What are the details for the vulnerability 'CVE-2021-44228'?
Node Lookup Queries,Tell me about the software weakness 'CWE-89'.,"MATCH (c:UcoCWE {ucocweID: 'CWE-89'}) RETURN c.ucocweName, c.ucodescription",What is the weakness 'CWE-89' and can you describe it?
Node Lookup Queries,What was the 'SolarWinds Orion' cyber attack?,MATCH (c:UcoexCAMPAIGNS {ucoexNAME: 'SolarWinds Orion'}) RETURN c,Tell me everything about the 'SolarWinds Orion' attack campaign.
Node Lookup Queries,Explain the attack method 'Phishing'.,"MATCH (t:UcoexMITREATTACK {ucoexNAME: 'Phishing'}) RETURN t.ucoexDESCRIPTION, t.ucoexDOMAIN",What is the 'Phishing' attack technique and what area does it apply to?
Node Lookup Queries,What is 'Mimikatz'?,MATCH (s:UcoexSOFTWARE {ucoexNAME: 'Mimikatz'}) RETURN s,Retrieve all information about the software 'Mimikatz'.
Node Lookup Queries,What attacks has the 'FIN7' group carried out?,MATCH (g:UcoexGROUPS {ucoexNAME: 'FIN7'})<-[:UCOEXATTRIBUTEDTO]-(c:UcoexCAMPAIGNS) RETURN c.ucoexNAME,Which campaigns are attributed to the 'FIN7' group?
Node Lookup Queries,Tell me about the attack pattern 'CAPEC-540'.,"MATCH (c:UcoexCAPEC {ucoexCAPEC_id: 'CAPEC-540'}) RETURN c.ucoexCAPEC_name, c.ucoexDescription",What is the attack pattern 'CAPEC-540' and can you describe it?
Node Lookup Queries,Show me a list of all hacker groups.,MATCH (g:UcoexGROUPS) RETURN g.ucoexNAME,What are the names of all known threat groups?
Node Lookup Queries,How does 'User Account Control' help with security?,MATCH (m:UcoexMITIGATIONS {ucoexNAME: 'User Account Control'}) RETURN m.ucoexDESCRIPTION,Get the description for the mitigation 'User Account Control'.
Node Lookup Queries,"What vulnerabilities were announced on March 14, 2017?",MATCH (v:UcoVulnerability) WHERE v.ucopublishedDateTime = datetime('2017-03-14T00:00:00Z') RETURN v.ucosummary,Find summaries for all vulnerabilities published exactly on '2017-03-14'.
Relationship Traversal Queries,What tools does 'APT28' use to attack?,MATCH (g:UcoexGROUPS {ucoexNAME: 'APT28'})-[:UCOEXGROUPUSESSOFTWARE]->(s:UcoexSOFTWARE) RETURN s.ucoexNAME,What software does the 'APT28' group use?
Relationship Traversal Queries,What cyber attacks are linked to the 'Lazarus Group'?,MATCH (g:UcoexGROUPS {ucoexNAME: 'Lazarus Group'})<-[:UCOEXATTRIBUTEDTO]-(c:UcoexCAMPAIGNS) RETURN c.ucoexNAME,Find the names of campaigns attributed to the 'Lazarus Group'.
Relationship Traversal Queries,What are the 'FIN7' group's attack methods?,MATCH (g:UcoexGROUPS {ucoexNAME: 'FIN7'})-[:UCOEXGROUPUSESTECHNIQUE]->(t:UcoexMITREATTACK) RETURN t.ucoexNAME,What MITRE ATT&CK techniques are used by the 'FIN7' group?
Relationship Traversal Queries,What is the CVE number for 'EternalBlue'?,MATCH (v:UcoVulnerability {uri: 'vuln-eternalblue'})-[:UCOHASCVE_ID]->(c:UcoCVE) RETURN c.label,What is the official CVE ID for the 'EternalBlue' vulnerability?
Relationship Traversal Queries,What attacks does 'Network Segmentation' prevent?,MATCH (m:UcoexMITIGATIONS {ucoexNAME: 'Network Segmentation'})-[:UCOEXMITIGATES]->(t:UcoexMITREATTACK) RETURN t.ucoexNAME,Which MITRE ATT&CK techniques are mitigated by 'Network Segmentation'?
Relationship Traversal Queries,What software was involved in the 'WannaCry' attack?,MATCH (c:UcoexCAMPAIGNS {ucoexNAME: 'WannaCry Ransomware Attack'})-[:UCOEXCAMPAIGNUSESSOFTWARE]->(s:UcoexSOFTWARE) RETURN s.ucoexNAME,What software is used by the 'WannaCry Ransomware Attack' campaign?
Relationship Traversal Queries,What common flaws are related to attack pattern 'CAPEC-115'?,"MATCH (capec:UcoexCAPEC {ucoexCAPEC_id: 'CAPEC-115'})-[:UCOEXHASRELATEDWEAKNESS]->(cwe:UcoCWE) RETURN cwe.ucocweID, cwe.ucocweName",What common weaknesses (CWEs) are related to the attack pattern 'CAPEC-115'?
Relationship Traversal Queries,What defenses (D3FEND) stop the 'T1003' technique?,MATCH (d:UcoexMITRED3FEND)-[:UCOEXHASMITREATTACK]->(t:UcoexMITREATTACK {ucoexNAME: 'T1003'}) RETURN d.ucoexMITRED3FEND_LABEL,What D3FEND countermeasures are related to the attack technique 'T1003'?
Relationship Traversal Queries,What software is vulnerable to 'CVE-2021-44228'?,MATCH (:UcoCVE {label: 'CVE-2021-44228'})-[:UCOEXHASCPE]->(cpe:UcoexCPE) RETURN cpe.cpeName,What products or platforms are affected by vulnerability 'CVE-2021-44228'?
Relationship Traversal Queries,Show me some examples of the 'CWE-79' weakness.,MATCH (:UcoCWE {ucocweID: 'CWE-79'})-[:UCOHASOBSERVEDEXAMPLE]->(ex:UcoexObservedExample) RETURN ex.ucoexDESCRIPTION,Can you give me real-world examples of the weakness 'CWE-79'?
Multi-hop Queries,Find the tools used by the hackers behind the 'SolarWinds' attack.,MATCH (g:UcoexGROUPS)<-[:UCOEXATTRIBUTEDTO]-(:UcoexCAMPAIGNS {ucoexNAME: 'SolarWinds Orion Attack'})-[:UCOEXGROUPUSESSOFTWARE]->(s:UcoexSOFTWARE) RETURN s.ucoexNAME,What software is used by the threat groups involved in the 'SolarWinds Orion Attack'?
Multi-hop Queries,What specific vulnerabilities did the 'WannaCry' attack use?,MATCH (:UcoexCAMPAIGNS {ucoexNAME: 'WannaCry Ransomware Attack'})-[:UCOEXCAMPAIGNUSESTECHNIQUE]->(t:UcoexMITREATTACK)<-[:UCOEXHASTAXONOMYMAPPING]-(:UcoexCAPEC)-[:UCOEXHASRELATEDWEAKNESS]->(:UcoCWE)<-[:UCOHASWEAKNESS]-(et:UcoExploitTarget)-[:UCOHASVULNERABILITY]->(v:UcoVulnerability)-[:UCOHASCVE_ID]->(cve:UcoCVE) RETURN cve.label,What are the specific CVE vulnerabilities exploited in the 'WannaCry' campaign?
Multi-hop Queries,What attackers are stopped by 'Network Segmentation'?,MATCH (g:UcoexGROUPS)-[:UCOEXGROUPUSESTECHNIQUE]->(t:UcoexMITREATTACK)<-[:UCOEXMITIGATES]-(:UcoexMITIGATIONS {ucoexNAME: 'Network Segmentation'}) RETURN g.ucoexNAME,Which threat groups use attack techniques that 'Network Segmentation' can stop?
Multi-hop Queries,What attack methods does 'APT28' use and what patterns do they follow?,"MATCH (:UcoexGROUPS {ucoexNAME: 'APT28'})-[:UCOEXGROUPUSESTECHNIQUE]->(t:UcoexMITREATTACK)<-[:UCOEXHASTAXONOMYMAPPING]-(c:UcoexCAPEC) RETURN t.ucoexNAME, c.ucoexCAPEC_name","What attack techniques does 'APT28' use, and what common attack patterns (CAPECs) are they related to?"
Multi-hop Queries,Show me flaws related to the same weakness as 'CVE-2017-0144'.,MATCH (:UcoCVE {label: 'CVE-2017-0144'})<-[:UCOEXEXAMPLEOBSERVEDIN]-(:UcoexObservedExample)<-[:UCOHASOBSERVEDEXAMPLE]-(w:UcoCWE)<-[:UCOHASWEAKNESS]-(:UcoExploitTarget)-[:UCOHASVULNERABILITY]->(v:UcoVulnerability) RETURN v.ucosummary,Find vulnerabilities that share a common weakness with 'CVE-2017-0144'.
Multi-hop Queries,How do we stop the software used by 'FIN7'?,MATCH (:UcoexGROUPS {ucoexNAME: 'FIN7'})-[:UCOEXGROUPUSESSOFTWARE]->(:UcoexSOFTWARE)-[:UCOEXSOFTWAREUSESTECHNIQUE]->(t:UcoexMITREATTACK)<-[:UCOEXMITIGATES]-(m:UcoexMITIGATIONS) RETURN m.ucoexNAME,How can we defend against the techniques used by the software that 'FIN7' employs?
Multi-hop Queries,What attacks use software that itself uses 'PowerShell'?,MATCH (c:UcoexCAMPAIGNS)-[:UCOEXCAMPAIGNUSESSOFTWARE]->(:UcoexSOFTWARE)-[:UCOEXSOFTWAREUSESTECHNIQUE]->(:UcoexMITREATTACK {ucoexNAME: 'PowerShell'}) RETURN c.ucoexNAME,Which attack campaigns rely on software that uses 'PowerShell'?
Multi-hop Queries,What other groups act like the 'SolarWinds' attackers?,MATCH (:UcoexCAMPAIGNS {ucoexNAME: 'SolarWinds Orion Attack'})-[:UCOEXCAMPAIGNUSESTECHNIQUE]->(t:UcoexMITREATTACK)<-[:UCOEXGROUPUSESTECHNIQUE]-(g:UcoexGROUPS) RETURN g.ucoexNAME,What other threat groups use the same attack techniques as those in the 'SolarWinds' campaign?
Multi-hop Queries,What software flaws are linked to 'Phishing'?,MATCH (:UcoexMITREATTACK {ucoexNAME: 'Phishing'})<-[:UCOEXHASTAXONOMYMAPPING]-(:UcoexCAPEC)-[:UCOEXHASRELATEDWEAKNESS]->(cwe:UcoCWE) RETURN cwe.ucocweID,What common weaknesses (CWEs) are associated with the 'Phishing' technique?
Multi-hop Queries,How can we defend against the 'Lazarus Group'?,MATCH (:UcoexGROUPS {ucoexNAME: 'Lazarus Group'})-[:UCOEXGROUPUSESTECHNIQUE]->(t:UcoexMITREATTACK)<-[:UCOEXHASMITREATTACK]-(d:UcoexMITRED3FEND) RETURN d.ucoexMITRED3FEND_LABEL,What D3FEND countermeasures can defend against the 'Lazarus Group's' techniques?
Aggregation and Counting,Count the number of attack methods used by 'APT28'.,MATCH (g:UcoexGROUPS {ucoexNAME: 'APT28'})-[:UCOEXGROUPUSESTECHNIQUE]->(t:UcoexMITREATTACK) RETURN count(t),How many techniques does the 'APT28' group use?
Aggregation and Counting,How many attacks is each hacker group responsible for?,"MATCH (g:UcoexGROUPS)<-[:UCOEXATTRIBUTEDTO]-(c:UcoexCAMPAIGNS) RETURN g.ucoexNAME, count(c) AS campaignCount",Count the campaigns attributed to each group.
Aggregation and Counting,"On average, how easy is it to exploit a vulnerability?",MATCH (c:UcoCVE) RETURN avg(toInteger(c.ucoexploitabilityScore)),What is the average exploitability score for all known vulnerabilities (CVEs)?
Aggregation and Counting,How many different software tools do hacker groups use?,MATCH (:UcoexGROUPS)-[:UCOEXGROUPUSESSOFTWARE]->(s:UcoexSOFTWARE) RETURN count(DISTINCT s),How many different pieces of software are used by all threat groups combined?
Aggregation and Counting,What's the worst impact score any vulnerability has?,MATCH (c:UcoCVE) RETURN max(toInteger(c.ucoimpactScore)),What is the highest impact score found among all vulnerabilities (CVEs)?
Aggregation and Counting,How many weaknesses are linked to each attack pattern?,"MATCH (capec:UcoexCAPEC)-[:UCOEXHASRELATEDWEAKNESS]->(cwe:UcoCWE) RETURN capec.ucoexCAPEC_name, count(cwe) AS weaknessCount","For each attack pattern (CAPEC), count how many common weaknesses (CWEs) it relates to."
Aggregation and Counting,How many total vulnerabilities are there?,MATCH (v:UcoVulnerability) RETURN count(v),How many vulnerabilities are in the database?
Aggregation and Counting,How many attacks does each defense stop?,"MATCH (m:UcoexMITIGATIONS)-[:UCOEXMITIGATES]->(t:UcoexMITREATTACK) RETURN m.ucoexNAME, count(t) AS techniqueCount","For each mitigation, count the number of techniques it mitigates."
Aggregation and Counting,Count all the real-world examples of weaknesses.,MATCH (:UcoCWE)-[:UCOHASOBSERVEDEXAMPLE]->(ex:UcoexObservedExample) RETURN count(ex),What is the total number of real-world examples for all common weaknesses?
Aggregation and Counting,How many attacks use 'PowerShell'?,MATCH (c:UcoexCAMPAIGNS)-[:UCOEXCAMPAIGNUSESTECHNIQUE]->(:UcoexMITREATTACK {ucoexNAME: 'PowerShell'}) RETURN count(c),How many campaigns use the 'PowerShell' technique?
Conditional and Boolean Queries,List high-impact (over 5) flaws that can be exploited automatically.,"MATCH (c:UcoCVE) WHERE toInteger(c.ucoimpactScore) > 5 AND c.ucouserInteractionRequired = 'false' RETURN c.label, c.ucoimpactScore",Show me vulnerabilities (CVEs) with an impact score over 5 that don't require user interaction.
Conditional and Boolean Queries,Show me all software and tell me if it's 'open-source' or 'commercial'.,"MATCH (s:UcoexSOFTWARE) WHERE s.ucoexDOMAIN = 'open-source' OR s.ucoexDOMAIN = 'commercial' RETURN s.ucoexNAME, s.ucoexDOMAIN","List all software, noting if it is 'open-source' or 'commercial'."
Conditional and Boolean Queries,Which campaigns *aren't* linked to 'APT28'?,MATCH (c:UcoexCAMPAIGNS) WHERE NOT EXISTS((c)-[:UCOEXATTRIBUTEDTO]->(:UcoexGROUPS {ucoexNAME: 'APT28'})) RETURN c.ucoexNAME,Find the names of campaigns that are not attributed to the 'APT28' group.
Conditional and Boolean Queries,"What methods does the 'Lazarus Group' use, besides 'Phishing'?",MATCH (:UcoexGROUPS {ucoexNAME: 'Lazarus Group'})-[:UCOEXGROUPUSESTECHNIQUE]->(t:UcoexMITREATTACK) WHERE t.ucoexNAME <> 'Phishing' RETURN t.ucoexNAME,"What techniques, other than 'Phishing', are used by the 'Lazarus Group'?"
Conditional and Boolean Queries,What are the recent (since 2020) 'CRITICAL' vulnerabilities?,MATCH (c:UcoCVE) WHERE c.ucobaseSeverity = 'CRITICAL' AND c.ucopublishedDateTime > datetime('2020-01-01T00:00:00Z') RETURN c.label,List all 'CRITICAL' severity vulnerabilities (CVEs) published after the start of 2020.
Conditional and Boolean Queries,Which non-Russian groups use 'Cobalt Strike'?,MATCH (g:UcoexGROUPS)-[:UCOEXGROUPUSESSOFTWARE]->(:UcoexSOFTWARE {ucoexNAME: 'Cobalt Strike'}) WHERE NOT g.ucoexDESCRIPTION CONTAINS 'Russian' RETURN g.ucoexNAME,Find groups that use 'Cobalt Strike' and whose description does not contain the word 'Russian'.
Conditional and Boolean Queries,Find flaws that give an attacker 'god mode' (all privileges) and don't require a user to click anything.,MATCH (v:UcoVulnerability)-[:UCOHASCVE_ID]->(c:UcoCVE) WHERE c.ucoobtainAllPrivilege = 'true' AND c.ucouserInteractionRequired = 'false' RETURN v.ucosummary,What vulnerabilities allow an attacker to get full privileges without needing any user interaction?
Conditional and Boolean Queries,Show me attack patterns that are severe but not likely to happen.,MATCH (c:UcoexCAPEC) WHERE c.ucoexSeverity = 'High' AND c.ucoexLikelihood = 'Low' RETURN c.ucoexCAPEC_name,What attack patterns (CAPECs) are 'High' severity but have a 'Low' likelihood of being exploited?
Conditional and Boolean Queries,List every mitigation except for 'Network Segmentation'.,MATCH (m:UcoexMITIGATIONS) WHERE m.ucoexNAME <> 'Network Segmentation' RETURN m.ucoexNAME,List the names of all mitigations except 'Network Segmentation'.
Path Queries (Variable-length),Show me attack methods that are connected to the 'FIN7' group.,MATCH (g:UcoexGROUPS {ucoexNAME: 'FIN7'})-[*1..3]->(t:UcoexMITREATTACK) RETURN DISTINCT t.ucoexNAME,What attack techniques are closely related (within 3 steps) to the 'FIN7' group?
Path Queries (Variable-length),Are the 'SolarWinds' attack and 'Mimikatz' tool related?,MATCH p = (:UcoexCAMPAIGNS {ucoexNAME: 'SolarWinds Orion Attack'})-[*]-(:UcoexSOFTWARE {ucoexNAME: 'Mimikatz'}) RETURN CASE WHEN length(p) > 0 THEN true ELSE false END AS connectionExists LIMIT 1,Is the 'SolarWinds' campaign connected in any way to the 'Mimikatz' software?
Path Queries (Variable-length),How is the 'APT28' group linked to 'PowerShell'?,MATCH p = shortestPath((:UcoexGROUPS {ucoexNAME: 'APT28'})-[*]-(:UcoexMITREATTACK {ucoexNAME: 'PowerShell'})) RETURN p,What is the most direct connection between the 'APT28' group and the 'PowerShell' technique?
Path Queries (Variable-length),What tools does the 'Lazarus Group' use?,MATCH (:UcoexGROUPS {ucoexNAME: 'Lazarus Group'})-[*]->(s:UcoexSOFTWARE) RETURN DISTINCT s.ucoexNAME,What software is linked to the 'Lazarus Group'?
Path Queries (Variable-length),How does a cyber attack lead to the 'CVE-2017-0144' vulnerability?,MATCH p = (:UcoexCAMPAIGNS)-[*]->(:UcoCVE {label: 'CVE-2017-0144'}) RETURN p,Can you show me a connection between an attack campaign and the vulnerability 'CVE-2017-0144'?
Path Queries (Variable-length),What defenses are connected to the 'FIN7' group's methods?,MATCH (:UcoexGROUPS {ucoexNAME: 'FIN7'})-[*2]->(m:UcoexMITIGATIONS) RETURN DISTINCT m.ucoexNAME,What mitigations are indirectly (2 steps) related to the 'FIN7' group?
Path Queries (Variable-length),Show me everything related to the 'CVE-2021-44228' vulnerability.,"MATCH (c:UcoCVE {label: 'CVE-2021-44228'})-[*1..2]-(n) RETURN DISTINCT labels(n), n.uri, n.ucoexNAME, n.label",What is closely related (within 2 steps) to the vulnerability 'CVE-2021-44228'?
Path Queries (Variable-length),Show me some hacker groups and defenses that are not directly linked.,"MATCH p = (g:UcoexGROUPS)-[*3..]-(m:UcoexMITIGATIONS) RETURN g.ucoexNAME, m.ucoexNAME LIMIT 10",Can you show me examples of groups and mitigations that are *not* closely related (3 or more steps apart)?
Path Queries (Variable-length),Can you connect an attack campaign to a specific flaw?,MATCH p = (:UcoexCAMPAIGNS)-[*]-(:UcoVulnerability) RETURN p LIMIT 1,Show me an example of how an attack campaign is linked to a vulnerability.
Path Queries (Variable-length),Show me a map of everything associated with the 'WannaCry' attack.,MATCH p = (:UcoexCAMPAIGNS {ucoexNAME: 'WannaCry Ransomware Attack'})-[*1..4]->(n) RETURN p,"What are all the things connected to the 'WannaCry' campaign, up to 4 steps away?"
Graph Pattern Matching,What hackers use 'PowerShell' and 'Phishing' together?,MATCH (t1:UcoexMITREATTACK {ucoexNAME: 'PowerShell'})<-[:UCOEXGROUPUSESTECHNIQUE]-(g:UcoexGROUPS)-[:UCOEXGROUPUSESTECHNIQUE]->(t2:UcoexMITREATTACK {ucoexNAME: 'Phishing'}) RETURN g.ucoexNAME,Which threat groups use both 'PowerShell' and 'Phishing'?
Graph Pattern Matching,Which attacks use the same tools as 'APT28'?,"MATCH (:UcoexGROUPS {ucoexNAME: 'APT28'})-[:UCOEXGROUPUSESSOFTWARE]->(s:UcoexSOFTWARE)<-[:UCOEXCAMPAIGNUSESSOFTWARE]-(c:UcoexCAMPAIGNS) RETURN c.ucoexNAME, s.ucoexNAME",What campaigns use the same software as the 'APT28' group?
Graph Pattern Matching,Show me how a hacker group's attack method is stopped by a defense.,"MATCH (g:UcoexGROUPS)-[:UCOEXGROUPUSESTECHNIQUE]->(t:UcoexMITREATTACK)<-[:UCOEXMITIGATES]-(m:UcoexMITIGATIONS) RETURN g.ucoexNAME, t.ucoexNAME, m.ucoexNAME LIMIT 10","Show me 10 examples of a group, an attack technique they use, and the mitigation that stops it."
Graph Pattern Matching,What tools are used by more than one hacker group?,"MATCH (g1:UcoexGROUPS)-[:UCOEXGROUPUSESSOFTWARE]->(s:UcoexSOFTWARE)<-[:UCOEXGROUPUSESSOFTWARE]-(g2:UcoexGROUPS) WHERE g1 <> g2 RETURN s.ucoexNAME, g1.ucoexNAME, g2.ucoexNAME",What software is shared by multiple threat groups?
Graph Pattern Matching,Show me attacks that exploit high-level weaknesses.,MATCH (c:UcoexCAMPAIGNS)-[:UCOEXCAMPAIGNUSESTECHNIQUE]->(:UcoexMITREATTACK)<-[:UCOEXHASTAXONOMYMAPPING]-(:UcoexCAPEC)-[:UCOEXHASRELATEDWEAKNESS]->(w:UcoCWE {ucoabstraction: 'High'}) RETURN c.ucoexNAME,Which campaigns use techniques related to 'High' level weakness categories?
Graph Pattern Matching,Find two different cyber attacks that use the same method.,"MATCH (c1:UcoexCAMPAIGNS)-[:UCOEXCAMPAIGNUSESTECHNIQUE]->(t:UcoexMITREATTACK)<-[:UCOEXCAMPAIGNUSESTECHNIQUE]-(c2:UcoexCAMPAIGNS) WHERE id(c1) < id(c2) RETURN c1.ucoexNAME, t.ucoexNAME, c2.ucoexNAME LIMIT 10",Show me 10 examples of two different campaigns that use the same attack technique.
Graph Pattern Matching,Which hacker groups go after 'CRITICAL' flaws?,MATCH (g:UcoexGROUPS)-[:UCOEXGROUPUSESTECHNIQUE]->(:UcoexMITREATTACK)<-[:UCOEXHASTAXONOMYMAPPING]-(:UcoexCAPEC)-[:UCOEXHASRELATEDWEAKNESS]->(:UcoCWE)<-[:UCOHASWEAKNESS]-(:UcoExploitTarget)-[:UCOHASVULNERABILITY]->(:UcoVulnerability)-[:UCOHASCVE_ID]->(c:UcoCVE {ucobaseSeverity: 'CRITICAL'}) RETURN g.ucoexNAME,Which threat groups are associated with 'CRITICAL' severity vulnerabilities?
Graph Pattern Matching,Find flaws in specific products that have known examples.,"MATCH (cve:UcoCVE)-[:UCOEXHASCPE]->(:UcoexCPE), (cve)<-[:UCOHASCVE_ID]-(:UcoVulnerability)<-[:UCOHASVULNERABILITY]-(:UcoExploitTarget)-[:UCOHASWEAKNESS]->(cwe:UcoCWE)-[:UCOHASOBSERVEDEXAMPLE]->(:UcoexObservedExample) RETURN DISTINCT cve.label",List vulnerabilities (CVEs) that affect specific products and are tied to a weakness with real-world examples.
Graph Pattern Matching,Are there attacks that use the same methods as a known software tool?,"MATCH (c:UcoexCAMPAIGNS)-[:UCOEXCAMPAIGNUSESTECHNIQUE]->(t:UcoexMITREATTACK)<-[:UCOEXSOFTWAREUSESTECHNIQUE]-(s:UcoexSOFTWARE) RETURN c.ucoexNAME, t.ucoexNAME, s.ucoexNAME LIMIT 10",Show me 10 examples where a campaign and a software tool use the *same* attack technique.
Graph Pattern Matching,"What tools, besides 'PowerShell', do hackers use?","MATCH (g:UcoexGROUPS)-[:UCOEXGROUPUSESSOFTWARE]->(s:UcoexSOFTWARE) WHERE s.ucoexNAME <> 'PowerShell' RETURN g.ucoexNAME, s.ucoexNAME",What software (other than 'PowerShell') do threat groups use?
Comparative and Ranking,Show me flaws that are easy to break into but don't cause much damage.,"MATCH (c:UcoCVE) WHERE toInteger(c.ucoexploitabilityScore) > toInteger(c.ucoimpactScore) RETURN c.label, c.ucoexploitabilityScore, c.ucoimpactScore",Which vulnerabilities are easier to exploit than they are damaging?
Comparative and Ranking,What are the 5 most common methods hackers use?,"MATCH (g:UcoexGROUPS)-[:UCOEXGROUPUSESTECHNIQUE]->(t:UcoexMITREATTACK) RETURN t.ucoexNAME, count(g) AS groupCount ORDER BY groupCount DESC LIMIT 5",What are the top 5 most popular attack techniques used by threat groups?
Comparative and Ranking,What are the 3 most popular tools used in cyber attacks?,"MATCH (c:UcoexCAMPAIGNS)-[:UCOEXCAMPAIGNUSESSOFTWARE]->(s:UcoexSOFTWARE) RETURN s.ucoexNAME, count(c) AS campaignUsage ORDER BY campaignUsage DESC LIMIT 3",What are the top 3 most common software tools used in attack campaigns?
Comparative and Ranking,Which hacker groups use the largest variety of tools?,"MATCH (g:UcoexGROUPS)-[:UCOEXGROUPUSESSOFTWARE]->(s:UcoexSOFTWARE) RETURN g.ucoexNAME, count(DISTINCT s) AS softwareCount ORDER BY softwareCount DESC",Rank threat groups by how many different software tools they use (from most to least).
Comparative and Ranking,Find the vulnerability that is the most difficult to take advantage of.,MATCH (c:UcoCVE) RETURN c.label ORDER BY toInteger(c.ucoexploitabilityScore) ASC LIMIT 1,Which vulnerability (CVE) is the hardest to exploit?
Comparative and Ranking,What are the 10 most common weaknesses that attack patterns exploit?,"MATCH (cwe:UcoCWE)<-[:UCOEXHASRELATEDWEAKNESS]-(capec:UcoexCAPEC) RETURN cwe.ucocweName, count(capec) AS capecCount ORDER BY capecCount DESC LIMIT 10",What are the top 10 weaknesses (CWEs) that are related to the most attack patterns (CAPECs)?
Comparative and Ranking,Show me attacks that involve several different methods (more than 3).,"MATCH (c:UcoexCAMPAIGNS)-[:UCOEXCAMPAIGNUSESTECHNIQUE]->(t:UcoexMITREATTACK) WITH c, count(t) AS techCount WHERE techCount > 3 RETURN c.ucoexNAME, techCount",Which attack campaigns use more than 3 different techniques?
Comparative and Ranking,What is the best all-around defense that stops the most attack methods?,"MATCH (m:UcoexMITIGATIONS)-[:UCOEXMITIGATES]->(t:UcoexMITREATTACK) RETURN m.ucoexNAME, count(t) AS techniqueCount ORDER BY techniqueCount DESC LIMIT 1",Which mitigation is the most effective (stops the most attack techniques)?
Comparative and Ranking,What are the most popular software tools used by hacker groups?,"MATCH (g:UcoexGROUPS)-[:UCOEXGROUPUSESSOFTWARE]->(s:UcoexSOFTWARE) RETURN s.ucoexNAME, count(g) AS groupUsage ORDER BY groupUsage DESC",Rank all software by how many groups use it (from most popular to least).
Comparative and Ranking,Which hacker group is linked to the most 'CRITICAL' flaws?,"MATCH (g:UcoexGROUPS)-[:UCOEXGROUPUSESTECHNIQUE]->(:UcoexMITREATTACK)<-[:UCOEXHASTAXONOMYMAPPING]-(:UcoexCAPEC)-[:UCOEXHASRELATEDWEAKNESS]->(:UcoCWE)<-[:UCOHASWEAKNESS]-(:UcoExploitTarget)-[:UCOHASVULNERABILITY]->(:UcoVulnerability)-[:UCOHASCVE_ID]->(c:UcoCVE {ucobaseSeverity: 'CRITICAL'}) RETURN g.ucoexNAME, count(c) as criticalCVEs ORDER BY criticalCVEs DESC LIMIT 1",Which threat group is associated with the highest number of 'CRITICAL' vulnerabilities?
Existence and Set Operations Queries,Show me all the hacker groups you have information about.,MATCH (g:UcoexGROUPS) WHERE g.ucoexDESCRIPTION IS NOT NULL RETURN g.ucoexNAME,List all threat groups that have a description available.
Existence and Set Operations Queries,Which security flaws are tied to actual software or hardware?,MATCH (c:UcoCVE) WHERE EXISTS((c)-[:UCOEXHASCPE]->()) RETURN c.label,Which vulnerabilities (CVEs) are linked to specific products?
Existence and Set Operations Queries,Are there any software tools listed that *aren't* used in attacks?,MATCH (s:UcoexSOFTWARE) WHERE NOT EXISTS(()-[:UCOEXCAMPAIGNUSESSOFTWARE]->(s)) RETURN s.ucoexNAME,What software in the database is *not* used by any attack campaign?
Existence and Set Operations Queries,"Can you explain 'Phishing', 'Spearphishing Attachment', and 'Drive-by Compromise'?","MATCH (t:UcoexMITREATTACK) WHERE t.ucoexNAME IN ['Phishing', 'Spearphishing Attachment', 'Drive-by Compromise'] RETURN t.ucoexNAME","Tell me about the techniques: 'Phishing', 'Spearphishing Attachment', and 'Drive-by Compromise'."
Existence and Set Operations Queries,Do you have any information on a group called 'APT28'?,OPTIONAL MATCH (g:UcoexGROUPS {ucoexNAME: 'APT28'}) RETURN g IS NOT NULL AS groupExists,Is the threat group 'APT28' in the database?
Existence and Set Operations Queries,Show me hacker groups that don't use 'Mimikatz'.,MATCH (g:UcoexGROUPS)-[:UCOEXGROUPUSESSOFTWARE]->(s:UcoexSOFTWARE) WHERE s.ucoexNAME <> 'Mimikatz' RETURN DISTINCT g.ucoexNAME,Which groups use software *other than* 'Mimikatz'?
Existence and Set Operations Queries,Are there any attack methods that don't follow a known pattern?,MATCH (t:UcoexMITREATTACK) WHERE NOT EXISTS((t)<-[:UCOEXHASTAXONOMYMAPPING]-()) RETURN t.ucoexNAME,Which attack techniques are not linked to any attack patterns (CAPECs)?
Existence and Set Operations Queries,What other attacks are similar to what 'APT28' does?,MATCH (:UcoexGROUPS {ucoexNAME: 'APT28'})-[:UCOEXGROUPUSESTECHNIQUE]->(t:UcoexMITREATTACK) WITH collect(t) as apt28Techniques MATCH (c:UcoexCAMPAIGNS)-[:UCOEXCAMPAIGNUSESTECHNIQUE]->(t2) WHERE t2 in apt28Techniques RETURN DISTINCT c.ucoexNAME,Which campaigns use the same attack techniques as the 'APT28' group?
Existence and Set Operations Queries,Has there been an attack that used 'Cobalt Strike' and 'Mimikatz' together?,MATCH (s1:UcoexSOFTWARE {ucoexNAME: 'Cobalt Strike'})<-[:UCOEXCAMPAIGNUSESSOFTWARE]-(c:UcoexCAMPAIGNS)-[:UCOEXCAMPAIGNUSESSOFTWARE]->(s2:UcoexSOFTWARE {ucoexNAME: 'Mimikatz'}) RETURN CASE WHEN count(c) > 0 THEN true ELSE false END AS usesBoth,Is there any campaign that uses both 'Cobalt Strike' and 'Mimikatz'?
Existence and Set Operations Queries,Show me all the defenses you have information on.,MATCH (m:UcoexMITIGATIONS) WHERE m.ucoexDESCRIPTION IS NOT NULL RETURN m.ucoexNAME,List all mitigations that have a description available.
Node Lookup Queries,What is the vulnerability 'CVE-2009-2228'?,MATCH (c:UcoCVE {label: 'CVE-2009-2228'}) RETURN c,Tell me everything about the vulnerability 'CVE-2009-2228'.
Node Lookup Queries,Can you explain 'CVE-2000-5395'?,MATCH (c:UcoCVE {label: 'CVE-2000-5395'}) RETURN c,Tell me everything about the vulnerability 'CVE-2000-5395'.
Node Lookup Queries,What are the details for 'CVE-2013-3014'?,MATCH (c:UcoCVE {label: 'CVE-2013-3014'}) RETURN c,Tell me everything about the vulnerability 'CVE-2g013-3014'.
Node Lookup Queries,Look up 'CVE-2001-8911'.,MATCH (c:UcoCVE {label: 'CVE-2001-8911'}) RETURN c,Tell me everything about the vulnerability 'CVE-2001-8911'.
Node Lookup Queries,What is 'CVE-2001-2833'?,MATCH (c:UcoCVE {label: 'CVE-2001-2833'}) RETURN c,Tell me everything about the vulnerability 'CVE-2001-2833'.
Node Lookup Queries,I need info on 'CVE-2008-4165'.,MATCH (c:UcoCVE {label: 'CVE-2008-4165'}) RETURN c,Tell me everything about the vulnerability 'CVE-2008-4165'.
Node Lookup Queries,What can you tell me about 'CVE-2008-4893'?,MATCH (c:UcoCVE {label: 'CVE-2008-4893'}) RETURN c,Tell me everything about the vulnerability 'CVE-2008-4893'.
Node Lookup Queries,Provide details for 'CVE-2000-3853'.,MATCH (c:UcoCVE {label: 'CVE-2000-3853'}) RETURN c,Tell me everything about the vulnerability 'CVE-2000-3853'.
Node Lookup Queries,What is the security flaw 'CVE-2022-8752'?,MATCH (c:UcoCVE {label: 'CVE-2022-8752'}) RETURN c,Tell me everything about the vulnerability 'CVE-2022-8752'.
"File-System-Vulnerability-Management""",Can you pull up the file for 'CVE-2004-8211'?,MATCH (c:UcoCVE {label: 'CVE-2004-8211'}) RETURN c,Tell me everything about the vulnerability 'CVE-2004-8211'.
Node Lookup Queries,What is the vulnerability 'CVE-2018-1193'?,MATCH (c:UcoCVE {label: 'CVE-2018-1193'}) RETURN c,Tell me everything about the vulnerability 'CVE-2018-1193'.
Node Lookup Queries,Can you look up 'CVE-2001-5323'?,MATCH (c:UcoCVE {label: 'CVE-2001-5323'}) RETURN c,Tell me everything about the vulnerability 'CVE-2001-5323'.
Node Lookup Queries,I need information on 'CVE-2004-1107'.,MATCH (c:UcoCVE {label: 'CVE-2004-1107'}) RETURN c,Tell me everything about the vulnerability 'CVE-2004-1107'.
Node Lookup Queries,What are the details for 'CVE-2017-4289'?,MATCH (c:UcoCVE {label: 'CVE-2017-4289'}) RETURN c,Tell me everything about the vulnerability 'CVE-2017-4289'.
Node Lookup Queries,What's the story with 'CVE-2004-5733'?,MATCH (c:UcoCVE {label: 'CVE-2004-5733'}) RETURN c,Tell me everything about the vulnerability 'CVE-2004-5733'.
Node Lookup Queries,Please find 'CVE-2009-4235'.,MATCH (c:UcoCVE {label: 'CVE-2009-4235'}) RETURN c,Tell me everything about the vulnerability 'CVE-2009-4235'.
Node Lookup Queries,Tell me about 'CVE-2001-9291'.,MATCH (c:UcoCVE {label: 'CVE-2001-9291'}) RETURN c,Tell me everything about the vulnerability 'CVE-2001-9291'.
Node Lookup Queries,What is 'CVE-2001-2379'?,MATCH (c:UcoCVE {label: 'CVE-2001-2379'}) RETURN c,Tell me everything about the vulnerability 'CVE-2001-2379'.
Node Lookup Queries,Look up the flaw 'CVE-2019-4134'.,MATCH (c:UcoCVE {label: 'CVE-2019-4134'}) RETURN c,Tell me everything about the vulnerability 'CVE-2019-4134'.
Node Lookup Queries,Can you explain 'CVE-2019-4711'?,MATCH (c:UcoCVE {label: 'CVE-2019-4711'}) RETURN c,Tell me everything about the vulnerability 'CVE-2019-4711'.
Node Lookup Queries,What are the specifics of 'CVE-2004-8833'?,MATCH (c:UcoCVE {label: 'CVE-2004-8833'}) RETURN c,Tell me everything about the vulnerability 'CVE-2004-8833'.
Node Lookup Queries,I'd like to know about 'CVE-2019-2865'.,MATCH (c:UcoCVE {label: 'CVE-2019-2865'}) RETURN c,Tell me everything about the vulnerability 'CVE-2019-2865'.
Node Lookup Queries,Pull up the info for 'CVE-2018-8093'.,MATCH (c:UcoCVE {label: 'CVE-2018-8093'}) RETURN c,Tell me everything about the vulnerability 'CVE-2018-8093'.
Node Lookup Queries,What's 'CVE-2008-3397' about?,MATCH (c:UcoCVE {label: 'CVE-2008-3397'}) RETURN c,Tell me everything about the vulnerability 'CVE-2008-3397'.
Node Lookup Queries,Tell me about the security issue 'CVE-2008-1843'.,MATCH (c:UcoCVE {label: 'CVE-2008-1843'}) RETURN c,Tell me everything about the vulnerability 'CVE-2008-1843'.
Node Lookup Queries,Can you find 'CVE-2019-4499'?,MATCH (c:UcoCVE {label: 'CVE-2019-4499'}) RETURN c,Tell me everything about the vulnerability 'CVE-2019-4499'.
Node Lookup Queries,What is the flaw 'CVE-2007-4014'?,MATCH (c:UcoCVE {label: 'CVE-2007-4014'}) RETURN c,Tell me everything about the vulnerability 'CVE-2007-4014'.
Node Lookup Queries,"Details for 'CVE-2005-1133', please.",MATCH (c:UcoCVE {label: 'CVE-2005-1133'}) RETURN c,Tell me everything about the vulnerability 'CVE-2005-1133'.
Node Lookup Queries,What can you tell me about 'CVE-2009-5368'?,MATCH (c:UcoCVE {label: 'CVE-2009-5368'}) RETURN c,Tell me everything about the vulnerability 'CVE-2009-5368'.
Node Lookup Queries,Look up 'CVE-2017-7028'.,MATCH (c:UcoCVE {label: 'CVE-2017-7028'}) RETURN c,Tell me everything about the vulnerability 'CVE-2017-7028'.
Node Lookup Queries,Find info on 'CVE-2004-4919'.,MATCH (c:UcoCVE {label: 'CVE-2004-4919'}) RETURN c,Tell me everything about the vulnerability 'CVE-2004-4919'.
Node Lookup Queries,What is 'CVE-2005-8499'?,MATCH (c:UcoCVE {label: 'CVE-2005-8499'}) RETURN c,Tell me everything about the vulnerability 'CVE-2005-8499'.
Node Lookup Queries,Can you explain 'CVE-2005-0646'?,MATCH (c:UcoCVE {label: 'CVE-2005-0646'}) RETURN c,Tell me everything about the vulnerability 'CVE-2005-0646'.
Node Lookup Queries,What are the details for 'CVE-2005-4311'?,MATCH (c:UcoCVE {label: 'CVE-2005-4311'}) RETURN c,Tell me everything about the vulnerability 'CVE-2005-4311'.
Node Lookup Queries,I need to know about 'CVE-2005-7382'.,MATCH (c:UcoCVE {label: 'CVE-2005-7382'}) RETURN c,Tell me everything about the vulnerability 'CVE-2005-7382'.
Node Lookup Queries,What's the issue with 'CVE-2005-1302'?,MATCH (c:UcoCVE {label: 'CVE-2005-1302'}) RETURN c,Tell me everything about the vulnerability 'CVE-2005-1302'.
Node Lookup Queries,Give me the rundown on 'CVE-2005-4309'.,MATCH (c:UcoCVE {label: 'CVE-2005-4309'}) RETURN c,Tell me everything about the vulnerability 'CVE-2005-4309'.
Node Lookup Queries,What is 'CVE-2005-1311'?,MATCH (c:UcoCVE {label: 'CVE-2005-1311'}) RETURN c,Tell me everything about the vulnerability 'CVE-2005-1311'.
Node Lookup Queries,Look up the vulnerability 'CVE-2005-1312'.,MATCH (c:UcoCVE {label: 'CVE-2005-1312'}) RETURN c,Tell me everything about the vulnerability 'CVE-2005-1312'.
Node Lookup Queries,Find details for 'CVE-2005-1313'.,MATCH (c:UcoCVE {label: 'CVE-2005-1313'}) RETURN c,Tell me everything about the vulnerability 'CVE-2005-1313'.
Node Lookup Queries,Can I see a list of all 'HIGH' severity vulnerabilities?,MATCH (c:UcoCVE {ucobaseSeverity: 'HIGH'}) RETURN c,Show me all vulnerabilities with a 'HIGH' severity rating.
Node Lookup Queries,What vulnerabilities are considered 'MEDIUM' severity?,MATCH (c:UcoCVE {ucobaseSeverity: 'MEDIUM'}) RETURN c,Show me all vulnerabilities with a 'MEDIUM' severity rating.
Node Lookup Queries,Find all 'LOW' severity vulnerabilities.,MATCH (c:UcoCVE {ucobaseSeverity: 'LOW'}) RETURN c,Show me all vulnerabilities with a 'LOW' severity rating.
Node Lookup Queries,Which vulnerabilities have been 'Deferred'?,MATCH (c:UcoCVE {ucovulnStatus: 'Deferred'}) RETURN c,Find all vulnerabilities with a status of 'Deferred'.
Node Lookup Queries,Show me the vulnerabilities that are 'Analyzed'.,MATCH (c:UcoCVE {ucovulnStatus: 'Analyzed'}) RETURN c,Find all vulnerabilities with a status of 'Analyzed'.
Node Lookup Queries,List all flaws that have been 'Modified'.,MATCH (c:UcoCVE {ucovulnStatus: 'Modified'}) RETURN c,Find all vulnerabilities with a status of 'Modified'.
Node Lookup Queries,Which vulnerabilities are 'Awaiting Analysis'?,MATCH (c:UcoCVE {ucovulnStatus: 'Awaiting Analysis'}) RETURN c,Find all vulnerabilities with a status of 'Awaiting Analysis'.
Node Lookup Queries,Can I see the vulnerabilities that were 'Rejected'?,MATCH (c:UcoCVE {ucovulnStatus: 'Rejected'}) RETURN c,Find all vulnerabilities with a status of 'Rejected'.
Node Lookup Queries,What vulnerabilities are 'Undergoing Analysis' right now?,MATCH (c:UcoCVE {ucovulnStatus: 'Undergoing Analysis'}) RETURN c,Find all vulnerabilities with a status of 'Undergoing Analysis'.
Node Lookup Queries,List all vulnerabilities with a 'Received' status.,MATCH (c:UcoCVE {ucovulnStatus: 'Received'}) RETURN c,Find all vulnerabilities with a status of 'Received'.
Node Lookup Queries,Find all flaws with an impact rating lower than 3.9.,MATCH (c:UcoCVE) WHERE toFloat(c.ucoimpactScore) < 3.9 RETURN c,Show me all vulnerabilities with an impact score below 3.9.
Node Lookup Queries,Which vulnerabilities are really easy to exploit (score over 9.2)?,MATCH (c:UcoCVE) WHERE toFloat(c.ucoexploitabilityScore) > 9.2 RETURN c,Show me all vulnerabilities with an exploitability score above 9.2.
Node Lookup Queries,List flaws with an exploitability score under 9.5.,MATCH (c:UcoCVE) WHERE toFloat(c.ucoexploitabilityScore) < 9.5 RETURN c,Show me all vulnerabilities with an exploitability score below 9.5.
Node Lookup Queries,Find security flaws with an impact score less than 8.8.,MATCH (c:UcoCVE) WHERE toFloat(c.ucoimpactScore) < 8.8 RETURN c,Show me all vulnerabilities with an impact score below 8.8.
Node Lookup Queries,What are the flaws with exploitability under 5.3?,MATCH (c:UcoCVE) WHERE toFloat(c.ucoexploitabilityScore) < 5.3 RETURN c,Show me all vulnerabilities with an exploitability score below 5.3.
Node Lookup Queries,Show me flaws with an impact rating higher than 2.8.,MATCH (c:UcoCVE) WHERE toFloat(c.ucoimpactScore) > 2.8 RETURN c,Show me all vulnerabilities with an impact score above 2.8.
Node Lookup Queries,Which vulnerabilities are extremely hard to exploit (score below 1.1)?,MATCH (c:UcoCVE) WHERE toFloat(c.ucoexploitabilityScore) < 1.1 RETURN c,Show me all vulnerabilities with an exploitability score below 1.1.
Node Lookup Queries,Find flaws with a very low impact (under 1.4).,MATCH (c:UcoCVE) WHERE toFloat(c.ucoimpactScore) < 1.4 RETURN c,Show me all vulnerabilities with an impact score below 1.4.
Node Lookup Queries,List vulnerabilities with a high impact score (over 8.2).,MATCH (c:UcoCVE) WHERE toFloat(c.ucoimpactScore) > 8.2 RETURN c,Show me all vulnerabilities with an impact score above 8.2.
Node Lookup Queries,Which vulnerabilities have an exploitability score over 3.4?,MATCH (c:UcoCVE) WHERE toFloat(c.ucoexploitabilityScore) > 3.4 RETURN c,Show me all vulnerabilities with an exploitability score above 3.4.
Node Lookup Queries,Are there any vulnerabilities with an impact score under 5.4?,MATCH (c:UcoCVE) WHERE toFloat(c.ucoimpactScore) < 5.4 RETURN c,Show me all vulnerabilities with an impact score below 5.4.
Node Lookup Queries,Can you list vulnerabilities with an 'easy to exploit' score lower than 6.4?,MATCH (c:UcoCVE) WHERE toFloat(c.ucoexploitabilityScore) < 6.4 RETURN c,Show me all vulnerabilities with an exploitability score below 6.4.
Node Lookup Queries,I need to find flaws with a damage score of less than 6.2.,MATCH (c:UcoCVE) WHERE toFloat(c.ucoimpactScore) < 6.2 RETURN c,Show me all vulnerabilities with an impact score below 6.2.
Node Lookup Queries,What are the vulnerabilities with an exploitability score over 2.4?,MATCH (c:UcoCVE) WHERE toFloat(c.ucoexploitabilityScore) > 2.4 RETURN c,Show me all vulnerabilities with an exploitability score above 2.4.
Node Lookup Queries,List all security flaws that have an exploit score higher than 1.4.,MATCH (c:UcoCVE) WHERE toFloat(c.ucoexploitabilityScore) > 1.4 RETURN c,Show me all vulnerabilities with an exploitability score above 1.4.
Node Lookup Queries,Are there any vulnerabilities with an exploitability rating under 8.2?,MATCH (c:UcoCVE) WHERE toFloat(c.ucoexploitabilityScore) < 8.2 RETURN c,Show me all vulnerabilities with an exploitability score below 8.2.
Node Lookup Queries,"Find flaws that are relatively easy to exploit, with a score under 4.8.",MATCH (c:UcoCVE) WHERE toFloat(c.ucoexploitabilityScore) < 4.8 RETURN c,Show me all vulnerabilities with an exploitability score below 4.8.
Node Lookup Queries,"What are the most damaging vulnerabilities, with scores over 9.4?",MATCH (c:UcoCVE) WHERE toFloat(c.ucoimpactScore) > 9.4 RETURN c,Show me all vulnerabilities with an impact score above 9.4.
Node Lookup Queries,Show me a list of flaws with a damage score under 9.3.,MATCH (c:UcoCVE) WHERE toFloat(c.ucoimpactScore) < 9.3 RETURN c,Show me all vulnerabilities with an impact score below 9.3.
Node Lookup Queries,I'm looking for vulnerabilities with an impact rating higher than 6.4.,MATCH (c:UcoCVE) WHERE toFloat(c.ucoimpactScore) > 6.4 RETURN c,Show me all vulnerabilities with an impact score above 6.4.
Node Lookup Queries,Are there any 'LOW' risk flaws that still need a user to do something?,"MATCH (c:UcoCVE {ucobaseSeverity: 'LOW', ucouserInteractionRequired: 'true'}) RETURN c",Show me all 'LOW' severity vulnerabilities that require user interaction.
Node Lookup Queries,Which 'Analyzed' flaws allow an attacker to get 'god mode' (all privileges)?,"MATCH (c:UcoCVE {ucovulnStatus: 'Analyzed', ucoobtainAllPrivilege: 'true'}) RETURN c",Find all 'Analyzed' vulnerabilities that let an attacker get full privileges.
Node Lookup Queries,Find all 'HIGH' risk vulnerabilities that need a user to click something.,"MATCH (c:UcoCVE {ucobaseSeverity: 'HIGH', ucouserInteractionRequired: 'true'}) RETURN c",Show me all 'HIGH' severity vulnerabilities that require user interaction.
Node Lookup Queries,Which 'Received' flaws *don't* allow an attacker to take over the system?,"MATCH (c:UcoCVE {ucovulnStatus: 'Received', ucoobtainAllPrivilege: 'false'}) RETURN c",Find all 'Received' vulnerabilities that *do not* let an attacker get full privileges.
Node Lookup Queries,Show me 'Modified' flaws that can lead to a full system compromise.,"MATCH (c:UcoCVE {ucovulnStatus: 'Modified', ucoobtainAllPrivilege: 'true'}) RETURN c",Find all 'Modified' vulnerabilities that let an attacker get full privileges.
Node Lookup Queries,What 'MEDIUM' risk vulnerabilities require a user to interact with them?,"MATCH (c:UcoCVE {ucobaseSeverity: 'MEDIUM', ucouserInteractionRequired: 'true'}) RETURN c",Show me all 'MEDIUM' severity vulnerabilities that require user interaction.
Node Lookup Queries,Are there any unanalyzed flaws that could give an attacker full control?,"MATCH (c:UcoCVE {ucovulnStatus: 'Awaiting Analysis', ucoobtainAllPrivilege: 'true'}) RETURN c",Find all vulnerabilities 'Awaiting Analysis' that let an attacker get full privileges.
Node Lookup Queries,Which flaws currently being analyzed might allow total system access?,"MATCH (c:UcoCVE {ucovulnStatus: 'Undergoing Analysis', ucoobtainAllPrivilege: 'true'}) RETURN c",Find all vulnerabilities 'Undergoing Analysis' that let an attacker get full privileges.
Node Lookup Queries,Find 'LOW' risk flaws that can be exploited automatically (no user needed).,"MATCH (c:UcoCVE {ucobaseSeverity: 'LOW', ucouserInteractionRequired: 'false'}) RETURN c",Show me all 'LOW' severity vulnerabilities that *do not* require user interaction.
Node Lookup Queries,Are there any 'Rejected' issues that were said to allow full admin access?,"MATCH (c:UcoCVE {ucovulnStatus: 'Rejected', ucoobtainAllPrivilege: 'true'}) RETURN c",Find all 'Rejected' vulnerabilities that let an attacker get full privileges.
Node Lookup Queries,Show me postponed flaws that could let an attacker get full privileges.,"MATCH (c:UcoCVE {ucovulnStatus: 'Deferred', ucoobtainAllPrivilege: 'true'}) RETURN c",Find all 'Deferred' vulnerabilities that let an attacker get full privileges.
Node Lookup Queries,Which unanalyzed flaws are known *not* to grant full system access?,"MATCH (c:UcoCVE {ucovulnStatus: 'Awaiting Analysis', ucoobtainAllPrivilege: 'false'}) RETURN c",Find all vulnerabilities 'Awaiting Analysis' that *do not* let an attacker get full privileges.
Node Lookup Queries,List newly 'Received' flaws that could grant an attacker full control.,"MATCH (c:UcoCVE {ucovulnStatus: 'Received', ucoobtainAllPrivilege: 'true'}) RETURN c",Find all 'Received' vulnerabilities that let an attacker get full privileges.
Node Lookup Queries,Which flaws being analyzed are confirmed *not* to allow full system takeover?,"MATCH (c:UcoCVE {ucovulnStatus: 'Undergoing Analysis', ucoobtainAllPrivilege: 'false'}) RETURN c",Find all vulnerabilities 'Undergoing Analysis' that *do not* let an attacker get full privileges.
Node Lookup Queries,What are the 'HIGH' risk flaws that can be exploited without a user doing anything?,"MATCH (c:UcoCVE {ucobaseSeverity: 'HIGH', ucouserInteractionRequired: 'false'}) RETURN c",Show me all 'HIGH' severity vulnerabilities that *do not* require user interaction.
Node Lookup Queries,List the 'Rejected' flaws that were confirmed *not* to grant full access.,"MATCH (c:UcoCVE {ucovulnStatus: 'Rejected', ucoobtainAllPrivilege: 'false'}) RETURN c",Find all 'Rejected' vulnerabilities that *do not* let an attacker get full privileges.
Node Lookup Queries,Show me 'Modified' flaws that *cannot* lead to a full system compromise.,"MATCH (c:UcoCVE {ucovulnStatus: 'Modified', ucoobtainAllPrivilege: 'false'}) RETURN c",Find all 'Modified' vulnerabilities that *do not* let an attacker get full privileges.
Node Lookup Queries,Which 'Analyzed' flaws *don't* let an attacker get 'god mode'?,"MATCH (c:UcoCVE {ucovulnStatus: 'Analyzed', ucoobtainAllPrivilege: 'false'}) RETURN c",Find all 'Analyzed' vulnerabilities that *do not* let an attacker get full privileges.
Node Lookup Queries,Find 'MEDIUM' risk flaws that are automatic (no user click needed).,"MATCH (c:UcoCVE {ucobaseSeverity: 'MEDIUM', ucouserInteractionRequired: 'false'}) RETURN c",Show me all 'MEDIUM' severity vulnerabilities that *do not* require user interaction.
Node Lookup Queries,Which postponed flaws are known *not* to allow full system access?,"MATCH (c:UcoCVE {ucovulnStatus: 'Deferred', ucoobtainAllPrivilege: 'false'}) RETURN c",Find all 'Deferred' vulnerabilities that *do not* let an attacker get full privileges.
Node Lookup Queries,"List 'LOW' risk, 'Analyzed' flaws that need a user to click something.","MATCH (c:UcoCVE {ucobaseSeverity: 'LOW', ucovulnStatus: 'Analyzed', ucouserInteractionRequired: 'true'}) RETURN c","Find all 'LOW' severity, 'Analyzed' vulnerabilities that require user interaction."
Node Lookup Queries,"Are there unanalyzed, 'HIGH' risk flaws that can be exploited automatically?","MATCH (c:UcoCVE {ucobaseSeverity: 'HIGH', ucovulnStatus: 'Awaiting Analysis', ucouserInteractionRequired: 'false'}) RETURN c",Find all 'HIGH' severity vulnerabilities 'Awaiting Analysis' that *do not* require user interaction.
Node Lookup Queries,"List 'MEDIUM' risk, 'Modified' flaws that need a user to do something.","MATCH (c:UcoCVE {ucobaseSeverity: 'MEDIUM', ucovulnStatus: 'Modified', ucouserInteractionRequired: 'true'}) RETURN c","Find all 'MEDIUM' severity, 'Modified' vulnerabilities that require user interaction."
Node Lookup Queries,"What are the newly 'Received', 'LOW' risk flaws that can be exploited automatically?","MATCH (c:UcoCVE {ucobaseSeverity: 'LOW', ucovulnStatus: 'Received', ucouserInteractionRequired: 'false'}) RETURN c","Find all 'LOW' severity, 'Received' vulnerabilities that *do not* require user interaction."
Node Lookup Queries,List any 'Rejected' flaws that were 'HIGH' risk and needed user interaction.,"MATCH (c:UcoCVE {ucobaseSeverity: 'HIGH', ucovulnStatus: 'Rejected', ucouserInteractionRequired: 'true'}) RETURN c","Find all 'HIGH' severity, 'Rejected' vulnerabilities that require user interaction."
Node Lookup Queries,"Are there 'MEDIUM' risk, postponed flaws that are automatic (no user needed)?","MATCH (c:UcoCVE {ucobaseSeverity: 'MEDIUM', ucovulnStatus: 'Deferred', ucouserInteractionRequired: 'false'}) RETURN c","Find all 'MEDIUM' severity, 'Deferred' vulnerabilities that *do not* require user interaction."
Node Lookup Queries,Which 'LOW' risk flaws being analyzed need a user to click something?,"MATCH (c:UcoCVE {ucobaseSeverity: 'LOW', ucovulnStatus: 'Undergoing Analysis', ucouserInteractionRequired: 'true'}) RETURN c",Find all 'LOW' severity vulnerabilities 'Undergoing Analysis' that require user interaction.
Node Lookup Queries,"What security flaws were announced on January 15, 2020?",MATCH (v:UcoVulnerability) WHERE v.ucopublishedDateTime STARTS WITH '2020-01-15' RETURN v,Find all vulnerabilities published on '2020-01-15'.
Node Lookup Queries,"What vulnerabilities have been updated since June 1, 2021?",MATCH (v:UcoVulnerability) WHERE v.ucolastModifiedDateTime > '2021-06-01T00:00:00' RETURN v,Find all vulnerabilities last modified after '2021-06-01'.
Node Lookup Queries,Show me flaws related to 'remote code execution'.,MATCH (v:UcoVulnerability) WHERE v.ucosummary CONTAINS 'remote code execution' RETURN v,Find all vulnerabilities that mention 'remote code execution' in their summary.
Node Lookup Queries,What are all the 'CRITICAL' security flaws?,MATCH (v:UcoVulnerability {ucobaseSeverity: 'CRITICAL'}) RETURN v,Show me all vulnerabilities with a 'CRITICAL' severity rating.
Node Lookup Queries,Can I see a list of all 'HIGH' risk vulnerabilities?,MATCH (v:UcoVulnerability {ucobaseSeverity: 'HIGH'}) RETURN v,Show me all vulnerabilities with a 'HIGH' severity rating.
Node Lookup Queries,Find all flaws that are considered 'MEDIUM' risk.,MATCH (v:UcoVulnerability {ucobaseSeverity: 'MEDIUM'}) RETURN v,Show me all vulnerabilities with a 'MEDIUM' severity rating.
Node Lookup Queries,What are all the 'LOW' risk security flaws?,MATCH (v:UcoVulnerability {ucobaseSeverity: 'LOW'}) RETURN v,Show me all vulnerabilities with a 'LOW' severity rating.
Node Lookup Queries,Show me all security flaws that have been 'Analyzed'.,MATCH (v:UcoVulnerability {ucovulnStatus: 'Analyzed'}) RETURN v,Find all vulnerabilities with an 'Analyzed' status.
Node Lookup Queries,Which vulnerability reports were 'Rejected'?,MATCH (v:UcoVulnerability {ucovulnStatus: 'Rejected'}) RETURN v,Find all vulnerabilities with a 'Rejected' status.
Node Lookup Queries,List all flaws that need a user to do something (like click a link).,MATCH (v:UcoVulnerability {ucouserInteractionRequired: 'true'}) RETURN v,Find all vulnerabilities that require user interaction.
Node Lookup Queries,"Which flaws can be exploited automatically, without a user's help?",MATCH (v:UcoVulnerability {ucouserInteractionRequired: 'false'}) RETURN v,Find all vulnerabilities that *do not* require user interaction.
Node Lookup Queries,Show me all flaws that could let an attacker take over a system completely.,MATCH (v:UcoVulnerability {ucoobtainAllPrivilege: 'true'}) RETURN v,Find all vulnerabilities that let an attacker get full privileges.
Node Lookup Queries,List all flaws with a very high damage score (over 9.0).,MATCH (v:UcoVulnerability) WHERE toFloat(v.ucoimpactScore) > 9.0 RETURN v,Show me all vulnerabilities with an impact score above 9.0.
Node Lookup Queries,Which security flaws have an exploit score below 3.0?,MATCH (v:UcoVulnerability) WHERE toFloat(v.ucoexploitabilityScore) < 3.0 RETURN v,Show me all vulnerabilities that are easy to exploit (score less than 3.0).
Node Lookup Queries,Show me 'CRITICAL' flaws that need a user to click a link or open a file.,"MATCH (v:UcoVulnerability {ucobaseSeverity: 'CRITICAL', ucouserInteractionRequired: 'true'}) RETURN v",List all 'CRITICAL' vulnerabilities that require a user to do something.
Node Lookup Queries,Are there any 'HIGH' risk issues involving 'buffer overflow'?,MATCH (v:UcoVulnerability {ucobaseSeverity: 'HIGH'}) WHERE v.ucosummary CONTAINS 'buffer overflow' RETURN v,Find all 'HIGH' severity vulnerabilities related to 'buffer overflow'.
Node Lookup Queries,Show me all security flaws announced earlier than 2019.,MATCH (v:UcoVulnerability) WHERE v.ucopublishedDateTime < '2019-01-01T00:00:00' RETURN v,What vulnerabilities were published before 2019?
Node Lookup Queries,Which security advisories were updated at any point in 2022?,MATCH (v:UcoVulnerability) WHERE v.ucolastModifiedDateTime >= '2022-01-01T00:00:00' AND v.ucolastModifiedDateTime <= '2022-12-31T23:59:59' RETURN v,What vulnerabilities were modified during 2022?
Node Lookup Queries,Show me 'MEDIUM' risk flaws that mention 'denial of service'.,MATCH (v:UcoVulnerability {ucobaseSeverity: 'MEDIUM'}) WHERE v.ucosummary CONTAINS 'denial of service' RETURN v,List 'MEDIUM' severity vulnerabilities related to 'denial of service'.
Node Lookup Queries,Which flaws have a damage rating from 7.0 to 8.0?,MATCH (v:UcoVulnerability) WHERE toFloat(v.ucoimpactScore) >= 7.0 AND toFloat(v.ucoimpactScore) <= 8.0 RETURN v,Find vulnerabilities with an impact score between 7.0 and 8.0.
Node Lookup Queries,List security flaws with an exploit score in the 4.0 to 5.0 range.,MATCH (v:UcoVulnerability) WHERE toFloat(v.ucoexploitabilityScore) >= 4.0 AND toFloat(v.ucoexploitabilityScore) <= 5.0 RETURN v,Find vulnerabilities with an exploitability score between 4.0 and 5.0.
Node Lookup Queries,Show me 'Modified' flaws that can be exploited automatically.,"MATCH (v:UcoVulnerability {ucovulnStatus: 'Modified', ucouserInteractionRequired: 'false'}) RETURN v",List 'Modified' vulnerabilities that *do not* require user interaction.
Node Lookup Queries,What flaws from 2023 allow an attacker to get 'god mode'?,MATCH (v:UcoVulnerability {ucoobtainAllPrivilege: 'true'}) WHERE v.ucopublishedDateTime STARTS WITH '2023' RETURN v,Find vulnerabilities from 2023 that let an attacker get full privileges.
Node Lookup Queries,List all flaws that mention 'SQL injection'.,MATCH (v:UcoVulnerability) WHERE v.ucosummary CONTAINS 'SQL injection' RETURN v,Show me vulnerabilities related to 'SQL injection'.
Node Lookup Queries,Which flaws are about 'authentication bypass'?,MATCH (v:UcoVulnerability) WHERE v.ucosummary CONTAINS 'authentication bypass' RETURN v,Show me vulnerabilities related to 'authentication bypass'.
Node Lookup Queries,Can you find issues about 'cross-site scripting'?,MATCH (v:UcoVulnerability) WHERE v.ucosummary CONTAINS 'cross-site scripting' RETURN v,Show me vulnerabilities related to 'cross-site scripting'.
Node Lookup Queries,I need to see flaws about 'privilege escalation'.,MATCH (v:UcoVulnerability) WHERE v.ucosummary CONTAINS 'privilege escalation' RETURN v,Show me vulnerabilities related to 'privilege escalation'.
Node Lookup Queries,Find security issues categorized as 'information disclosure'.,MATCH (v:UcoVulnerability) WHERE v.ucosummary CONTAINS 'information disclosure' RETURN v,Show me vulnerabilities related to 'information disclosure'.
Node Lookup Queries,What are the flaws for 'directory traversal'?,MATCH (v:UcoVulnerability) WHERE v.ucosummary CONTAINS 'directory traversal' RETURN v,Show me vulnerabilities related to 'directory traversal'.
Node Lookup Queries,List all 'command injection' security holes.,MATCH (v:UcoVulnerability) WHERE v.ucosummary CONTAINS 'command injection' RETURN v,Show me vulnerabilities related to 'command injection'.
Node Lookup Queries,Find flaws having to do with 'file upload'.,MATCH (v:UcoVulnerability) WHERE v.ucosummary CONTAINS 'file upload' RETURN v,Show me vulnerabilities related to 'file upload' issues.
Node Lookup Queries,Which flaws are about 'insecure deserialization'?,MATCH (v:UcoVulnerability) WHERE v.ucosummary CONTAINS 'insecure deserialization' RETURN v,Show me vulnerabilities related to 'insecure deserialization'.
Node Lookup Queries,Find all security issues caused by 'weak passwords'.,MATCH (v:UcoVulnerability) WHERE v.ucosummary CONTAINS 'weak password' RETURN v,Show me vulnerabilities related to 'weak passwords'.
Node Lookup Queries,What are the security flaws for 'session fixation'?,MATCH (v:UcoVulnerability) WHERE v.ucosummary CONTAINS 'session fixation' RETURN v,Show me vulnerabilities related to 'session fixation'.
Node Lookup Queries,Can you list flaws about 'open redirect'?,MATCH (v:UcoVulnerability) WHERE v.ucosummary CONTAINS 'open redirect' RETURN v,Show me vulnerabilities related to 'open redirect'.
Node Lookup Queries,I'm looking for issues with 'server-side request forgery'.,MATCH (v:UcoVulnerability) WHERE v.ucosummary CONTAINS 'server-side request forgery' RETURN v,Show me vulnerabilities related to 'server-side request forgery'.
"Next-Generation-Firewall""Node Lookup Queries""",Find all 'XML external entity' security problems.,MATCH (v:UcoVulnerability) WHERE v.ucosummary CONTAINS 'XML external entity' RETURN v,Show me vulnerabilities related to 'XML external entity'.
Node Lookup Queries,List flaws that mention 'unauthorized access'.,MATCH (v:UcoVulnerability) WHERE v.ucosummary CONTAINS 'unauthorized access' RETURN v,Show me vulnerabilities related to 'unauthorized access'.
Node Lookup Queries,Which flaws are about 'memory corruption'?,MATCH (v:UcoVulnerability) WHERE v.ucosummary CONTAINS 'memory corruption' RETURN v,Show me vulnerabilities related to 'memory corruption'.
Node Lookup Queries,Can you find issues involving a 'race condition'?,MATCH (v:UcoVulnerability) WHERE v.ucosummary CONTAINS 'race condition' RETURN v,Show me vulnerabilities related to 'race condition'.
Node Lookup Queries,List all 'format string' security holes.,MATCH (v:UcoVulnerability) WHERE v.ucosummary CONTAINS 'format string' RETURN v,Show me vulnerabilities related to 'format string' issues.
Node Lookup Queries,Find security flaws for 'integer overflow'.,MATCH (v:UcoVulnerability) WHERE v.ucosummary CONTAINS 'integer overflow' RETURN v,Show me vulnerabilities related to 'integer overflow'.
Node Lookup Queries,What are the security issues for 'use-after-free'?,MATCH (v:UcoVulnerability) WHERE v.ucosummary CONTAINS 'use-after-free' RETURN v,Show me vulnerabilities related to 'use-after-free'.
Node Lookup Queries,Find all flaws that mention 'double free'.,MATCH (v:UcoVulnerability) WHERE v.ucosummary CONTAINS 'double free' RETURN v,Show me vulnerabilities related to 'double free'.
Node Lookup Queries,List security issues for 'heap overflow'.,MATCH (v:UcoVulnerability) WHERE v.ucosummary CONTAINS 'heap overflow' RETURN v,Show me vulnerabilities related to 'heap overflow'.
Node Lookup Queries,Can you find all 'stack overflow' flaws?,MATCH (v:UcoVulnerability) WHERE v.ucosummary CONTAINS 'stack overflow' RETURN v,Show me vulnerabilities related to 'stack overflow'.
Node Lookup Queries,What are the security flaws caused by a 'logic error'?,MATCH (v:UcoVulnerability) WHERE v.ucosummary CONTAINS 'logic error' RETURN v,Show me vulnerabilities related to a 'logic error'.
Node Lookup Queries,Find flaws that are because of a 'configuration error'.,MATCH (v:UcoVulnerability) WHERE v.ucosummary CONTAINS 'configuration error' RETURN v,Show me vulnerabilities related to a 'configuration error'.
Node Lookup Queries,What are the security risks of 'missing encryption'?,MATCH (v:UcoVulnerability) WHERE v.ucosummary CONTAINS 'missing encryption' RETURN v,Show me vulnerabilities related to 'missing encryption'.
Node Lookup Queries,Show me a list of all flaws from 2024.,MATCH (v:UcoVulnerability) WHERE v.ucopublishedDateTime STARTS WITH '2024' RETURN v,What vulnerabilities were published in 2024?
Node Lookup Queries,Which security flaws were updated in March?,MATCH (v:UcoVulnerability) WHERE v.ucolastModifiedDateTime CONTAINS '-03-' RETURN v,What vulnerabilities were modified in March (any year)?
"Note""",Find vulnerabilities with 'zero-day' in their summary.,MATCH (v:UcoVulnerability) WHERE v.ucosummary CONTAINS 'zero-day' RETURN v,Show me vulnerabilities related to 'zero-day' exploits.
Node Lookup Queries,Show me all security advisories that are 'INFORMATIONAL'.,MATCH (v:UcoVulnerability {ucobaseSeverity: 'INFORMATIONAL'}) RETURN v,List all 'INFORMATIONAL' level vulnerabilities.
Node Lookup Queries,Which security flaws are currently 'Pending'?,MATCH (v:UcoVulnerability {ucovulnStatus: 'Pending'}) RETURN v,Find all vulnerabilities with a 'Pending' status.
Node Lookup Queries,List flaws that *cannot* lead to a full system compromise.,MATCH (v:UcoVulnerability {ucoobtainAllPrivilege: 'false'}) RETURN v,Find vulnerabilities that *do not* let an attacker get full privileges.
Node Lookup Queries,Which flaws have a damage rating of 5.0 on the dot?,MATCH (v:UcoVulnerability) WHERE toFloat(v.ucoimpactScore) = 5.0 RETURN v,Find vulnerabilities with an impact score of exactly 5.0.
Node Lookup Queries,Show me flaws with an 'easy to exploit' score of 7.0.,MATCH (v:UcoVulnerability) WHERE toFloat(v.ucoexploitabilityScore) = 7.0 RETURN v,Find vulnerabilities with an exploitability score of exactly 7.0.
Node Lookup Queries,What 'HIGH' risk flaws can be exploited automatically?,"MATCH (v:UcoVulnerability {ucobaseSeverity: 'HIGH', ucouserInteractionRequired: 'false'}) RETURN v",List 'HIGH' severity vulnerabilities that *do not* require user interaction.
Node Lookup Queries,Are there any 'MEDIUM' risk flaws that mention 'malware'?,MATCH (v:UcoVulnerability {ucobaseSeverity: 'MEDIUM'}) WHERE v.ucosummary CONTAINS 'malware' RETURN v,Find 'MEDIUM' severity vulnerabilities related to 'malware'.
Node Lookup Queries,List all 'LOW' risk flaws that were announced in 2022.,MATCH (v:UcoVulnerability {ucobaseSeverity: 'LOW'}) WHERE v.ucopublishedDateTime STARTS WITH '2022' RETURN v,Find 'LOW' severity vulnerabilities published in 2022.
Node Lookup Queries,"What security flaws have been updated recently (since September 20, 2025)?",MATCH (v:UcoVulnerability) WHERE v.ucolastModifiedDateTime >= '2025-09-20T00:00:00' RETURN v,"What vulnerabilities were modified in the last 30 days (since Sep 20, 2025)?"
Node Lookup Queries,Show me 'CRITICAL' flaws that are about 'phishing'.,MATCH (v:UcoVulnerability {ucobaseSeverity: 'CRITICAL'}) WHERE v.ucosummary CONTAINS 'phishing' RETURN v,Find 'CRITICAL' severity vulnerabilities related to 'phishing'.
Node Lookup Queries,Show me flaws that have extreme damage ratings (below 2.0 or above 8.0).,MATCH (v:UcoVulnerability) WHERE toFloat(v.ucoimpactScore) < 2.0 OR toFloat(v.ucoimpactScore) > 8.0 RETURN v,Find vulnerabilities with either a very low (under 2.0) or very high (over 8.0) impact score.
Node Lookup Queries,Can you list all flaws that don't have an exploit score of exactly 6.0?,MATCH (v:UcoVulnerability) WHERE toFloat(v.ucoexploitabilityScore) <> 6.0 RETURN v,Show me vulnerabilities that *do not* have an exploitability score of 6.0.
Node Lookup Queries,Which flaws being analyzed need a user to click on something?,"MATCH (v:UcoVulnerability {ucovulnStatus: 'Undergoing Analysis', ucouserInteractionRequired: 'true'}) RETURN v",Find vulnerabilities that are 'Undergoing Analysis' and require user interaction.
Node Lookup Queries,Show me security holes updated in 2024 that could give an attacker full control.,MATCH (v:UcoVulnerability {ucoobtainAllPrivilege: 'true'}) WHERE v.ucolastModifiedDateTime STARTS WITH '2024' RETURN v,Find vulnerabilities modified in 2024 that let an attacker get full privileges.
Node Lookup Queries,What security flaws are associated with a 'data breach'?,MATCH (v:UcoVulnerability) WHERE v.ucosummary CONTAINS 'data breach' RETURN v,Show me vulnerabilities related to 'data breach'.
Node Lookup Queries,Can you find any flaws connected to 'ransomware'?,MATCH (v:UcoVulnerability) WHERE v.ucosummary CONTAINS 'ransomware' RETURN v,Show me vulnerabilities related to 'ransomware'.
Node Lookup Queries,What vulnerabilities are linked to 'supply chain attacks'?,MATCH (v:UcoVulnerability) WHERE v.ucosummary CONTAINS 'supply chain attack' RETURN v,Show me vulnerabilities related to 'supply chain attack'.
Node Lookup Queries,List security issues that affect 'web applications'.,MATCH (v:UcoVulnerability) WHERE v.ucosummary CONTAINS 'web application' RETURN v,Show me vulnerabilities related to 'web applications'.
Node Lookup Queries,What security flaws are found in 'mobile applications'?,MATCH (v:UcoVulnerability) WHERE v.ucosummary CONTAINS 'mobile application' RETURN v,Show me vulnerabilities related to 'mobile applications'.
Node Lookup Queries,Can you find any issues about 'cloud security'?,MATCH (v:UcoVulnerability) WHERE v.ucosummary CONTAINS 'cloud security' RETURN v,Show me vulnerabilities related to 'cloud security'.
Node Lookup Queries,What security holes are there in 'IoT devices'?,MATCH (v:UcoVulnerability) WHERE v.ucosummary CONTAINS 'IoT device' RETURN v,Show me vulnerabilities related to 'IoT devices'.
Node Lookup Queries,I need to see flaws found in 'firmware'.,MATCH (v:UcoVulnerability) WHERE v.ucosummary CONTAINS 'firmware' RETURN v,Show me vulnerabilities related to 'firmware'.
Node Lookup Queries,List security flaws in 'network protocols'.,MATCH (v:UcoVulnerability) WHERE v.ucosummary CONTAINS 'network protocol' RETURN v,Show me vulnerabilities related to 'network protocols'.
Node Lookup Queries,What security flaws affect 'operating systems'?,MATCH (v:UcoVulnerability) WHERE v.ucosummary CONTAINS 'operating system' RETURN v,Show me vulnerabilities related to 'operating systems'.
Node Lookup Queries,Find issues linked to 'third-party libraries'.,MATCH (v:UcoVulnerability) WHERE v.ucosummary CONTAINS 'third-party library' RETURN v,Show me vulnerabilities related to 'third-party libraries'.
Node Lookup Queries,What flaws are in 'software components'?,MATCH (v:UcoVulnerability) WHERE v.ucosummary CONTAINS 'software component' RETURN v,Show me vulnerabilities related to 'software components'.
Node Lookup Queries,Can you list any 'hardware vulnerabilities'?,MATCH (v:UcoVulnerability) WHERE v.ucosummary CONTAINS 'hardware vulnerability' RETURN v,Show me vulnerabilities related to 'hardware'.
Node Lookup Queries,Find flaws that require 'physical access' to exploit.,MATCH (v:UcoVulnerability) WHERE v.ucosummary CONTAINS 'physical access' RETURN v,Show me vulnerabilities related to 'physical access'.
Node Lookup Queries,What security issues are connected to 'social engineering'?,MATCH (v:UcoVulnerability) WHERE v.ucosummary CONTAINS 'social engineering' RETURN v,Show me vulnerabilities related to 'social engineering'.
Node Lookup Queries,List flaws that are about an 'insider threat'.,MATCH (v:UcoVulnerability) WHERE v.ucosummary CONTAINS 'insider threat' RETURN v,Show me vulnerabilities related to 'insider threat'.
Node Lookup Queries,What security problems come from 'misconfiguration'?,MATCH (v:UcoVulnerability) WHERE v.ucosummary CONTAINS 'misconfiguration' RETURN v,Show me vulnerabilities related to 'misconfiguration'.
Node Lookup Queries,Find security holes caused by 'default credentials'.,MATCH (v:UcoVulnerability) WHERE v.ucosummary CONTAINS 'default credentials' RETURN v,Show me vulnerabilities related to 'default credentials'.
Node Lookup Queries,What flaws are caused by 'weak authentication'?,MATCH (v:UcoVulnerability) WHERE v.ucosummary CONTAINS 'weak authentication' RETURN v,Show me vulnerabilities related to 'weak authentication'.
Node Lookup Queries,Find security issues with 'broken access control'.,MATCH (v:UcoVulnerability) WHERE v.ucosummary CONTAINS 'broken access control' RETURN v,Show me vulnerabilities related to 'broken access control'.
Node Lookup Queries,What flaws can cause 'sensitive data exposure'?,MATCH (v:UcoVulnerability) WHERE v.ucosummary CONTAINS 'sensitive data exposure' RETURN v,Show me vulnerabilities related to 'sensitive data exposure'.
Node Lookup Queries,List all issues that are a 'security misconfiguration'.,MATCH (v:UcoVulnerability) WHERE v.ucosummary CONTAINS 'security misconfiguration' RETURN v,Show me vulnerabilities related to 'security misconfiguration'.
Node Lookup Queries,What security flaws are about 'logging and monitoring'?,MATCH (v:UcoVulnerability) WHERE v.ucosummary CONTAINS 'logging and monitoring' RETURN v,Show me vulnerabilities related to 'logging and monitoring' failures.
Node Lookup Queries,Find flaws for 'server-side template injection'.,MATCH (v:UcoVulnerability) WHERE v.ucosummary CONTAINS 'server-side template injection' RETURN v,Show me vulnerabilities related to 'server-side template injection'.
Node Lookup Queries,What are the issues with 'host header injection'?,MATCH (v:UcoVulnerability) WHERE v.ucosummary CONTAINS 'host header injection' RETURN v,Show me vulnerabilities related to 'host header injection'.
Node Lookup Queries,List flaws about 'HTTP parameter pollution'.,MATCH (v:UcoVulnerability) WHERE v.ucosummary CONTAINS 'HTTP parameter pollution' RETURN v,Show me vulnerabilities related to 'HTTP parameter pollution'.
Node Lookup Queries,What are 'reflected XSS' vulnerabilities?,MATCH (v:UcoVulnerability) WHERE v.ucosummary CONTAINS 'reflected XSS' RETURN v,Show me vulnerabilities related to 'reflected XSS'.
Node Lookup Queries,What are 'stored XSS' vulnerabilities?,MATCH (v:UcoVulnerability) WHERE v.ucosummary CONTAINS 'stored XSS' RETURN v,Show me vulnerabilities related to 'stored XSS'.
Node Lookup Queries,What are 'DOM XSS' vulnerabilities?,MATCH (v:UcoVulnerability) WHERE v.ucosummary CONTAINS 'DOM XSS' RETURN v,Show me vulnerabilities related to 'DOM XSS'.
Node Lookup Queries,Find flaws for 'blind SQL injection'.,MATCH (v:UcoVulnerability) WHERE v.ucosummary CONTAINS 'blind SQL injection' RETURN v,Show me vulnerabilities related to 'blind SQL injection'.
Node Lookup Queries,Find flaws for 'time-based SQL injection'.,MATCH (v:UcoVulnerability) WHERE v.ucosummary CONTAINS 'time-based SQL injection' RETURN v,Show me vulnerabilities related to 'time-based SQL injection'.
Node Lookup Queries,Find flaws for 'error-based SQL injection'.,MATCH (v:UcoVulnerability) WHERE v.ucosummary CONTAINS 'error-based SQL injection' RETURN v,Show me vulnerabilities related to 'error-based SQL injection'.
Node Lookup Queries,Find flaws for 'out-of-band SQL injection'.,MATCH (v:UcoVulnerability) WHERE v.ucosummary CONTAINS 'out-of-band SQL injection' RETURN v,Show me vulnerabilities related to 'out-of-band SQL injection'.
Node Lookup Queries,What is the software weakness 'CWE-120'?,MATCH (c:UcoCWE {ucocweID: 'CWE-120'}) RETURN c,Tell me about the weakness 'CWE-120'.
Node Lookup Queries,Can you explain the 'Classic Buffer Overflow' weakness?,MATCH (c:UcoCWE {ucocweName: 'Buffer Copy without Checking Size of Input (\'Classic Buffer Overflow\')'}) RETURN c,What is the weakness 'Buffer Copy without Checking Size of Input' (Classic Buffer Overflow)?
Node Lookup Queries,Which 'Pillar' type weaknesses are still in 'Draft'?,"MATCH (c:UcoCWE {ucoabstraction: 'Pillar', ucostatus: 'Draft'}) RETURN c",Show me 'Pillar' weaknesses that have a 'Draft' status.
Node Lookup Queries,Find 'Class' weaknesses that are 'Simple' and 'Incomplete'.,"MATCH (c:UcoCWE {ucoabstraction: 'Class', ucostructure: 'Simple', ucostatus: 'Incomplete'}) RETURN c",List 'Class' weaknesses with a 'Simple' structure and 'Incomplete' status.
Node Lookup Queries,Which software flaws can lead to 'code execution'?,MATCH (c:UcoCWE) WHERE c.ucodescription CONTAINS 'code execution' RETURN c,Find weaknesses that mention 'code execution' in their description.
Node Lookup Queries,What is the software weakness 'CWE-416'?,MATCH (c:UcoCWE {ucocweID: 'CWE-416'}) RETURN c,Tell me about the weakness 'CWE-416'.
Node Lookup Queries,Can you explain 'Use After Free'?,MATCH (c:UcoCWE {ucocweName: 'Use After Free'}) RETURN c,What is the 'Use After Free' weakness?
Node Lookup Queries,Find 'Base' weaknesses that are 'Composite' and 'Stable'.,"MATCH (c:UcoCWE {ucoabstraction: 'Base', ucostructure: 'Composite', ucostatus: 'Stable'}) RETURN c",List 'Base' weaknesses with a 'Composite' structure and 'Stable' status.
Node Lookup Queries,Which software flaws can lead to a 'denial of service'?,MATCH (c:UcoCWE) WHERE c.ucodescription CONTAINS 'denial of service' RETURN c,Find weaknesses that mention 'denial of service' in their description.
Node Lookup Queries,What is the software weakness 'CWE-404'?,MATCH (c:UcoCWE {ucocweID: 'CWE-404'}) RETURN c,Tell me about the weakness 'CWE-404'.
Node Lookup Queries,Can you explain 'Improper Resource Shutdown or Release'?,MATCH (c:UcoCWE {ucocweName: 'Improper Resource Shutdown or Release'}) RETURN c,What is the 'Improper Resource Shutdown or Release' weakness?
Node Lookup Queries,Find 'Pillar' weaknesses that are 'Simple' and 'Stable'.,"MATCH (c:UcoCWE {ucoabstraction: 'Pillar', ucostructure: 'Simple', ucostatus: 'Stable'}) RETURN c",List 'Pillar' weaknesses with a 'Simple' structure and 'Stable' status.
Node Lookup Queries,Which software flaws can affect 'data integrity'?,MATCH (c:UcoCWE) WHERE c.ucodescription CONTAINS 'data integrity' RETURN c,Find weaknesses that mention 'data integrity' in their description.
Node Lookup Queries,What is the software weakness 'CWE-345'?,MATCH (c:UcoCWE {ucocweID: 'CWE-345'}) RETURN c,Tell me about the weakness 'CWE-345'.
Node Lookup Queries,Can you explain the flaw called 'Insufficient Verification of Data Authenticity'?,MATCH (c:UcoCWE {ucocweName: 'Insufficient Verification of Data Authenticity'}) RETURN c,What is the weakness 'Insufficient Verification of Data Authenticity'?
Node Lookup Queries,What are the 'Class' type flaws that are considered 'Stable' and 'Simple'?,"MATCH (c:UcoCWE {ucoabstraction: 'Class', ucostatus: 'Stable', ucostructure: 'Simple'}) RETURN c",Show me 'Class' level weaknesses that are 'Stable' and have a 'Simple' structure.
Node Lookup Queries,Show me any 'Variant' type flaws that are still marked as 'Draft'.,"MATCH (c:UcoCWE {ucoabstraction: 'Variant', ucostatus: 'Draft'}) RETURN c",Show me 'Variant' weaknesses that are currently in 'Draft' status.
Node Lookup Queries,Are there any software flaws related to keeping data private ('confidentiality')?,MATCH (c:UcoCWE) WHERE c.ucodescription CONTAINS 'confidentiality' RETURN c,Find weaknesses that mention 'confidentiality' in their description.
Node Lookup Queries,What is the software flaw 'CWE-359'?,MATCH (c:UcoCWE {ucocweID: 'CWE-359'}) RETURN c,Tell me about the weakness 'CWE-359'.
Node Lookup Queries,Can you tell me about the flaw 'Exposure of Private Information to an Unauthorized Actor'?,MATCH (c:UcoCWE {ucocweName: 'Exposure of Private Information to an Unauthorized Actor'}) RETURN c,What is the weakness 'Exposure of Private Information to an Unauthorized Actor'?
Node Lookup Queries,Which 'Base' level flaws are 'Incomplete' and 'Composite'?,"MATCH (c:UcoCWE {ucoabstraction: 'Base', ucostatus: 'Incomplete', ucostructure: 'Composite'}) RETURN c",Show me 'Base' weaknesses with 'Incomplete' status and a 'Composite' structure.
Node Lookup Queries,Show me any 'Compound' type flaws that are considered outdated ('Deprecated').,"MATCH (c:UcoCWE {ucoabstraction: 'Compound', ucostatus: 'Deprecated'}) RETURN c",Show me 'Compound' weaknesses that are 'Deprecated'.
Node Lookup Queries,Are there software flaws that mention data 'integrity'?,MATCH (c:UcoCWE) WHERE c.ucodescription CONTAINS 'integrity' RETURN c,Find weaknesses that mention 'integrity' in their description.
Node Lookup Queries,What is the software flaw 'CWE-611'?,MATCH (c:UcoCWE {ucocweID: 'CWE-611'}) RETURN c,Tell me about the weakness 'CWE-611'.
Node Lookup Queries,Explain the weakness 'Improper Restriction of XML External Entity Reference'.,MATCH (c:UcoCWE {ucocweName: 'Improper Restriction of XML External Entity Reference'}) RETURN c,What is the weakness 'Improper Restriction of XML External Entity Reference'?
Node Lookup Queries,What 'Pillar' type flaws are 'Stable' and 'Composite'?,"MATCH (c:UcoCWE {ucoabstraction: 'Pillar', ucostatus: 'Stable', ucostructure: 'Composite'}) RETURN c",Show me 'Pillar' weaknesses that are 'Stable' and have a 'Composite' structure.
Node Lookup Queries,Can you list 'Class' type flaws that are 'Draft' and 'Simple'?,"MATCH (c:UcoCWE {ucoabstraction: 'Class', ucostatus: 'Draft', ucostructure: 'Simple'}) RETURN c",Show me 'Class' weaknesses that are in 'Draft' status and have a 'Simple' structure.
Node Lookup Queries,Are there any software flaws related to system 'availability'?,MATCH (c:UcoCWE) WHERE c.ucodescription CONTAINS 'availability' RETURN c,Find weaknesses that mention 'availability' in their description.
Node Lookup Queries,What is the software flaw 'CWE-476'?,MATCH (c:UcoCWE {ucocweID: 'CWE-476'}) RETURN c,Tell me about the weakness 'CWE-476'.
Node Lookup Queries,Can you explain the 'NULL Pointer Dereference' flaw?,MATCH (c:UcoCWE {ucocweName: 'NULL Pointer Dereference'}) RETURN c,What is the 'NULL Pointer Dereference' weakness?
Node Lookup Queries,Show me 'Variant' type flaws that are 'Incomplete' and 'Simple'.,"MATCH (c:UcoCWE {ucoabstraction: 'Variant', ucostatus: 'Incomplete', ucostructure: 'Simple'}) RETURN c",Show me 'Variant' weaknesses with 'Incomplete' status and a 'Simple' structure.
Node Lookup Queries,Are there any 'Base' type flaws that are outdated ('Deprecated') and 'Simple'?,"MATCH (c:UcoCWE {ucoabstraction: 'Base', ucostatus: 'Deprecated', ucostructure: 'Simple'}) RETURN c",Show me 'Base' weaknesses that are 'Deprecated' and have a 'Simple' structure.
Node Lookup Queries,Which software flaws are about problems with 'input validation'?,MATCH (c:UcoCWE) WHERE c.ucodescription CONTAINS 'input validation' RETURN c,Find weaknesses related to 'input validation'.
Node Lookup Queries,What is the software flaw 'CWE-77'?,MATCH (c:UcoCWE {ucocweID: 'CWE-77'}) RETURN c,Tell me about the weakness 'CWE-77'.
Node Lookup Queries,Explain the flaw related to 'Command Injection'.,MATCH (c:UcoCWE {ucocweName: 'Improper Neutralization of Special Elements used in a Command (\'Command Injection\')'}) RETURN c,What is the 'Command Injection' weakness?
Node Lookup Queries,What 'Compound' type flaws are considered 'Stable' and 'Simple'?,"MATCH (c:UcoCWE {ucoabstraction: 'Compound', ucostatus: 'Stable', ucostructure: 'Simple'}) RETURN c",Show me 'Compound' weaknesses that are 'Stable' and have a 'Simple' structure.
Node Lookup Queries,Can you list 'Pillar' type flaws that are 'Draft' and 'Composite'?,"MATCH (c:UcoCWE {ucoabstraction: 'Pillar', ucostatus: 'Draft', ucostructure: 'Composite'}) RETURN c",Show me 'Pillar' weaknesses in 'Draft' status with a 'Composite' structure.
Node Lookup Queries,Are there any software flaws that mention 'output encoding'?,MATCH (c:UcoCWE) WHERE c.ucodescription CONTAINS 'output encoding' RETURN c,Find weaknesses related to 'output encoding'.
Node Lookup Queries,What is the software flaw 'CWE-116'?,MATCH (c:UcoCWE {ucocweID: 'CWE-116'}) RETURN c,Tell me about the weakness 'CWE-116'.
Node Lookup Queries,Explain the weakness 'Improper Encoding or Escaping of Output'.,MATCH (c:UcoCWE {ucocweName: 'Improper Encoding or Escaping of Output'}) RETURN c,What is the 'Improper Encoding or Escaping of Output' weakness?
Node Lookup Queries,Show me 'Class' type flaws that are 'Incomplete' and 'Composite'.,"MATCH (c:UcoCWE {ucoabstraction: 'Class', ucostatus: 'Incomplete', ucostructure: 'Composite'}) RETURN c",Show me 'Class' weaknesses with 'Incomplete' status and a 'Composite' structure.
Node Lookup Queries,What 'Variant' type flaws are considered 'Stable' and 'Composite'?,"MATCH (c:UcoCWE {ucoabstraction: 'Variant', ucostatus: 'Stable', ucostructure: 'Composite'}) RETURN c",Show me 'Variant' weaknesses that are 'Stable' and have a 'Composite' structure.
Node Lookup Queries,Are there any software flaws related to 'session management'?,MATCH (c:UcoCWE) WHERE c.ucodescription CONTAINS 'session management' RETURN c,Find weaknesses related to 'session management'.
Node Lookup Queries,What is the software flaw 'CWE-384'?,MATCH (c:UcoCWE {ucocweID: 'CWE-384'}) RETURN c,Tell me about the weakness 'CWE-384'.
Node Lookup Queries,Can you explain the 'Session Fixation' weakness?,MATCH (c:UcoCWE {ucocweName: 'Session Fixation'}) RETURN c,What is the 'Session Fixation' weakness?
Node Lookup Queries,Which 'Base' level flaws are 'Draft' and 'Composite'?,"MATCH (c:UcoCWE {ucoabstraction: 'Base', ucostatus: 'Draft', ucostructure: 'Composite'}) RETURN c",Show me 'Base' weaknesses in 'Draft' status with a 'Composite' structure.
Node Lookup Queries,Show me any 'Compound' type flaws that are 'Incomplete' and 'Composite'.,"MATCH (c:UcoCWE {ucoabstraction: 'Compound', ucostatus: 'Incomplete', ucostructure: 'Composite'}) RETURN c",Show me 'Compound' weaknesses with 'Incomplete' status and a 'Composite' structure.
Node Lookup Queries,Are there any software flaws related to 'error handling'?,MATCH (c:UcoCWE) WHERE c.ucodescription CONTAINS 'error handling' RETURN c,Find weaknesses related to 'error handling'.
Node Lookup Queries,Find 'MEDIUM' risk flaws waiting for analysis that need a user click.,"MATCH (c:UcoCVE {ucobaseSeverity: 'MEDIUM', ucovulnStatus: 'Awaiting Analysis', ucouserInteractionRequired: 'true'}) RETURN c",Find 'MEDIUM' severity vulnerabilities 'Awaiting Analysis' that require user interaction.
Node Lookup Queries,"List 'LOW' risk, 'Modified' flaws that can be exploited automatically.","MATCH (c:UcoCVE {ucobaseSeverity: 'LOW', ucovulnStatus: 'Modified', ucouserInteractionRequired: 'false'}) RETURN c","Find 'LOW' severity, 'Modified' vulnerabilities that *do not* require user interaction."
Node Lookup Queries,What is the weakness 'CWE-1004'?,MATCH (c:UcoCWE {ucocweID: 'CWE-1004'}) RETURN c,Tell me about the weakness 'CWE-1004'.
Node Lookup Queries,Can you tell me about 'CWE-1007'?,MATCH (c:UcoCWE {ucocweID: 'CWE-1007'}) RETURN c,Tell me about the weakness 'CWE-1007'.
Node Lookup Queries,I need info on 'CWE-102'.,MATCH (c:UcoCWE {ucocweID: 'CWE-102'}) RETURN c,Tell me about the weakness 'CWE-102'.
Node Lookup Queries,What is 'CWE-1035' about?,MATCH (c:UcoCWE {ucocweID: 'CWE-1035'}) RETURN c,Tell me about the weakness 'CWE-1035'.
Node Lookup Queries,Explain the software flaw 'CWE-104'.,MATCH (c:UcoCWE {ucocweID: 'CWE-104'}) RETURN c,Tell me about the weakness 'CWE-104'.
Node Lookup Queries,What's the story with 'CWE-1048'?,MATCH (c:UcoCWE {ucocweID: 'CWE-1048'}) RETURN c,Tell me about the weakness 'CWE-1048'.
Node Lookup Queries,Look up the weakness 'CWE-1050'.,MATCH (c:UcoCWE {ucocweID: 'CWE-1050'}) RETURN c,Tell me about the weakness 'CWE-1050'.
Node Lookup Queries,Please show me 'CWE-1051'.,MATCH (c:UcoCWE {ucocweID: 'CWE-1051'}) RETURN c,Tell me about the weakness 'CWE-1051'.
Node Lookup Queries,Tell me about 'CWE-1053'.,MATCH (c:UcoCWE {ucocweID: 'CWE-1053'}) RETURN c,Tell me about the weakness 'CWE-1053'.
Node Lookup Queries,What is the flaw 'CWE-1054'?,MATCH (c:UcoCWE {ucocweID: 'CWE-1054'}) RETURN c,Tell me about the weakness 'CWE-1054'.
Node Lookup Queries,Can you find 'CWE-1055'?,MATCH (c:UcoCWE {ucocweID: 'CWE-1055'}) RETURN c,Tell me about the weakness 'CWE-1055'.
Node Lookup Queries,What is the weakness 'CWE-1056'?,MATCH (c:UcoCWE {ucocweID: 'CWE-1056'}) RETURN c,Tell me about the weakness 'CWE-1056'.
Node Lookup Queries,I need to know about 'CWE-1057'.,MATCH (c:UcoCWE {ucocweID: 'CWE-1057'}) RETURN c,Tell me about the weakness 'CWE-1057'.
Node Lookup Queries,What can you tell me about 'CWE-1058'?,MATCH (c:UcoCWE {ucocweID: 'CWE-1058'}) RETURN c,Tell me about the weakness 'CWE-1058'.
Node Lookup Queries,"Explain the flaw 'CWE-1059', please.",MATCH (c:UcoCWE {ucocweID: 'CWE-1059'}) RETURN c,Tell me about the weakness 'CWE-1059'.
Node Lookup Queries,What can you tell me about 'CWE-1060'?,MATCH (c:UcoCWE {ucocweID: 'CWE-1060'}) RETURN c,Tell me about the weakness 'CWE-1060'.
Node Lookup Queries,I need information on 'CWE-1061'.,MATCH (c:UcoCWE {ucocweID: 'CWE-1061'}) RETURN c,Tell me about the weakness 'CWE-1061'.
Node Lookup Queries,What is the weakness 'CWE-1062'?,MATCH (c:UcoCWE {ucocweID: 'CWE-1062'}) RETURN c,Tell me about the weakness 'CWE-1062'.
Node Lookup Queries,Can you look up flaw 'CWE-1063'?,MATCH (c:UcoCWE {ucocweID: 'CWE-1063'}) RETURN c,Tell me about the weakness 'CWE-1063'.
Node Lookup Queries,Please explain 'CWE-1064'.,MATCH (c:UcoCWE {ucocweID: 'CWE-1064'}) RETURN c,Tell me about the weakness 'CWE-1064'.
Node Lookup Queries,What are 'Pillar' weaknesses?,MATCH (c:UcoCWE {ucoabstraction: 'Pillar'}) RETURN c,Show me all weaknesses categorized as 'Pillar'.
Node Lookup Queries,Can I see all the 'Class' type weaknesses?,MATCH (c:UcoCWE {ucoabstraction: 'Class'}) RETURN c,Show me all weaknesses categorized as 'Class'.
Node Lookup Queries,What weaknesses are 'Base' level?,MATCH (c:UcoCWE {ucoabstraction: 'Base'}) RETURN c,Show me all weaknesses categorized as 'Base'.
Node Lookup Queries,List all 'Variant' weaknesses.,MATCH (c:UcoCWE {ucoabstraction: 'Variant'}) RETURN c,Show me all weaknesses categorized as 'Variant'.
Node Lookup Queries,What are the 'Compound' type weaknesses?,MATCH (c:UcoCWE {ucoabstraction: 'Compound'}) RETURN c,Show me all weaknesses categorized as 'Compound'.
Node Lookup Queries,Can you show me all the 'Draft' weaknesses?,MATCH (c:UcoCWE {ucostatus: 'Draft'}) RETURN c,Which weaknesses have a 'Draft' status?
Node Lookup Queries,List all weaknesses that are 'Incomplete'.,MATCH (c:UcoCWE {ucostatus: 'Incomplete'}) RETURN c,Which weaknesses are marked as 'Incomplete'?
Node Lookup Queries,Show me the weaknesses that are 'Stable'.,MATCH (c:UcoCWE {ucostatus: 'Stable'}) RETURN c,Which weaknesses are considered 'Stable'?
Node Lookup Queries,Can I see a list of outdated ('Deprecated') weaknesses?,MATCH (c:UcoCWE {ucostatus: 'Deprecated'}) RETURN c,Which weaknesses are 'Deprecated'?
Node Lookup Queries,What are the 'Simple' weaknesses?,MATCH (c:UcoCWE {ucostructure: 'Simple'}) RETURN c,Show me all weaknesses with a 'Simple' structure.
Node Lookup Queries,What are 'Composite' weaknesses?,MATCH (c:UcoCWE {ucostructure: 'Composite'}) RETURN c,Show me all weaknesses with a 'Composite' structure.
Node Lookup Queries,Can you explain 'Improper Authentication'?,MATCH (c:UcoCWE {ucocweName: 'Improper Authentication'}) RETURN c,What is the 'Improper Authentication' weakness?
Node Lookup Queries,What is 'Cross-Site Scripting' (XSS)?,MATCH (c:UcoCWE {ucocweName: 'Cross-Site Scripting'}) RETURN c,What is the 'Cross-Site Scripting' weakness?
Node Lookup Queries,Can you explain 'Code Injection'?,MATCH (c:UcoCWE {ucocweName: 'Code Injection'}) RETURN c,What is the 'Code Injection' weakness?
Node Lookup Queries,What does 'Missing Authorization' mean as a flaw?,MATCH (c:UcoCWE {ucocweName: 'Missing Authorization'}) RETURN c,What is the 'Missing Authorization' weakness?
Node Lookup Queries,Why is 'Use of Hard-coded Credentials' a bad thing?,MATCH (c:UcoCWE {ucocweName: 'Use of Hard-coded Credentials'}) RETURN c,What is the 'Use of Hard-coded Credentials' weakness?
Node Lookup Queries,Explain the flaw 'Unrestricted Upload of File with Dangerous Type'.,MATCH (c:UcoCWE {ucocweName: 'Unrestricted Upload of File with Dangerous Type'}) RETURN c,What is the 'Unrestricted Upload of File with Dangerous Type' weakness?
Node Lookup Queries,What does 'Reliance on Untrusted Inputs in a Security Decision' mean?,MATCH (c:UcoCWE {ucocweName: 'Reliance on Untrusted Inputs in a Security Decision'}) RETURN c,What is the 'Reliance on Untrusted Inputs in a Security Decision' weakness?
Node Lookup Queries,Can you explain 'Insecure Default Initialization of Resource'?,MATCH (c:UcoCWE {ucocweName: 'Insecure Default Initialization of Resource'}) RETURN c,What is the 'Insecure Default Initialization of Resource' weakness?
Node Lookup Queries,What is the risk of 'Missing Encryption of Sensitive Data'?,MATCH (c:UcoCWE {ucocweName: 'Missing Encryption of Sensitive Data'}) RETURN c,What is the 'Missing Encryption of Sensitive Data' weakness?
Node Lookup Queries,Why is using a 'Broken or Risky Cryptographic Algorithm' a problem?,MATCH (c:UcoCWE {ucocweName: 'Use of a Broken or Risky Cryptographic Algorithm'}) RETURN c,What is the 'Use of a Broken or Risky Cryptographic Algorithm' weakness?
Node Lookup Queries,Show me weaknesses that talk about 'authentication'.,MATCH (c:UcoCWE) WHERE c.ucocweSummary CONTAINS 'authentication' RETURN c,Find weaknesses that mention 'authentication' in their summary.
Node Lookup Queries,Find me flaws that have 'buffer' in their description.,MATCH (c:UcoCWE) WHERE c.ucodescription CONTAINS 'buffer' RETURN c,Find weaknesses that mention 'buffer' in their description.
Node Lookup Queries,Show me all flaws related to 'injection'.,MATCH (c:UcoCWE) WHERE c.ucodescription CONTAINS 'injection' RETURN c,Find weaknesses that mention 'injection' in their description.
Node Lookup Queries,Show me flaws that mention 'path traversal'.,MATCH (c:UcoCWE) WHERE c.ucodescription CONTAINS 'path traversal' RETURN c,Find weaknesses that mention 'path traversal' in their description.
Node Lookup Queries,What flaws are related to 'credentials'?,MATCH (c:UcoCWE) WHERE c.ucodescription CONTAINS 'credentials' RETURN c,Find weaknesses that mention 'credentials' in their description.
Node Lookup Queries,List all 'Base' weaknesses that are 'Stable'.,"MATCH (c:UcoCWE {ucoabstraction: 'Base', ucostatus: 'Stable'}) RETURN c",Show me 'Base' weaknesses that are 'Stable'.
Node Lookup Queries,Which 'Variant' weaknesses are not fully documented ('Incomplete')?,"MATCH (c:UcoCWE {ucoabstraction: 'Variant', ucostatus: 'Incomplete'}) RETURN c",Show me 'Variant' weaknesses that are 'Incomplete'.
Node Lookup Queries,Find 'Class' weaknesses that have a 'Simple' structure.,"MATCH (c:UcoCWE {ucoabstraction: 'Class', ucostructure: 'Simple'}) RETURN c",Show me 'Class' weaknesses with a 'Simple' structure.
Node Lookup Queries,Which 'Pillar' weaknesses are considered 'Stable'?,"MATCH (c:UcoCWE {ucoabstraction: 'Pillar', ucostatus: 'Stable'}) RETURN c",Show me 'Pillar' weaknesses that are 'Stable'.
Node Lookup Queries,Which 'Compound' weaknesses are still 'Drafts'?,"MATCH (c:UcoCWE {ucoabstraction: 'Compound', ucostatus: 'Draft'}) RETURN c",Show me 'Compound' weaknesses that are in 'Draft' status.
Node Lookup Queries,What is the flaw 'CWE-1065'?,MATCH (c:UcoCWE {ucocweID: 'CWE-1065'}) RETURN c,Tell me about the weakness 'CWE-1065'.
Node Lookup Queries,Explain 'CWE-1066'.,MATCH (c:UcoCWE {ucocweID: 'CWE-1066'}) RETURN c,Tell me about the weakness 'CWE-1066'.
Node Lookup Queries,What is 'CWE-1067'?,MATCH (c:UcoCWE {ucocweID: 'CWE-1067'}) RETURN c,Tell me about the weakness 'CWE-1067'.
Node Lookup Queries,I need info on 'CWE-1068'.,MATCH (c:UcoCWE {ucocweID: 'CWE-1068'}) RETURN c,Tell me about the weakness 'CWE-1068'.
Node Lookup Queries,Please explain 'CWE-1069'.,MATCH (c:UcoCWE {ucocweID: 'CWE-1069'}) RETURN c,Tell me about the weakness 'CWE-1069'.
Node Lookup Queries,What can you tell me about 'CWE-1070'?,MATCH (c:UcoCWE {ucocweID: 'CWE-1070'}) RETURN c,Tell me about the weakness 'CWE-1070'.
Node Lookup Queries,I need to understand 'CWE-1071'.,MATCH (c:UcoCWE {ucocweID: 'CWE-1071'}) RETURN c,Tell me about the weakness 'CWE-1071'.
Node Lookup Queries,What is the weakness 'CWE-1072'?,MATCH (c:UcoCWE {ucocweID: 'CWE-1072'}) RETURN c,Tell me about the weakness 'CWE-1072'.
Node Lookup Queries,Look up 'CWE-1073'.,MATCH (c:UcoCWE {ucocweID: 'CWE-1073'}) RETURN c,Tell me about the weakness 'CWE-1073'.
Node Lookup Queries,Explain 'CWE-1074' to me.,MATCH (c:UcoCWE {ucocweID: 'CWE-1074'}) RETURN c,Tell me about the weakness 'CWE-1074'.
Node Lookup Queries,What's 'CWE-1075'?,MATCH (c:UcoCWE {ucocweID: 'CWE-1075'}) RETURN c,Tell me about the weakness 'CWE-1075'.
Node Lookup Queries,I need info on 'CWE-1076'.,MATCH (c:UcoCWE {ucocweID: 'CWE-1076'}) RETURN c,Tell me about the weakness 'CWE-1076'.
Node Lookup Queries,What is 'CWE-1077'?,MATCH (c:UcoCWE {ucocweID: 'CWE-1077'}) RETURN c,Tell me about the weakness 'CWE-1077'.
Node Lookup Queries,What is the software flaw 'CWE-1078'?,MATCH (c:UcoCWE {ucocweID: 'CWE-1078'}) RETURN c,Tell me about the weakness 'CWE-1078'.
Node Lookup Queries,Can you explain the weakness 'CWE-1079'?,MATCH (c:UcoCWE {ucocweID: 'CWE-1079'}) RETURN c,Tell me about the weakness 'CWE-1079'.
Node Lookup Queries,I need info on 'CWE-1080'.,MATCH (c:UcoCWE {ucocweID: 'CWE-1080'}) RETURN c,Tell me about the weakness 'CWE-1080'.
Node Lookup Queries,What's 'CWE-1081' about?,MATCH (c:UcoCWE {ucocweID: 'CWE-1081'}) RETURN c,Tell me about the weakness 'CWE-1081'.
Node Lookup Queries,Can you look up 'CWE-1082'?,MATCH (c:UcoCWE {ucocweID: 'CWE-1082'}) RETURN c,Tell me about the weakness 'CWE-1082'.
Node Lookup Queries,Tell me about 'CWE-1083'.,MATCH (c:UcoCWE {ucocweID: 'CWE-1083'}) RETURN c,Tell me about the weakness 'CWE-1083'.
Node Lookup Queries,Explain the flaw 'CWE-1084'.,MATCH (c:UcoCWE {ucocweID: 'CWE-1084'}) RETURN c,Tell me about the weakness 'CWE-1084'.
Node Lookup Queries,Can you show me the 'Pillar' weaknesses that are outdated ('Deprecated')?,"MATCH (c:UcoCWE {ucoabstraction: 'Pillar', ucostatus: 'Deprecated'}) RETURN c",Show me 'Pillar' weaknesses that are 'Deprecated'.
Node Lookup Queries,Which 'Base' flaws are still considered 'Drafts'?,"MATCH (c:UcoCWE {ucoabstraction: 'Base', ucostatus: 'Draft'}) RETURN c",Show me 'Base' weaknesses that are in 'Draft' status.
Node Lookup Queries,Are there any software flaws related to 'SQL'?,MATCH (c:UcoCWE) WHERE c.ucodescription CONTAINS 'SQL' RETURN c,Find weaknesses that mention 'SQL' in their description.
Node Lookup Queries,Show me flaws that involve 'cross-site scripting'.,MATCH (c:UcoCWE) WHERE c.ucodescription CONTAINS 'cross-site scripting' RETURN c,Find weaknesses related to 'cross-site scripting'.
Node Lookup Queries,Which flaws are about 'memory leaks'?,MATCH (c:UcoCWE) WHERE c.ucodescription CONTAINS 'memory leak' RETURN c,Find weaknesses related to 'memory leak'.
Node Lookup Queries,Can you find flaws related to 'deserialization'?,MATCH (c:UcoCWE) WHERE c.ucodescription CONTAINS 'deserialization' RETURN c,Find weaknesses related to 'deserialization'.
Node Lookup Queries,Which weaknesses are about gaining extra 'privileges'?,MATCH (c:UcoCWE) WHERE c.ucocweSummary CONTAINS 'privilege' RETURN c,Find weaknesses that mention 'privilege' in their summary.
Node Lookup Queries,Show me flaws involving 'file inclusion'.,MATCH (c:UcoCWE) WHERE c.ucodescription CONTAINS 'file inclusion' RETURN c,Find weaknesses related to 'file inclusion'.
Node Lookup Queries,Which flaws are about 'directory traversal'?,MATCH (c:UcoCWE) WHERE c.ucodescription CONTAINS 'directory traversal' RETURN c,Find weaknesses related to 'directory traversal'.
Node Lookup Queries,Explain the 'XML External Entity' weakness.,MATCH (c:UcoCWE {ucocweName: 'XML External Entity'}) RETURN c,What is the 'XML External Entity' weakness?
Node Lookup Queries,Find flaws related to 'command injection'.,MATCH (c:UcoCWE) WHERE c.ucodescription CONTAINS 'command injection' RETURN c,Find weaknesses related to 'command injection'.
Node Lookup Queries,Which 'Variant' type flaws are considered 'Stable'?,"MATCH (c:UcoCWE {ucoabstraction: 'Variant', ucostatus: 'Stable'}) RETURN c",Show me 'Variant' weaknesses that are 'Stable'.
Node Lookup Queries,Can you list 'Class' flaws that have a 'Composite' structure?,"MATCH (c:UcoCWE {ucoabstraction: 'Class', ucostructure: 'Composite'}) RETURN c",Show me 'Class' weaknesses with a 'Composite' structure.
Node Lookup Queries,Which weaknesses have 'security' in their summary description?,MATCH (c:UcoCWE) WHERE c.ucocweSummary CONTAINS 'security' RETURN c,Find weaknesses that mention 'security' in their summary.
Node Lookup Queries,Find flaws involving 'permissions'.,MATCH (c:UcoCWE) WHERE c.ucodescription CONTAINS 'permission' RETURN c,Find weaknesses related to 'permission' issues.
Node Lookup Queries,Which flaws mention 'malicious' activity?,MATCH (c:UcoCWE) WHERE c.ucodescription CONTAINS 'malicious' RETURN c,Find weaknesses that mention 'malicious' in their description.
Node Lookup Queries,Find flaws related to exposing 'sensitive information'.,MATCH (c:UcoCWE) WHERE c.ucodescription CONTAINS 'sensitive information' RETURN c,Find weaknesses related to 'sensitive information'.
Node Lookup Queries,Which 'Class' type weaknesses are outdated ('Deprecated')?,"MATCH (c:UcoCWE {ucoabstraction: 'Class', ucostatus: 'Deprecated'}) RETURN c",Show me 'Class' weaknesses that are 'Deprecated'.
Node Lookup Queries,Can you list 'Variant' flaws with a 'Simple' structure?,"MATCH (c:UcoCWE {ucoabstraction: 'Variant', ucostructure: 'Simple'}) RETURN c",Show me 'Variant' weaknesses with a 'Simple' structure.
Node Lookup Queries,List all attack patterns rated 'High' severity.,MATCH (c:UcoexCAPEC {ucoexSeverity: 'High'}) RETURN c,Show me all 'High' severity attack patterns.
Node Lookup Queries,Which attack patterns are 'Medium' severity?,MATCH (c:UcoexCAPEC {ucoexSeverity: 'Medium'}) RETURN c,Show me all 'Medium' severity attack patterns.
Node Lookup Queries,Show me the attack patterns rated 'Low' severity.,MATCH (c:UcoexCAPEC {ucoexSeverity: 'Low'}) RETURN c,Show me all 'Low' severity attack patterns.
Node Lookup Queries,Are there attack patterns with 'Unknown' severity?,MATCH (c:UcoexCAPEC {ucoexSeverity: 'Unknown'}) RETURN c,Show me all attack patterns with 'Unknown' severity.
Node Lookup Queries,Which attack patterns are 'Highly' likely to be used?,MATCH (c:UcoexCAPEC {ucoexLikelihood: 'High'}) RETURN c,List attack patterns that have a 'High' likelihood.
Node Lookup Queries,Show me attack patterns with a 'Medium' chance of happening.,MATCH (c:UcoexCAPEC {ucoexLikelihood: 'Medium'}) RETURN c,List attack patterns that have a 'Medium' likelihood.
Node Lookup Queries,Which attack patterns are 'Less' likely to be used?,MATCH (c:UcoexCAPEC {ucoexLikelihood: 'Low'}) RETURN c,List attack patterns that have a 'Low' likelihood.
Node Lookup Queries,Are there attack patterns where the likelihood is 'Unknown'?,MATCH (c:UcoexCAPEC {ucoexLikelihood: 'Unknown'}) RETURN c,List attack patterns that have an 'Unknown' likelihood.
Node Lookup Queries,What are the 'Detailed' attack patterns?,MATCH (c:UcoexCAPEC {ucoexAbstraction: 'Detailed'}) RETURN c,Show me all 'Detailed' level attack patterns.
Node Lookup Queries,List the 'Standard' type attack patterns.,MATCH (c:UcoexCAPEC {ucoexAbstraction: 'Standard'}) RETURN c,Show me all 'Standard' level attack patterns.
Node Lookup Queries,What are the 'Meta' level attack patterns?,MATCH (c:UcoexCAPEC {ucoexAbstraction: 'Meta'}) RETURN c,Show me all 'Meta' level attack patterns.
Node Lookup Queries,Can you show me the 'Pillar' category attack patterns?,MATCH (c:UcoexCAPEC {ucoexAbstraction: 'Pillar'}) RETURN c,Show me all 'Pillar' level attack patterns.
Node Lookup Queries,What are the 'Element' type attack patterns?,MATCH (c:UcoexCAPEC {ucoexAbstraction: 'Element'}) RETURN c,Show me all 'Element' level attack patterns.
Node Lookup Queries,What is attack pattern 'CAPEC-519'?,MATCH (c:UcoexCAPEC {ucoexCAPEC_id: '519'}) RETURN c,Tell me about attack pattern 'CAPEC-519'.
Node Lookup Queries,Explain attack pattern 'CAPEC-1'.,MATCH (c:UcoexCAPEC {ucoexCAPEC_id: '1'}) RETURN c,Tell me about attack pattern 'CAPEC-1'.
Node Lookup Queries,I need info on 'CAPEC-100'.,MATCH (c:UcoexCAPEC {ucoexCAPEC_id: '100'}) RETURN c,Tell me about attack pattern 'CAPEC-100'.
Node Lookup Queries,What's 'CAPEC-22' about?,MATCH (c:UcoexCAPEC {ucoexCAPEC_id: '22'}) RETURN c,Tell me about attack pattern 'CAPEC-22'.
Node Lookup Queries,Look up attack pattern 'CAPEC-66'.,MATCH (c:UcoexCAPEC {ucoexCAPEC_id: '66'}) RETURN c,Tell me about attack pattern 'CAPEC-66'.
Node Lookup Queries,Tell me about 'CAPEC-447'.,MATCH (c:UcoexCAPEC {ucoexCAPEC_id: '447'}) RETURN c,Tell me about attack pattern 'CAPEC-447'.
Node Lookup Queries,Explain 'CAPEC-540'.,MATCH (c:UcoexCAPEC {ucoexCAPEC_id: '540'}) RETURN c,Tell me about attack pattern 'CAPEC-540'.
Node Lookup Queries,Show me attack patterns related to 'Alteration'.,MATCH (c:UcoexCAPEC) WHERE c.ucoexCAPEC_name CONTAINS 'Alteration' RETURN c,Find attack patterns with 'Alteration' in their name.
Node Lookup Queries,What attack patterns involve 'Spoofing'?,MATCH (c:UcoexCAPEC) WHERE c.ucoexCAPEC_name CONTAINS 'Spoofing' RETURN c,Find attack patterns with 'Spoofing' in their name.
Node Lookup Queries,List attack patterns related to 'Injection'.,MATCH (c:UcoexCAPEC) WHERE c.ucoexCAPEC_name CONTAINS 'Injection' RETURN c,Find attack patterns with 'Injection' in their name.
Node Lookup Queries,Show me attack patterns involving 'Timing'.,MATCH (c:UcoexCAPEC) WHERE c.ucoexCAPEC_name CONTAINS 'Timing' RETURN c,Find attack patterns with 'Timing' in their name.
Node Lookup Queries,Show me attack methods that involve 'Filtering'.,MATCH (c:UcoexCAPEC) WHERE c.ucoexCAPEC_name CONTAINS 'Filter' RETURN c,Find attack patterns with 'Filter' in their name.
Node Lookup Queries,What attack methods are related to 'Authentication'?,MATCH (c:UcoexCAPEC) WHERE c.ucoexCAPEC_name CONTAINS 'Authentication' RETURN c,Find attack patterns related to 'Authentication'.
Node Lookup Queries,Which attack methods involve 'Hijacking'?,MATCH (c:UcoexCAPEC) WHERE c.ucoexCAPEC_name CONTAINS 'Hijacking' RETURN c,Find attack patterns related to 'Hijacking'.
Node Lookup Queries,Show me attack methods where the description mentions the 'attacker'.,MATCH (c:UcoexCAPEC) WHERE c.ucoexDescription CONTAINS 'attacker' RETURN c,Find attack patterns that mention 'attacker' in their description.
Node Lookup Queries,Which attack methods are described as being done 'maliciously'?,MATCH (c:UcoexCAPEC) WHERE c.ucoexDescription CONTAINS 'maliciously' RETURN c,Find attack patterns that mention 'maliciously' in their description.
Node Lookup Queries,What attack methods involve a 'bypass'?,MATCH (c:UcoexCAPEC) WHERE c.ucoexDescription CONTAINS 'bypass' RETURN c,Find attack patterns related to a 'bypass'.
Node Lookup Queries,Show me attack methods that talk about 'credentials'.,MATCH (c:UcoexCAPEC) WHERE c.ucoexDescription CONTAINS 'credentials' RETURN c,Find attack patterns that mention 'credentials'.
Node Lookup Queries,Which attack methods mention targeting a 'database'?,MATCH (c:UcoexCAPEC) WHERE c.ucoexDescription CONTAINS 'database' RETURN c,Find attack patterns that mention 'database'.
Node Lookup Queries,What attack methods mention the 'system' being targeted?,MATCH (c:UcoexCAPEC) WHERE c.ucoexDescription CONTAINS 'system' RETURN c,Find attack patterns that mention 'system'.
Node Lookup Queries,Show me attack methods that involve the 'network'.,MATCH (c:UcoexCAPEC) WHERE c.ucoexDescription CONTAINS 'network' RETURN c,Find attack patterns that mention 'network'.
Node Lookup Queries,Which attack methods need 'High' expertise?,MATCH (c:UcoexCAPEC) WHERE ANY(s IN c.ucoexSkills_Required WHERE s CONTAINS 'Level:High') RETURN c,Which attack patterns require 'High' level skill?
Node Lookup Queries,What attack methods require 'Medium' skill level?,MATCH (c:UcoexCAPEC) WHERE ANY(s IN c.ucoexSkills_Required WHERE s CONTAINS 'Level:Medium') RETURN c,Which attack patterns require 'Medium' level skill?
Node Lookup Queries,Show me attack methods that need 'Low' expertise.,MATCH (c:UcoexCAPEC) WHERE ANY(s IN c.ucoexSkills_Required WHERE s CONTAINS 'Level:Low') RETURN c,Which attack patterns require 'Low' level skill?
Node Lookup Queries,Which attack methods require the attacker to have 'physical access'?,MATCH (c:UcoexCAPEC) WHERE ANY(s IN c.ucoexSkills_Required WHERE s CONTAINS 'physical access') RETURN c,Which attack patterns require 'physical access'?
Node Lookup Queries,What attack methods require the ability to 'interpret documentation'?,MATCH (c:UcoexCAPEC) WHERE ANY(s IN c.ucoexSkills_Required WHERE s CONTAINS 'interpret documentation') RETURN c,Which attack patterns require the skill to 'interpret documentation'?
Node Lookup Queries,Tell me about the software flaw 'CWE-79'.,"MATCH (c:UcoCWE {ucocweID: 'CWE-79'}) RETURN c.ucocweName, c.ucodescription",What is the weakness 'CWE-79' and can you describe it?
Node Lookup Queries,What is the security weakness 'CWE-125'?,"MATCH (c:UcoCWE {ucocweID: 'CWE-125'}) RETURN c.ucocweName, c.ucodescription",What is the weakness 'CWE-125' and can you describe it?
Node Lookup Queries,Can you explain the flaw 'CWE-416'?,"MATCH (c:UcoCWE {ucocweID: 'CWE-416'}) RETURN c.ucocweName, c.ucodescription",What is the weakness 'CWE-416' and can you describe it?
Node Lookup Queries,I need information on 'CWE-787'.,"MATCH (c:UcoCWE {ucocweID: 'CWE-787'}) RETURN c.ucocweName, c.ucodescription",What is the weakness 'CWE-787' and can you describe it?
Node Lookup Queries,What is 'CWE-20' about?,"MATCH (c:UcoCWE {ucocweID: 'CWE-20'}) RETURN c.ucocweName, c.ucodescription",What is the weakness 'CWE-20' and can you describe it?
Node Lookup Queries,Please explain the weakness 'CWE-22'.,"MATCH (c:UcoCWE {ucocweID: 'CWE-22'}) RETURN c.ucocweName, c.ucodescription",What is the weakness 'CWE-22' and can you describe it?
Node Lookup Queries,Tell me about the software vulnerability 'CWE-119'.,"MATCH (c:UcoCWE {ucocweID: 'CWE-119'}) RETURN c.ucocweName, c.ucodescription",What is the weakness 'CWE-119' and can you describe it?
Node Lookup Queries,What is the security issue 'CWE-190'?,"MATCH (c:UcoCWE {ucocweID: 'CWE-190'}) RETURN c.ucocweName, c.ucodescription",What is the weakness 'CWE-190' and can you describe it?
Node Lookup Queries,Can you describe the flaw 'CWE-352'?,"MATCH (c:UcoCWE {ucocweID: 'CWE-352'}) RETURN c.ucocweName, c.ucodescription",What is the weakness 'CWE-352' and can you describe it?
Node Lookup Queries,What does 'CWE-400' refer to?,"MATCH (c:UcoCWE {ucocweID: 'CWE-400'}) RETURN c.ucocweName, c.ucodescription",What is the weakness 'CWE-400' and can you describe it?
Node Lookup Queries,Which 'Base' flaws are not fully documented?,"MATCH (c:UcoCWE {ucoabstraction: 'Base', ucostatus: 'Incomplete'}) RETURN c",Show me 'Base' level weaknesses that are 'Incomplete'.
Node Lookup Queries,Show me the 'Base' weaknesses that are outdated.,"MATCH (c:UcoCWE {ucoabstraction: 'Base', ucostatus: 'Deprecated'}) RETURN c",Show me 'Base' level weaknesses that are 'Deprecated'.
Node Lookup Queries,Which 'Class' type weaknesses are considered finished ('Stable')?,"MATCH (c:UcoCWE {ucoabstraction: 'Class', ucostatus: 'Stable'}) RETURN c",Show me 'Class' level weaknesses that are 'Stable'.
Node Lookup Queries,Can you list the 'Class' flaws that are marked 'Incomplete'?,"MATCH (c:UcoCWE {ucoabstraction: 'Class', ucostatus: 'Incomplete'}) RETURN c",Show me 'Class' level weaknesses that are 'Incomplete'.
Node Lookup Queries,Show me the 'Variant' weaknesses that are no longer relevant ('Deprecated').,"MATCH (c:UcoCWE {ucoabstraction: 'Variant', ucostatus: 'Deprecated'}) RETURN c",Show me 'Variant' weaknesses that are 'Deprecated'.
Node Lookup Queries,Which 'Compound' type weaknesses are marked as 'Stable'?,"MATCH (c:UcoCWE {ucoabstraction: 'Compound', ucostatus: 'Stable'}) RETURN c",Show me 'Compound' weaknesses that are 'Stable'.
Node Lookup Queries,Can you list the 'Compound' flaws that are 'Incomplete'?,"MATCH (c:UcoCWE {ucoabstraction: 'Compound', ucostatus: 'Incomplete'}) RETURN c",Show me 'Compound' weaknesses that are 'Incomplete'.
Node Lookup Queries,Which software flaws mention 'injection'?,MATCH (c:UcoCWE) WHERE c.ucocweSummary CONTAINS 'injection' RETURN c,Find weaknesses that mention 'injection' in their summary.
Node Lookup Queries,Are there any flaws that mention 'cross-site'?,MATCH (c:UcoCWE) WHERE c.ucocweSummary CONTAINS 'cross-site' RETURN c,Find weaknesses that mention 'cross-site' in their summary.
Node Lookup Queries,Show me flaws related to 'overflow' issues.,MATCH (c:UcoCWE) WHERE c.ucocweSummary CONTAINS 'overflow' RETURN c,Find weaknesses that mention 'overflow' in their summary.
Node Lookup Queries,Which flaws are about 'permissions'?,MATCH (c:UcoCWE) WHERE c.ucocweSummary CONTAINS 'permissions' RETURN c,Find weaknesses that mention 'permissions' in their summary.
Node Lookup Queries,Can you find weaknesses mentioning 'path traversal'?,MATCH (c:UcoCWE) WHERE c.ucocweSummary CONTAINS 'path traversal' RETURN c,Find weaknesses that mention 'path traversal' in their summary.
Node Lookup Queries,List flaws related to 'deserialization'.,MATCH (c:UcoCWE) WHERE c.ucocweSummary CONTAINS 'deserialization' RETURN c,Find weaknesses that mention 'deserialization' in their summary.
Node Lookup Queries,What is the security flaw 'CVE-2024-1001'?,MATCH (c:UcoCVE {label: 'CVE-2024-1001'}) RETURN c,Tell me everything about vulnerability 'CVE-2024-1001'.
Node Lookup Queries,Can you explain 'CVE-2023-5000'?,MATCH (c:UcoCVE {label: 'CVE-2023-5000'}) RETURN c,Tell me everything about vulnerability 'CVE-2023-5000'.
Node Lookup Queries,I need information on 'CVE-2022-3019'.,MATCH (c:UcoCVE {label: 'CVE-2022-3019'}) RETURN c,Tell me everything about vulnerability 'CVE-2022-3019'.
Node Lookup Queries,What are the details for 'CVE-2017-0144'?,MATCH (c:UcoCVE {label: 'CVE-2017-0144'}) RETURN c,Tell me everything about vulnerability 'CVE-2017-0144'.
Node Lookup Queries,Tell me about 'CVE-2019-0708'.,MATCH (c:UcoCVE {label: 'CVE-2019-0708'}) RETURN c,Tell me everything about vulnerability 'CVE-2019-0708'.
Node Lookup Queries,What is 'CVE-2023-34362' about?,MATCH (c:UcoCVE {label: 'CVE-2023-34362'}) RETURN c,Tell me everything about vulnerability 'CVE-2023-34362'.
Node Lookup Queries,Explain the attack technique 'Command and Control'.,MATCH (t:UcoexMITREATTACK {ucoexNAME: 'Command and Control'}) RETURN t,Tell me about the 'Command and Control' attack technique.
Node Lookup Queries,What is the 'Lateral Movement' attack method?,MATCH (t:UcoexMITREATTACK {ucoexNAME: 'Lateral Movement'}) RETURN t,Tell me about the 'Lateral Movement' attack technique.
Node Lookup Queries,Can you describe the 'Exfiltration' technique?,MATCH (t:UcoexMITREATTACK {ucoexNAME: 'Exfiltration'}) RETURN t,Tell me about the 'Exfiltration' attack technique.
Node Lookup Queries,What does the 'Credential Access' technique involve?,MATCH (t:UcoexMITREATTACK {ucoexNAME: 'Credential Access'}) RETURN t,Tell me about the 'Credential Access' attack technique.
Node Lookup Queries,How does the 'Initial Access' technique work?,MATCH (t:UcoexMITREATTACK {ucoexNAME: 'Initial Access'}) RETURN t,Tell me about the 'Initial Access' attack technique.
Node Lookup Queries,What is the 'Persistence' attack technique?,MATCH (t:UcoexMITREATTACK {ucoexNAME: 'Persistence'}) RETURN t,Tell me about the 'Persistence' attack technique.
Node Lookup Queries,How do attackers use 'Defense Evasion'?,MATCH (t:UcoexMITREATTACK {ucoexNAME: 'Defense Evasion'}) RETURN t,Tell me about the 'Defense Evasion' attack technique.
Node Lookup Queries,Show me the attack methods used against businesses ('Enterprise').,MATCH (t:UcoexMITREATTACK {ucoexDOMAIN: 'Enterprise'}) RETURN t.ucoexNAME,What are all the attack techniques for 'Enterprise' systems?
Node Lookup Queries,What hacking methods target phones and tablets ('Mobile')?,MATCH (t:UcoexMITREATTACK {ucoexDOMAIN: 'Mobile'}) RETURN t.ucoexNAME,What are all the attack techniques for 'Mobile' devices?
Node Lookup Queries,How do hackers attack industrial control systems ('ICS')?,MATCH (t:UcoexMITREATTACK {ucoexDOMAIN: 'ICS'}) RETURN t.ucoexNAME,What are all the attack techniques for 'Industrial' systems?
Node Lookup Queries,What is 'powershell' and how is it used?,MATCH (s:UcoexSOFTWARE {ucoexNAME: 'powershell'}) RETURN s,Tell me about the software 'powershell'.
Node Lookup Queries,What is 'netcat'?,MATCH (s:UcoexSOFTWARE {ucoexNAME: 'netcat'}) RETURN s,Tell me about the software 'netcat'.
Node Lookup Queries,Can you explain what 'Cobalt Strike' software is?,MATCH (s:UcoexSOFTWARE {ucoexNAME: 'Cobalt Strike'}) RETURN s,What is 'Cobalt Strike'?
Node Lookup Queries,I need information on 'Metasploit'.,MATCH (s:UcoexSOFTWARE {ucoexNAME: 'Metasploit'}) RETURN s,What is 'Metasploit'?
Node Lookup Queries,What is the 'Empire' tool used for?,MATCH (s:UcoexSOFTWARE {ucoexNAME: 'Empire'}) RETURN s,Tell me about the 'Empire' software.
Node Lookup Queries,Can you tell me about 'PsExec'?,MATCH (s:UcoexSOFTWARE {ucoexNAME: 'PsExec'}) RETURN s,What is 'PsExec'?
Node Lookup Queries,Who is the hacker group 'APT28'?,MATCH (g:UcoexGROUPS {ucoexNAME: 'APT28'}) RETURN g,Tell me about the threat group 'APT28'.
Node Lookup Queries,What do we know about the group 'APT29'?,MATCH (g:UcoexGROUPS {ucoexNAME: 'APT29'}) RETURN g,Tell me about the threat group 'APT29'.
Node Lookup Queries,Tell me about the 'Lazarus Group' hackers.,MATCH (g:UcoexGROUPS {ucoexNAME: 'Lazarus Group'}) RETURN g,Who is the 'Lazarus Group'?
Node Lookup Queries,What is the 'Sandworm' threat group known for?,MATCH (g:UcoexGROUPS {ucoexNAME: 'Sandworm'}) RETURN g,Tell me about the 'Sandworm' group.
Node Lookup Queries,Can you give me background on the 'FIN7' group?,MATCH (g:UcoexGROUPS {ucoexNAME: 'FIN7'}) RETURN g,Who is the threat group 'FIN7'?
Node Lookup Queries,What is the 'Cozy Bear' hacker group?,MATCH (g:UcoexGROUPS {ucoexNAME: 'Cozy Bear'}) RETURN g,Who is 'Cozy Bear'?
Node Lookup Queries,Can you tell me about the 'NotPetya' cyberattack?,MATCH (c:UcoexCAMPAIGNS {ucoexNAME: 'NotPetya'}) RETURN c,What was the 'NotPetya' attack campaign?
Node Lookup Queries,What happened during the 'WannaCry' cyberattack?,MATCH (c:UcoexCAMPAIGNS {ucoexNAME: 'WannaCry'}) RETURN c,Tell me about the 'WannaCry' campaign.
