Category,NaturalLanguageQuestion,CypherQuery,CypherToQuestion
Node Lookup Queries,Pull the record for CVE-2021-44228.,MATCH (c:UcoCVE {label: 'CVE-2021-44228'}) RETURN c,What are the full details for 'CVE-2021-44228'?
Node Lookup Queries,Get the name and description for CWE-89.,"MATCH (c:UcoCWE {ucocweID: 'CWE-89'}) RETURN c.ucocweName, c.ucodescription",What is the name and description for weakness 'CWE-89'?
Node Lookup Queries,Show me all data on the 'SolarWinds Orion' campaign.,MATCH (c:UcoexCAMPAIGNS {ucoexNAME: 'SolarWinds Orion'}) RETURN c,Show me all information on the 'SolarWinds Orion' campaign.
Node Lookup Queries,What's the description and domain for the 'Phishing' ATT&CK technique?,"MATCH (t:UcoexMITREATTACK {ucoexNAME: 'Phishing'}) RETURN t.ucoexDESCRIPTION, t.ucoexDOMAIN",What's the description and domain for the 'Phishing' attack technique?
Node Lookup Queries,Pull the entry for the 'Mimikatz' tool.,MATCH (s:UcoexSOFTWARE {ucoexNAME: 'Mimikatz'}) RETURN s,Find all data for the software 'Mimikatz'.
Node Lookup Queries,What campaigns are attributed to the threat actor FIN7?,MATCH (g:UcoexGROUPS {ucoexNAME: 'FIN7'})<-[:UCOEXATTRIBUTEDTO]-(c:UcoexCAMPAIGNS) RETURN c.ucoexNAME,What campaigns are attributed to the 'FIN7' group?
Node Lookup Queries,Get the name and description for CAPEC-540.,"MATCH (c:UcoexCAPEC {ucoexCAPEC_id: 'CAPEC-540'}) RETURN c.ucoexCAPEC_name, c.ucoexDescription",What is the name and description for attack pattern 'CAPEC-540'?
Node Lookup Queries,List all tracked threat actor groups.,MATCH (g:UcoexGROUPS) RETURN g.ucoexNAME,List the names of all known threat groups.
Node Lookup Queries,What's the description for the 'User Account Control' mitigation?,MATCH (m:UcoexMITIGATIONS {ucoexNAME: 'User Account Control'}) RETURN m.ucoexDESCRIPTION,What is the description for the 'User Account Control' mitigation?
Node Lookup Queries,"Show me vulnerability summaries for everything published on March 14, 2017.",MATCH (v:UcoVulnerability) WHERE v.ucopublishedDateTime = datetime('2017-03-14T00:00:00Z') RETURN v.ucosummary,"What are the summaries for vulnerabilities published on March 14, 2017?"
Relationship Traversal Queries,Show me campaigns linked to the Lazarus Group.,MATCH (g:UcoexGROUPS {ucoexNAME: 'Lazarus Group'})<-[:UCOEXATTRIBUTEDTO]-(c:UcoexCAMPAIGNS) RETURN c.ucoexNAME,Which campaigns are attributed to the 'Lazarus Group'?
Relationship Traversal Queries,What MITRE ATT&CK TTPs are associated with FIN7?,MATCH (g:UcoexGROUPS {ucoexNAME: 'FIN7'})-[:UCOEXGROUPUSESTECHNIQUE]->(t:UcoexMITREATTACK) RETURN t.ucoexNAME,What attack techniques does the 'FIN7' group use?
Relationship Traversal Queries,What CVE identifier corresponds to the 'EternalBlue' vulnerability?,MATCH (v:UcoVulnerability {uri: 'vuln-eternalblue'})-[:UCOHASCVE_ID]->(c:UcoCVE) RETURN c.label,What is the CVE ID for the 'vuln-eternalblue' vulnerability?
Relationship Traversal Queries,What ATT&CK techniques does 'Network Segmentation' help defend against?,MATCH (m:UcoexMITIGATIONS {ucoexNAME: 'Network Segmentation'})-[:UCOEXMITIGATES]->(t:UcoexMITREATTACK) RETURN t.ucoexNAME,What attack techniques does 'Network Segmentation' help mitigate?
Relationship Traversal Queries,What tools or malware were utilized in the WannaCry attack?,MATCH (c:UcoexCAMPAIGNS {ucoexNAME: 'WannaCry Ransomware Attack'})-[:UCOEXCAMPAIGNUSESSOFTWARE]->(s:UcoexSOFTWARE) RETURN s.ucoexNAME,What software was used in the 'WannaCry Ransomware Attack'?
Relationship Traversal Queries,What CWEs are related to the 'CAPEC-115' attack pattern?,"MATCH (capec:UcoexCAPEC {ucoexCAPEC_id: 'CAPEC-115'})-[:UCOEXHASRELATEDWEAKNESS]->(cwe:UcoCWE) RETURN cwe.ucocweID, cwe.ucocweName",What weaknesses (CWEs) are related to the attack pattern 'CAPEC-115'?
Relationship Traversal Queries,What D3FEND countermeasures map to ATT&CK technique T1003?,MATCH (d:UcoexMITRED3FEND)-[:UCOEXHASMITREATTACK]->(t:UcoexMITREATTACK {ucoexNAME: 'T1003'}) RETURN d.ucoexMITRED3FEND_LABEL,What D3FEND defenses are related to the 'T1003' attack technique?
Relationship Traversal Queries,What products or platforms (CPEs) are affected by CVE-2021-44228?,MATCH (:UcoCVE {label: 'CVE-2021-44228'})-[:UCOEXHASCPE]->(cpe:UcoexCPE) RETURN cpe.cpeName,What products are affected by 'CVE-2021-44228'?
Relationship Traversal Queries,Show me real-world examples observed for CWE-79.,MATCH (:UcoCWE {ucocweID: 'CWE-79'})-[:UCOHASOBSERVEDEXAMPLE]->(ex:UcoexObservedExample) RETURN ex.ucoexDESCRIPTION,Show me real-world examples for the 'CWE-79' weakness.
Multi-hop Queries,What tools are used by the threat actors behind the SolarWinds campaign?,MATCH (g:UcoexGROUPS)<-[:UCOEXATTRIBUTEDTO]-(:UcoexCAMPAIGNS {ucoexNAME: 'SolarWinds Orion Attack'})-[:UCOEXGROUPUSESSOFTWARE]->(s:UcoexSOFTWARE) RETURN s.ucoexNAME,What software was used by the 'SolarWinds Orion Attack' campaign (which has an attributed group)?
Multi-hop Queries,Which CVEs were exploited during the WannaCry campaign?,MATCH (:UcoexCAMPAIGNS {ucoexNAME: 'WannaCry Ransomware Attack'})-[:UCOEXCAMPAIGNUSESTECHNIQUE]->(t:UcoexMITREATTACK)<-[:UCOEXHASTAXONOMYMAPPING]-(:UcoexCAPEC)-[:UCOEXHASRELATEDWEAKNESS]->(:UcoCWE)<-[:UCOHASWEAKNESS]-(et:UcoExploitTarget)-[:UCOHASVULNERABILITY]->(v:UcoVulnerability)-[:UCOHASCVE_ID]->(cve:UcoCVE) RETURN cve.label,"What CVEs are exploited by the 'WannaCry' campaign, based on its chain of techniques, attack patterns, and weaknesses?"
Multi-hop Queries,Which threat actors use TTPs that 'Network Segmentation' can block?,MATCH (g:UcoexGROUPS)-[:UCOEXGROUPUSESTECHNIQUE]->(t:UcoexMITREATTACK)<-[:UCOEXMITIGATES]-(:UcoexMITIGATIONS {ucoexNAME: 'Network Segmentation'}) RETURN g.ucoexNAME,Which threat groups use techniques that 'Network Segmentation' can mitigate?
Multi-hop Queries,Show TTPs used by APT28 and their corresponding CAPEC attack patterns.,"MATCH (:UcoexGROUPS {ucoexNAME: 'APT28'})-[:UCOEXGROUPUSESTECHNIQUE]->(t:UcoexMITREATTACK)<-[:UCOEXHASTAXONOMYMAPPING]-(c:UcoexCAPEC) RETURN t.ucoexNAME, c.ucoexCAPEC_name","What techniques does 'APT28' use, and which CAPEC attack patterns do they map to?"
Multi-hop Queries,"Find vulnerabilities that share the same weakness type (CWE) as CVE-2017-0144, based on observed incidents.",MATCH (:UcoCVE {label: 'CVE-2017-0144'})<-[:UCOEXEXAMPLEOBSERVEDIN]-(:UcoexObservedExample)<-[:UCOHASOBSERVEDEXAMPLE]-(w:UcoCWE)<-[:UCOHASWEAKNESS]-(:UcoExploitTarget)-[:UCOHASVULNERABILITY]->(v:UcoVulnerability) RETURN v.ucosummary,Find vulnerabilities linked to weaknesses that were observed in an example related to 'CVE-2017-0144'.
Multi-hop Queries,What mitigations exist for the TTPs associated with FIN7's known toolset?,MATCH (:UcoexGROUPS {ucoexNAME: 'FIN7'})-[:UCOEXGROUPUSESSOFTWARE]->(:UcoexSOFTWARE)-[:UCOEXSOFTWAREUSESTECHNIQUE]->(t:UcoexMITREATTACK)<-[:UCOEXMITIGATES]-(m:UcoexMITIGATIONS) RETURN m.ucoexNAME,What are the mitigations for techniques used by the software in 'FIN7's' toolkit?
Multi-hop Queries,Which campaigns leverage tools that rely on the 'PowerShell' TTP?,MATCH (c:UcoexCAMPAIGNS)-[:UCOEXCAMPAIGNUSESSOFTWARE]->(:UcoexSOFTWARE)-[:UCOEXSOFTWAREUSESTECHNIQUE]->(:UcoexMITREATTACK {ucoexNAME: 'PowerShell'}) RETURN c.ucoexNAME,Which campaigns use software that relies on the 'PowerShell' technique?
Multi-hop Queries,Which threat actors have TTP overlap with the SolarWinds campaign?,MATCH (:UcoexCAMPAIGNS {ucoexNAME: 'SolarWinds Orion Attack'})-[:UCOEXCAMPAIGNUSESTECHNIQUE]->(t:UcoexMITREATTACK)<-[:UCOEXGROUPUSESTECHNIQUE]-(g:UcoexGROUPS) RETURN g.ucoexNAME,Which groups use the same attack techniques as the 'SolarWinds Orion Attack' campaign?
Multi-hop Queries,What underlying weaknesses (CWEs) are associated with 'Phishing' via CAPEC patterns?,MATCH (:UcoexMITREATTACK {ucoexNAME: 'Phishing'})<-[:UCOEXHASTAXONOMYMAPPING]-(:UcoexCAPEC)-[:UCOEXHASRELATEDWEAKNESS]->(cwe:UcoCWE) RETURN cwe.ucocweID,What weaknesses (CWEs) are related to attack patterns (CAPEC) that map to 'Phishing'?
Multi-hop Queries,What D3FEND countermeasures are recommended for TTPs used by the Lazarus Group?,MATCH (:UcoexGROUPS {ucoexNAME: 'Lazarus Group'})-[:UCOEXGROUPUSESTECHNIQUE]->(t:UcoexMITREATTACK)<-[:UCOEXHASMITREATTACK]-(d:UcoexMITRED3FEND) RETURN d.ucoexMITRED3FEND_LABEL,What D3FEND defenses counter the techniques used by the 'Lazarus Group'?
Aggregation and Counting,Count the number of distinct TTPs linked to APT28.,MATCH (g:UcoexGROUPS {ucoexNAME: 'APT28'})-[:UCOEXGROUPUSESTECHNIQUE]->(t:UcoexMITREATTACK) RETURN count(t),How many attack techniques are linked to 'APT28'?
Aggregation and Counting,Show a count of campaigns for each threat actor.,"MATCH (g:UcoexGROUPS)<-[:UCOEXATTRIBUTEDTO]-(c:UcoexCAMPAIGNS) RETURN g.ucoexNAME, count(c) AS campaignCount",Show me a count of campaigns attributed to each threat group.
Aggregation and Counting,Calculate the average exploitability score across all CVEs.,MATCH (c:UcoCVE) RETURN avg(toInteger(c.ucoexploitabilityScore)),What is the average exploitability score for all CVEs?
Aggregation and Counting,How many unique tools are tracked across all threat actor toolkits?,MATCH (:UcoexGROUPS)-[:UCOEXGROUPUSESSOFTWARE]->(s:UcoexSOFTWARE) RETURN count(DISTINCT s),How many unique software tools are used by all groups combined?
Aggregation and Counting,What is the highest impact score listed for any CVE?,MATCH (c:UcoCVE) RETURN max(toInteger(c.ucoimpactScore)),What is the highest impact score of any CVE in the database?
Aggregation and Counting,Count the related CWEs for each CAPEC attack pattern.,"MATCH (capec:UcoexCAPEC)-[:UCOEXHASRELATEDWEAKNESS]->(cwe:UcoCWE) RETURN capec.ucoexCAPEC_name, count(cwe) AS weaknessCount",How many related weaknesses (CWEs) does each CAPEC attack pattern have?
Aggregation and Counting,What is the total count of vulnerability records?,MATCH (v:UcoVulnerability) RETURN count(v),What is the total number of vulnerabilities in the database?
Aggregation and Counting,Show how many TTPs each mitigation addresses.,"MATCH (m:UcoexMITIGATIONS)-[:UCOEXMITIGATES]->(t:UcoexMITREATTACK) RETURN m.ucoexNAME, count(t) AS techniqueCount",Show the count of techniques that each mitigation addresses.
Aggregation and Counting,How many total 'in-the-wild' examples are recorded for all weakness types?,MATCH (:UcoCWE)-[:UCOHASOBSERVEDEXAMPLE]->(ex:UcoexObservedExample) RETURN count(ex),What is the total number of observed examples for all weaknesses?
Aggregation and Counting,Count the number of campaigns known to use the 'PowerShell' TTP.,MATCH (c:UcoexCAMPAIGNS)-[:UCOEXCAMPAIGNUSESTECHNIQUE]->(:UcoexMITREATTACK {ucoexNAME: 'PowerShell'}) RETURN count(c),How many campaigns use the 'PowerShell' technique?
Conditional and Boolean Queries,Show me high-impact (score > 5) CVEs that require no user interaction to exploit.,"MATCH (c:UcoCVE) WHERE toInteger(c.ucoimpactScore) > 5 AND c.ucouserInteractionRequired = 'false' RETURN c.label, c.ucoimpactScore",Find CVEs with an impact score over 5 that don't require user interaction.
Conditional and Boolean Queries,Get all 'open-source' or 'commercial' software entries.,"MATCH (s:UcoexSOFTWARE) WHERE s.ucoexDOMAIN = 'open-source' OR s.ucoexDOMAIN = 'commercial' RETURN s.ucoexNAME, s.ucoexDOMAIN",List all software that is either 'open-source' or 'commercial'.
Conditional and Boolean Queries,List all campaigns *not* attributed to APT28.,MATCH (c:UcoexCAMPAIGNS) WHERE NOT EXISTS((c)-[:UCOEXATTRIBUTEDTO]->(:UcoexGROUPS {ucoexNAME: 'APT28'})) RETURN c.ucoexNAME,Which campaigns are NOT attributed to 'APT28'?
Conditional and Boolean Queries,"What TTPs does Lazarus Group use, excluding 'Phishing'?",MATCH (:UcoexGROUPS {ucoexNAME: 'Lazarus Group'})-[:UCOEXGROUPUSESTECHNIQUE]->(t:UcoexMITREATTACK) WHERE t.ucoexNAME <> 'Phishing' RETURN t.ucoexNAME,"What techniques does the 'Lazarus Group' use, besides 'Phishing'?"
Conditional and Boolean Queries,Pull all 'CRITICAL' severity CVEs published since the start of 2020.,MATCH (c:UcoCVE) WHERE c.ucobaseSeverity = 'CRITICAL' AND c.ucopublishedDateTime > datetime('2020-01-01T00:00:00Z') RETURN c.label,List all 'CRITICAL' CVEs published after the start of 2020.
Conditional and Boolean Queries,Which non-Russian threat actors are known to use 'Cobalt Strike'?,MATCH (g:UcoexGROUPS)-[:UCOEXGROUPUSESSOFTWARE]->(:UcoexSOFTWARE {ucoexNAME: 'Cobalt Strike'}) WHERE NOT g.ucoexDESCRIPTION CONTAINS 'Russian' RETURN g.ucoexNAME,Which non-Russian groups use 'Cobalt Strike'?
Conditional and Boolean Queries,Find vulnerabilities that allow full privilege escalation without user interaction.,MATCH (v:UcoVulnerability)-[:UCOHASCVE_ID]->(c:UcoCVE) WHERE c.ucoobtainAllPrivilege = 'true' AND c.ucouserInteractionRequired = 'false' RETURN v.ucosummary,What vulnerability summaries describe exploits that grant full privileges without user interaction?
Conditional and Boolean Queries,Show me 'High' severity attack patterns (CAPEC) that have a 'Low' likelihood.,MATCH (c:UcoexCAPEC) WHERE c.ucoexSeverity = 'High' AND c.ucoexLikelihood = 'Low' RETURN c.ucoexCAPEC_name,"What are the names of 'High' severity, 'Low' likelihood attack patterns (CAPEC)?"
Conditional and Boolean Queries,List all mitigations *except* 'Network Segmentation'.,MATCH (m:UcoexMITIGATIONS) WHERE m.ucoexNAME <> 'Network Segmentation' RETURN m.ucoexNAME,List all mitigations except 'Network Segmentation'.
Path Queries (Variable-length),Is there any relationship at all between the SolarWinds campaign and Mimikatz?,MATCH p = (:UcoexCAMPAIGNS {ucoexNAME: 'SolarWinds Orion Attack'})-[*]-(:UcoexSOFTWARE {ucoexNAME: 'Mimikatz'}) RETURN CASE WHEN length(p) > 0 THEN true ELSE false END AS connectionExists LIMIT 1,Is there any connection between the 'SolarWinds Orion Attack' and 'Mimikatz'?
Path Queries (Variable-length),What's the shortest path connecting APT28 to the PowerShell TTP?,MATCH p = shortestPath((:UcoexGROUPS {ucoexNAME: 'APT28'})-[*]-(:UcoexMITREATTACK {ucoexNAME: 'PowerShell'})) RETURN p,What's the shortest path between the 'APT28' group and the 'PowerShell' technique?
Path Queries (Variable-length),"Show all software that Lazarus Group has any outbound connection to, no matter how many hops.",MATCH (:UcoexGROUPS {ucoexNAME: 'Lazarus Group'})-[*]->(s:UcoexSOFTWARE) RETURN DISTINCT s.ucoexNAME,What software is reachable from the 'Lazarus Group' via any path?
Path Queries (Variable-length),Trace the attack path from any campaign that leads to the exploitation of CVE-2017-0144.,MATCH p = (:UcoexCAMPAIGNS)-[*]->(:UcoCVE {label: 'CVE-2017-0144'}) RETURN p,Show me any attack path from a campaign that leads to 'CVE-2017-0144'.
Path Queries (Variable-length),"Show me mitigations that are two hops away from FIN7 (e.g., for TTPs they use).",MATCH (:UcoexGROUPS {ucoexNAME: 'FIN7'})-[*2]->(m:UcoexMITIGATIONS) RETURN DISTINCT m.ucoexNAME,What mitigations are 2 hops away from the 'FIN7' group?
Path Queries (Variable-length),Give me the 2-hop neighborhood for CVE-2021-44228. What's directly connected to it?,"MATCH (c:UcoCVE {label: 'CVE-2021-44228'})-[*1..2]-(n) RETURN DISTINCT labels(n), n.uri, n.ucoexNAME, n.label",Find all nodes within 2 hops of 'CVE-2021-44228' and show their labels and names/IDs.
Path Queries (Variable-length),Find me some examples of threat actors and mitigations that are very distantly related (3+ hops).,"MATCH p = (g:UcoexGROUPS)-[*3..]-(m:UcoexMITIGATIONS) RETURN g.ucoexNAME, m.ucoexNAME LIMIT 10",Show me 10 examples of groups and mitigations that are at least 3 hops apart.
Path Queries (Variable-length),Show me an example path connecting a campaign to a vulnerability.,MATCH p = (:UcoexCAMPAIGNS)-[*]-(:UcoVulnerability) RETURN p LIMIT 1,Find a single path that connects any campaign to any vulnerability.
Path Queries (Variable-length),"Map out all outbound connections from the WannaCry campaign, up to 4 hops deep.",MATCH p = (:UcoexCAMPAIGNS {ucoexNAME: 'WannaCry Ransomware Attack'})-[*1..4]->(n) RETURN p,Show all paths 1 to 4 hops long starting from the 'WannaCry Ransomware Attack'.
Graph Pattern Matching,Which threat actors are known to use both PowerShell and Phishing TTPs?,MATCH (t1:UcoexMITREATTACK {ucoexNAME: 'PowerShell'})<-[:UCOEXGROUPUSESTECHNIQUE]-(g:UcoexGROUPS)-[:UCOEXGROUPUSESTECHNIQUE]->(t2:UcoexMITREATTACK {ucoexNAME: 'Phishing'}) RETURN g.ucoexNAME,Which groups use both 'PowerShell' and 'Phishing' techniques?
Graph Pattern Matching,Show me campaigns that share tooling with APT28. List the campaign and the shared tool.,"MATCH (:UcoexGROUPS {ucoexNAME: 'APT28'})-[:UCOEXGROUPUSESSOFTWARE]->(s:UcoexSOFTWARE)<-[:UCOEXCAMPAIGNUSESSOFTWARE]-(c:UcoexCAMPAIGNS) RETURN c.ucoexNAME, s.ucoexNAME",Which campaigns use the same software as 'APT28'?
Graph Pattern Matching,"List 10 examples of [Group, TTP, Mitigation] triplets where the group uses the TTP and the mitigation defends against it.","MATCH (g:UcoexGROUPS)-[:UCOEXGROUPUSESTECHNIQUE]->(t:UcoexMITREATTACK)<-[:UCOEXMITIGATES]-(m:UcoexMITIGATIONS) RETURN g.ucoexNAME, t.ucoexNAME, m.ucoexNAME LIMIT 10","List 10 examples of [Group, Technique, Mitigation] where the group uses the technique and the mitigation stops it."
Graph Pattern Matching,What tools are shared between two or more threat groups? Show the tool and the groups.,"MATCH (g1:UcoexGROUPS)-[:UCOEXGROUPUSESSOFTWARE]->(s:UcoexSOFTWARE)<-[:UCOEXGROUPUSESSOFTWARE]-(g2:UcoexGROUPS) WHERE g1 <> g2 RETURN s.ucoexNAME, g1.ucoexNAME, g2.ucoexNAME",What software is used by at least two different groups? List the software and the groups.
Graph Pattern Matching,Which campaigns use TTPs linked to 'High' abstraction-level weaknesses (CWEs)?,MATCH (c:UcoexCAMPAIGNS)-[:UCOEXCAMPAIGNUSESTECHNIQUE]->(:UcoexMITREATTACK)<-[:UCOEXHASTAXONOMYMAPPING]-(:UcoexCAPEC)-[:UCOEXHASRELATEDWEAKNESS]->(w:UcoCWE {ucoabstraction: 'High'}) RETURN c.ucoexNAME,Which campaigns use techniques linked to 'High' abstraction weaknesses (CWEs)?
Graph Pattern Matching,Show me 10 examples of campaigns that share TTPs. List both campaigns and the shared TTP.,"MATCH (c1:UcoexCAMPAIGNS)-[:UCOEXCAMPAIGNUSESTECHNIQUE]->(t:UcoexMITREATTACK)<-[:UCOEXCAMPAIGNUSESTECHNIQUE]-(c2:UcoexCAMPAIGNS) WHERE id(c1) < id(c2) RETURN c1.ucoexNAME, t.ucoexNAME, c2.ucoexNAME LIMIT 10",Show me 10 examples of campaigns that share the same attack technique.
Graph Pattern Matching,Which threat actors use TTPs that are linked (via CAPEC/CWE) to 'CRITICAL' severity CVEs?,MATCH (g:UcoexGROUPS)-[:UCOEXGROUPUSESTECHNIQUE]->(:UcoexMITREATTACK)<-[:UCOEXHASTAXONOMYMAPPING]-(:UcoexCAPEC)-[:UCOEXHASRELATEDWEAKNESS]->(:UcoCWE)<-[:UCOHASWEAKNESS]-(:UcoExploitTarget)-[:UCOHASVULNERABILITY]->(:UcoVulnerability)-[:UCOHASCVE_ID]->(c:UcoCVE {ucobaseSeverity: 'CRITICAL'}) RETURN g.ucoexNAME,Which groups use techniques that trace back to 'CRITICAL' severity CVEs?
Graph Pattern Matching,Show me CVEs that affect known products (have a CPE) AND are linked to a weakness (CWE) that has been seen in the wild.,"MATCH (cve:UcoCVE)-[:UCOEXHASCPE]->(:UcoexCPE), (cve)<-[:UCOHASCVE_ID]-(:UcoVulnerability)<-[:UCOHASVULNERABILITY]-(:UcoExploitTarget)-[:UCOHASWEAKNESS]->(cwe:UcoCWE)-[:UCOHASOBSERVEDEXAMPLE]->(:UcoexObservedExample) RETURN DISTINCT cve.label",Find CVEs that are tied to a product (CPE) AND are linked to a weakness (CWE) with a known real-world example.
Graph Pattern Matching,"Show me 10 examples where a campaign and a software tool use the same TTP. List the campaign, TTP, and tool.","MATCH (c:UcoexCAMPAIGNS)-[:UCOEXCAMPAIGNUSESTECHNIQUE]->(t:UcoexMITREATTACK)<-[:UCOEXSOFTWAREUSESTECHNIQUE]-(s:UcoexSOFTWARE) RETURN c.ucoexNAME, t.ucoexNAME, s.ucoexNAME LIMIT 10","List 10 examples of a campaign, a technique, and a software, where both the campaign and software use that same technique."
Graph Pattern Matching,"List all [Actor, Tool] pairs, but exclude any entries where the tool is 'PowerShell'.","MATCH (g:UcoexGROUPS)-[:UCOEXGROUPUSESSOFTWARE]->(s:UcoexSOFTWARE) WHERE s.ucoexNAME <> 'PowerShell' RETURN g.ucoexNAME, s.ucoexNAME","List all [Group, Software] pairs, but exclude any where the software is 'PowerShell'."
Comparative and Ranking,Show me CVEs where the exploitability score is greater than the impact score.,"MATCH (c:UcoCVE) WHERE toInteger(c.ucoexploitabilityScore) > toInteger(c.ucoimpactScore) RETURN c.label, c.ucoexploitabilityScore, c.ucoimpactScore",Which CVEs are easier to exploit than their impact? (Exploitability > Impact)
Comparative and Ranking,What are the top 3 tools most frequently used in campaigns?,"MATCH (c:UcoexCAMPAIGNS)-[:UCOEXCAMPAIGNUSESSOFTWARE]->(s:UcoexSOFTWARE) RETURN s.ucoexNAME, count(c) AS campaignUsage ORDER BY campaignUsage DESC LIMIT 3",What are the top 3 software tools most used in attack campaigns?
Comparative and Ranking,Rank all threat actors by the size of their known toolkit (number of distinct tools).,"MATCH (g:UcoexGROUPS)-[:UCOEXGROUPUSESSOFTWARE]->(s:UcoexSOFTWARE) RETURN g.ucoexNAME, count(DISTINCT s) AS softwareCount ORDER BY softwareCount DESC",Rank threat groups by how many distinct software tools they use.
Comparative and Ranking,What's the hardest-to-exploit CVE in the database (lowest exploitability score)?,MATCH (c:UcoCVE) RETURN c.label ORDER BY toInteger(c.ucoexploitabilityScore) ASC LIMIT 1,What is the CVE with the single lowest exploitability score?
Comparative and Ranking,What are the top 10 weaknesses (CWEs) that have the most associated attack patterns (CAPEC)?,"MATCH (cwe:UcoCWE)<-[:UCOEXHASRELATEDWEAKNESS]-(capec:UcoexCAPEC) RETURN cwe.ucocweName, count(capec) AS capecCount ORDER BY capecCount DESC LIMIT 10",What are the top 10 weaknesses (CWEs) with the most related attack patterns (CAPEC)?
Comparative and Ranking,Show me all campaigns that use more than 3 distinct TTPs.,"MATCH (c:UcoexCAMPAIGNS)-[:UCOEXCAMPAIGNUSESTECHNIQUE]->(t:UcoexMITREATTACK) WITH c, count(t) AS techCount WHERE techCount > 3 RETURN c.ucoexNAME, techCount",Which campaigns use more than 3 attack techniques?
Comparative and Ranking,"What's the single most effective mitigation (i.e., covers the most TTPs)?","MATCH (m:UcoexMITIGATIONS)-[:UCOEXMITIGATES]->(t:UcoexMITREATTACK) RETURN m.ucoexNAME, count(t) AS techniqueCount ORDER BY techniqueCount DESC LIMIT 1",What is the best mitigation? (The one that covers the most techniques)
Comparative and Ranking,Rank all tools by their popularity among threat actors.,"MATCH (g:UcoexGROUPS)-[:UCOEXGROUPUSESSOFTWARE]->(s:UcoexSOFTWARE) RETURN s.ucoexNAME, count(g) AS groupUsage ORDER BY groupUsage DESC",Rank software tools by how many threat groups use them.
Comparative and Ranking,Which threat actor is linked to the highest number of 'CRITICAL' CVEs?,"MATCH (g:UcoexGROUPS)-[:UCOEXGROUPUSESTECHNIQUE]->(:UcoexMITREATTACK)<-[:UCOEXHASTAXONOMYMAPPING]-(:UcoexCAPEC)-[:UCOEXHASRELATEDWEAKNESS]->(:UcoCWE)<-[:UCOHASWEAKNESS]-(:UcoExploitTarget)-[:UCOHASVULNERABILITY]->(:UcoVulnerability)-[:UCOHASCVE_ID]->(c:UcoCVE {ucobaseSeverity: 'CRITICAL'}) RETURN g.ucoexNAME, count(c) as criticalCVEs ORDER BY criticalCVEs DESC LIMIT 1",Which group is linked to the most 'CRITICAL' CVEs through their techniques?
Existence and Set Operations Queries,Show me all threat actors that have a description.,MATCH (g:UcoexGROUPS) WHERE g.ucoexDESCRIPTION IS NOT NULL RETURN g.ucoexNAME,Which threat groups have a description available?
Existence and Set Operations Queries,List all CVEs that are tied to a specific product (have a CPE).,MATCH (c:UcoCVE) WHERE EXISTS((c)-[:UCOEXHASCPE]->()) RETURN c.label,List all CVEs that are linked to a specific product (CPE).
Existence and Set Operations Queries,Show me all tools in the database that are not currently associated with any campaign.,MATCH (s:UcoexSOFTWARE) WHERE NOT EXISTS(()-[:UCOEXCAMPAIGNUSESSOFTWARE]->(s)) RETURN s.ucoexNAME,What software do we have listed that isn't part of any known campaign?
Existence and Set Operations Queries,"Pull the records for these TTPs: 'Phishing', 'Spearphishing Attachment', and 'Drive-by Compromise'.","MATCH (t:UcoexMITREATTACK) WHERE t.ucoexNAME IN ['Phishing', 'Spearphishing Attachment', 'Drive-by Compromise'] RETURN t.ucoexNAME","Find all data for 'Phishing', 'Spearphishing Attachment', and 'Drive-by Compromise' techniques."
Existence and Set Operations Queries,Confirm if we are tracking 'APT28'.,OPTIONAL MATCH (g:UcoexGROUPS {ucoexNAME: 'APT28'}) RETURN g IS NOT NULL AS groupExists,Does the 'APT28' group exist in the database?
Existence and Set Operations Queries,List all threat groups that use tools *other than* 'Mimikatz'.,MATCH (g:UcoexGROUPS)-[:UCOEXGROUPUSESSOFTWARE]->(s:UcoexSOFTWARE) WHERE s.ucoexNAME <> 'Mimikatz' RETURN DISTINCT g.ucoexNAME,"Which groups use software, but specifically not 'Mimikatz'?"
Existence and Set Operations Queries,Show me all TTPs that are missing a CAPEC mapping.,MATCH (t:UcoexMITREATTACK) WHERE NOT EXISTS((t)<-[:UCOEXHASTAXONOMYMAPPING]-()) RETURN t.ucoexNAME,Which attack techniques are not mapped to any CAPEC attack pattern?
Existence and Set Operations Queries,Which campaigns share TTPs with APT28?,MATCH (:UcoexGROUPS {ucoexNAME: 'APT28'})-[:UCOEXGROUPUSESTECHNIQUE]->(t:UcoexMITREATTACK) WITH collect(t) as apt28Techniques MATCH (c:UcoexCAMPAIGNS)-[:UCOEXCAMPAIGNUSESTECHNIQUE]->(t2) WHERE t2 in apt28Techniques RETURN DISTINCT c.ucoexNAME,Which campaigns use any of the same techniques as 'APT28'?
Existence and Set Operations Queries,Are there any campaigns where both Cobalt Strike and Mimikatz were used?,MATCH (s1:UcoexSOFTWARE {ucoexNAME: 'Cobalt Strike'})<-[:UCOEXCAMPAIGNUSESSOFTWARE]-(c:UcoexCAMPAIGNS)-[:UCOEXCAMPAIGNUSESSOFTWARE]->(s2:UcoexSOFTWARE {ucoexNAME: 'Mimikatz'}) RETURN CASE WHEN count(c) > 0 THEN true ELSE false END AS usesBoth,Is there any campaign that uses both 'Cobalt Strike' and 'Mimikatz'?
Existence and Set Operations Queries,Show me all mitigations that have a description.,MATCH (m:UcoexMITIGATIONS) WHERE m.ucoexDESCRIPTION IS NOT NULL RETURN m.ucoexNAME,Which mitigations have a description?
Node Lookup Queries,Pull the record for CVE-2009-2228.,MATCH (c:UcoCVE {label: 'CVE-2009-2228'}) RETURN c,Find all data for 'CVE-2009-2228'.
Node Lookup Queries,Show me all CVEs with an impact score below 3.9.,MATCH (c:UcoCVE) WHERE toFloat(c.ucoimpactScore) < 3.9 RETURN c,Which CVEs have an impact score below 3.9?
Node Lookup Queries,Show me all CVEs with an impact score above 6.4.,MATCH (c:UcoCVE) WHERE toFloat(c.ucoimpactScore) > 6.4 RETURN c,Which CVEs have an impact score above 6.4?
Node Lookup Queries,List 'Received' CVEs that *do* allow full privilege escalation.,"MATCH (c:UcoCVE {ucovulnStatus: 'Received', ucoobtainAllPrivilege: 'true'}) RETURN c",Which 'Received' CVEs allow an attacker to 'obtain all privilege'?
Node Lookup Queries,Find CVEs 'Undergoing Analysis' that do not grant full privileges.,"MATCH (c:UcoCVE {ucovulnStatus: 'Undergoing Analysis', ucoobtainAllPrivilege: 'false'}) RETURN c",Find CVEs 'Undergoing Analysis' that do not allow an attacker to 'obtain all privilege'.
Node Lookup Queries,Show 'HIGH' severity CVEs that are remotely exploitable without user interaction.,"MATCH (c:UcoCVE {ucobaseSeverity: 'HIGH', ucouserInteractionRequired: 'false'}) RETURN c",Show me 'HIGH' severity CVEs that don't require user interaction.
Node Lookup Queries,"Pull all vulnerability records published on Jan 15, 2020.",MATCH (v:UcoVulnerability) WHERE v.ucopublishedDateTime STARTS WITH '2020-01-15' RETURN v,Find all vulnerabilities published on '2020-01-15'.
Node Lookup Queries,"What vulnerabilities have been modified since June 1, 2021?",MATCH (v:UcoVulnerability) WHERE v.ucolastModifiedDateTime > '2021-06-01T00:00:00' RETURN v,"Which vulnerabilities have been modified since June 1, 2021?"
Node Lookup Queries,Search vulnerability summaries for 'remote code execution'.,MATCH (v:UcoVulnerability) WHERE v.ucosummary CONTAINS 'remote code execution' RETURN v,Find all vulnerabilities that mention 'remote code execution' in their summary.
Node Lookup Queries,List all 'CRITICAL' severity vulnerability records.,MATCH (v:UcoVulnerability {ucobaseSeverity: 'CRITICAL'}) RETURN v,List all 'CRITICAL' severity vulnerabilities.
Node Lookup Queries,List all 'HIGH' severity vulnerability records.,MATCH (v:UcoVulnerability {ucobaseSeverity: 'HIGH'}) RETURN v,List all 'HIGH' severity vulnerabilities.
Node Lookup Queries,Show all vulnerabilities with a status of 'Analyzed'.,MATCH (v:UcoVulnerability {ucovulnStatus: 'Analyzed'}) RETURN v,Which vulnerabilities have a status of 'Analyzed'?
Node Lookup Queries,Show vulnerabilities that *don't* grant full privileges.,MATCH (v:UcoVulnerability {ucoobtainAllPrivilege: 'false'}) RETURN v,Show me vulnerabilities that do not allow an attacker to 'obtain all privilege'.
Node Lookup Queries,Search vulnerability summaries for 'IoT device'.,MATCH (v:UcoVulnerability) WHERE v.ucosummary CONTAINS 'IoT device' RETURN v,Find all vulnerabilities that mention 'IoT device' in their summary.
Node Lookup Queries,"List 'Base' level, 'Composite' structure CWEs with a 'Stable' status.","MATCH (c:UcoCWE {ucoabstraction: 'Base', ucostructure: 'Composite', ucostatus: 'Stable'}) RETURN c",List 'Base' level weaknesses with 'Composite' structure that are 'Stable'.
Node Lookup Queries,Find weakness types (CWEs) related to 'denial of service'.,MATCH (c:UcoCWE) WHERE c.ucodescription CONTAINS 'denial of service' RETURN c,Find all weaknesses (CWEs) that mention 'denial of service' in their description.
Node Lookup Queries,"Show 'LOW' severity, 'Modified' CVEs that don't need user interaction.","MATCH (c:UcoCVE {ucobaseSeverity: 'LOW', ucovulnStatus: 'Modified', ucouserInteractionRequired: 'false'}) RETURN c","Show 'LOW' severity, 'Modified' CVEs that don't require user interaction."
Node Lookup Queries,List all 'Pillar' level CWEs.,MATCH (c:UcoCWE {ucoabstraction: 'Pillar'}) RETURN c,List all 'Pillar' level weaknesses.
Node Lookup Queries,Find all CWEs marked as 'Incomplete'.,MATCH (c:UcoCWE {ucostatus: 'Incomplete'}) RETURN c,Find all weaknesses marked as 'Incomplete'.
Node Lookup Queries,Find the weakness 'Reliance on Untrusted Inputs in a Security Decision'.,MATCH (c:UcoCWE {ucocweName: 'Reliance on Untrusted Inputs in a Security Decision'}) RETURN c,Show me all data for 'Reliance on Untrusted Inputs in a Security Decision'.
Node Lookup Queries,Pull the record for 'Insecure Default Initialization of Resource'.,MATCH (c:UcoCWE {ucocweName: 'Insecure Default Initialization of Resource'}) RETURN c,Show me all data for 'Insecure Default Initialization of Resource'.
Node Lookup Queries,Find information on 'Missing Encryption of Sensitive Data'.,MATCH (c:UcoCWE {ucocweName: 'Missing Encryption of Sensitive Data'}) RETURN c,Show me all data for 'Missing Encryption of Sensitive Data'.
Node Lookup Queries,Find any CWE summaries that mention 'authentication'.,MATCH (c:UcoCWE) WHERE c.ucocweSummary CONTAINS 'authentication' RETURN c,Find all weaknesses that mention 'authentication' in their summary.
Node Lookup Queries,Search CWE descriptions for 'buffer' related weaknesses.,MATCH (c:UcoCWE) WHERE c.ucodescription CONTAINS 'buffer' RETURN c,Find all weaknesses that mention 'buffer' in their description.
Node Lookup Queries,List all CWEs with 'injection' in their description.,MATCH (c:UcoCWE) WHERE c.ucodescription CONTAINS 'injection' RETURN c,Find all weaknesses that mention 'injection' in their description.
Node Lookup Queries,Show weaknesses involving 'credentials' in their description.,MATCH (c:UcoCWE) WHERE c.ucodescription CONTAINS 'credentials' RETURN c,Show weaknesses that mention 'credentials' in their description.
Node Lookup Queries,Find all 'Base' abstraction CWEs that are 'Stable'.,"MATCH (c:UcoCWE {ucoabstraction: 'Base', ucostatus: 'Stable'}) RETURN c",Which 'Base' level weaknesses are 'Stable'?
Node Lookup Queries,List all 'Base' weaknesses that are in 'Draft' status.,"MATCH (c:UcoCWE {ucoabstraction: 'Base', ucostatus: 'Draft'}) RETURN c",Which 'Base' weaknesses are in 'Draft' status?
Node Lookup Queries,Search CWE descriptions for 'SQL' related weaknesses.,MATCH (c:UcoCWE) WHERE c.ucodescription CONTAINS 'SQL' RETURN c,Find all weaknesses that mention 'SQL' in their description.
Node Lookup Queries,Are there any weaknesses related to 'cross-site scripting' in the descriptions?,MATCH (c:UcoCWE) WHERE c.ucodescription CONTAINS 'cross-site scripting' RETURN c,Find all weaknesses that mention 'cross-site scripting' in their description.
Node Lookup Queries,List all CWEs that talk about 'memory leak'.,MATCH (c:UcoCWE) WHERE c.ucodescription CONTAINS 'memory leak' RETURN c,Find all weaknesses that mention 'memory leak' in their description.
Node Lookup Queries,Show weaknesses involving 'deserialization'.,MATCH (c:UcoCWE) WHERE c.ucodescription CONTAINS 'deserialization' RETURN c,Show weaknesses that mention 'deserialization' in their description.
Node Lookup Queries,Show all 'Standard' abstraction CAPEC patterns.,MATCH (c:UcoexCAPEC {ucoexAbstraction: 'Standard'}) RETURN c,Show all 'Standard' level attack patterns (CAPEC).
Node Lookup Queries,Pull the record for CAPEC-519.,MATCH (c:UcoexCAPEC {ucoexCAPEC_id: '519'}) RETURN c,Show me all data for 'CAPEC-519'.
Node Lookup Queries,Find CAPEC patterns whose description mentions 'credentials'.,MATCH (c:UcoexCAPEC) WHERE c.ucoexDescription CONTAINS 'credentials' RETURN c,Find all attack patterns (CAPEC) that mention 'credentials' in their description.
Node Lookup Queries,List CAPEC patterns requiring 'Low' attacker skill.,MATCH (c:UcoexCAPEC) WHERE ANY(s IN c.ucoexSkills_Required WHERE s CONTAINS 'Level:Low') RETURN c,Which attack patterns (CAPEC) require a 'Low' skill level?
Node Lookup Queries,Get the name and description for CWE-125.,"MATCH (c:UcoCWE {ucocweID: 'CWE-125'}) RETURN c.ucocweName, c.ucodescription",What is the name and description for weakness 'CWE-125'?
Node Lookup Queries,Find 'Base' level CWEs that are 'Deprecated'.,"MATCH (c:UcoCWE {ucoabstraction: 'Base', ucostatus: 'Deprecated'}) RETURN c",Which 'Base' level weaknesses are 'Deprecated'?
Node Lookup Queries,Find 'Class' level CWEs that are 'Incomplete'.,"MATCH (c:UcoCWE {ucoabstraction: 'Class', ucostatus: 'Incomplete'}) RETURN c",Which 'Class' level weaknesses are 'Incomplete'?
Node Lookup Queries,Find 'Variant' level CWEs that are 'Deprecated'.,"MATCH (c:UcoCWE {ucoabstraction: 'Variant', ucostatus: 'Deprecated'}) RETURN c",Which 'Variant' level weaknesses are 'Deprecated'?
Node Lookup Queries,Find 'Compound' level CWEs that are 'Incomplete'.,"MATCH (c:UcoCWE {ucoabstraction: 'Compound', ucostatus: 'Incomplete'}) RETURN c",Which 'Compound' level weaknesses are 'Incomplete'?
Node Lookup Queries,Find CWE summaries that mention 'overflow'.,MATCH (c:UcoCWE) WHERE c.ucocweSummary CONTAINS 'overflow' RETURN c,Find all weaknesses that mention 'overflow' in their summary.
Node Lookup Queries,Get details for the 'Lateral Movement' TTP.,MATCH (t:UcoexMITREATTACK {ucoexNAME: 'Lateral Movement'}) RETURN t,Show me all data for the 'Lateral Movement' technique.
Node Lookup Queries,List all ATT&CK TTPs for the 'Mobile'.,MATCH (t:UcoexMITREATTACK {ucoexDOMAIN: 'Mobile'}) RETURN t.ucoexNAME,List the names of all 'Mobile' attack techniques.
Node Lookup Queries,Find the software record for 'Cobalt Strike'.,MATCH (s:UcoexSOFTWARE {ucoexNAME: 'Cobalt Strike'}) RETURN s,Show me all data for the 'Cobalt Strike' software.
Node Lookup Queries,Pull the intel on the 'Lazarus Group' threat group.,MATCH (g:UcoexGROUPS {ucoexNAME: 'Lazarus Group'}) RETURN g,Show me all data for the 'Lazarus Group'.
Node Lookup Queries,Get details for the 'WannaCry' campaign.,MATCH (c:UcoexCAMPAIGNS {ucoexNAME: 'WannaCry'}) RETURN c,Show me all data for the 'WannaCry' campaign.
Relationship Traversal Queries,What is the CPE for 'CVE-2021-44228'?,MATCH (v:UcoCVE {label: 'CVE-2021-44228'})-[:UCOEXHASCPE]->(c:UcoexCPE) RETURN c.cpeName,What product (CPE) is affected by 'CVE-2021-44228'?
Relationship Traversal Queries,Which CVEs are associated with the CPE 'apache:log4j'?,MATCH (v:UcoCVE)-[:UCOEXHASCPE]->(c:UcoexCPE) WHERE c.cpeName CONTAINS 'apache:log4j' RETURN v.label,Which CVEs are linked to the product 'cpe:2.3:a:apache:log4j:2.14.1'?
Relationship Traversal Queries,List all CVEs with 'CRITICAL' severity and their associated CPEs.,"MATCH (v:UcoCVE {ucobaseSeverity: 'CRITICAL'})-[:UCOEXHASCPE]->(c:UcoexCPE) RETURN v.label, c.cpeName",List 'CRITICAL' CVEs and the products (CPEs) they affect.
Relationship Traversal Queries,Find all CVEs requiring user interaction and their CPEs.,"MATCH (v:UcoCVE {ucouserInteractionRequired: 'True'})-[:UCOEXHASCPE]->(c:UcoexCPE) RETURN v.label, c.cpeName",Find all CVEs that require user interaction and the products (CPEs) they affect.
Relationship Traversal Queries,Show me up to 20 known CPEs that are linked to vulnerabilities which recorded in the database.,MATCH (v:UcoCVE)-[:UCOEXHASCPE]->(c:UcoexCPE) RETURN DISTINCT c.cpeName LIMIT 20,Show me up to 20 unique product names (CPEs) that are linked to vulnerabilities.
Relationship Traversal Queries,What is the CVE ID for the vulnerability described as 'Apache Log4j RCE'?,MATCH (vuln:UcoVulnerability)-[:UCOHASCVE_ID]->(cve:UcoCVE) WHERE vuln.ucosummary CONTAINS 'Apache Log4j RCE' RETURN cve.label,What is the CVE ID for the vulnerability with 'Apache Log4j RCE' in its summary?
Relationship Traversal Queries,Get the vulnerability summary for 'CVE-2017-0144'.,MATCH (vuln:UcoVulnerability)-[:UCOHASCVE_ID]->(cve:UcoCVE {label: 'CVE-2017-0144'}) RETURN vuln.ucosummary,What is the vulnerability summary for 'CVE-2017-0144'?
Relationship Traversal Queries,List vulnerabilities published in 2024 and their CVEs.,"MATCH (vuln:UcoVulnerability)-[:UCOHASCVE_ID]->(cve:UcoCVE) WHERE vuln.ucopublishedDateTime STARTS WITH '2024' RETURN vuln.ucosummary, cve.label",List vulnerabilities published in 2024 and their CVE IDs.
Relationship Traversal Queries,Find all vulnerabilities and their associated 'CRITICAL' CVEs.,"MATCH (vuln:UcoVulnerability)-[:UCOHASCVE_ID]->(cve:UcoCVE {ucobaseSeverity: 'CRITICAL'}) RETURN cve.label, vuln.ucosummary",Find all 'CRITICAL' CVEs and their vulnerability summaries.
Relationship Traversal Queries,Show all vulnerability summaries and their CVE labels.,"MATCH (vuln:UcoVulnerability)-[:UCOHASCVE_ID]->(cve:UcoCVE) RETURN vuln.ucosummary, cve.label LIMIT 20",Show me 20 vulnerability summaries and their CVE IDs.
Relationship Traversal Queries,What vulnerabilities are associated with the exploit target 'Apache Log4j 2'?,MATCH (et:UcoExploitTarget {uri: 'example/target/log4j2'})-[:UCOHASVULNERABILITY]->(vuln:UcoVulnerability) RETURN vuln.ucosummary,What vulnerabilities are linked to the exploit target 'example/target/log4j2'?
Relationship Traversal Queries,Find exploit targets for the 'Log4Shell' vulnerability.,MATCH (et:UcoExploitTarget)-[:UCOHASVULNERABILITY]->(vuln:UcoVulnerability) WHERE vuln.ucosummary CONTAINS 'Log4Shell' RETURN et.uri,What exploit targets are associated with the 'Log4Shell' vulnerability?
Relationship Traversal Queries,List exploit targets for vulnerabilities published after '2023-01-01'.,"MATCH (et:UcoExploitTarget)-[:UCOHASVULNERABILITY]->(vuln:UcoVulnerability) WHERE vuln.ucopublishedDateTime > '2023-01-01T00:00:00' RETURN et.uri, vuln.ucosummary","List exploit targets for vulnerabilities published after January 1, 2023."
Relationship Traversal Queries,Show all exploit targets that have at least one vulnerability.,MATCH (et:UcoExploitTarget)-[:UCOHASVULNERABILITY]->(vuln:UcoVulnerability) RETURN DISTINCT et.uri,Show all exploit targets that are linked to at least one vulnerability.
Relationship Traversal Queries,What vulnerabilities exist for the 'Windows SMB' exploit target?,MATCH (et:UcoExploitTarget {uri: 'example/target/smb'})-[:UCOHASVULNERABILITY]->(vuln:UcoVulnerability) RETURN vuln.ucosummary,What vulnerabilities are linked to the 'example/target/smb' exploit target?
Relationship Traversal Queries,What weaknesses (CWEs) are associated with the 'Web Server' exploit target?,"MATCH (et:UcoExploitTarget {uri: 'example/target/webserver'})-[:UCOHASWEAKNESS]->(cwe:UcoCWE) RETURN cwe.ucocweID, cwe.ucocweName",What weaknesses (CWEs) are associated with the 'example/target/webserver' exploit target?
Relationship Traversal Queries,Find exploit targets that are susceptible to 'CWE-89' (SQL Injection).,MATCH (et:UcoExploitTarget)-[:UCOHASWEAKNESS]->(cwe:UcoCWE {ucocweID: 'CWE-89'}) RETURN et.uri,Which exploit targets are vulnerable to 'CWE-89' (SQL Injection)?
Relationship Traversal Queries,List exploit targets for all 'Base' abstraction CWEs.,"MATCH (et:UcoExploitTarget)-[:UCOHASWEAKNESS]->(cwe:UcoCWE {ucoabstraction: 'Base'}) RETURN et.uri, cwe.ucocweName",List exploit targets that are vulnerable to 'Base' level weaknesses (CWEs).
Relationship Traversal Queries,Show all exploit targets and the names of the weaknesses they have.,"MATCH (et:UcoExploitTarget)-[:UCOHASWEAKNESS]->(cwe:UcoCWE) RETURN et.uri, cwe.ucocweName",Show all exploit targets and the weaknesses (CWEs) they are linked to.
Relationship Traversal Queries,Find targets for 'Stable' CWEs.,"MATCH (et:UcoExploitTarget)-[:UCOHASWEAKNESS]->(cwe:UcoCWE {ucostatus: 'Stable'}) RETURN et.uri, cwe.ucocweName",Find exploit targets that are vulnerable to 'Stable' weaknesses (CWEs).
Relationship Traversal Queries,What software was used in the 'SolarWinds Orion' campaign?,MATCH (c:UcoexCAMPAIGNS {ucoexNAME: 'SolarWinds Orion'})-[:UCOEXCAMPAIGNUSESSOFTWARE]->(s:UcoexSOFTWARE) RETURN s.ucoexNAME,What software was used in the 'SolarWinds Orion' campaign?
Relationship Traversal Queries,Which campaigns used 'Cobalt Strike'?,MATCH (c:UcoexCAMPAIGNS)-[:UCOEXCAMPAIGNUSESSOFTWARE]->(s:UcoexSOFTWARE {ucoexNAME: 'Cobalt Strike'}) RETURN c.ucoexNAME,Which campaigns used 'Cobalt Strike'?
Relationship Traversal Queries,List campaigns that use 'powershell'.,MATCH (c:UcoexCAMPAIGNS)-[:UCOEXCAMPAIGNUSESSOFTWARE]->(s:UcoexSOFTWARE {ucoexNAME: 'powershell'}) RETURN c.ucoexNAME,Which campaigns used 'powershell'?
Relationship Traversal Queries,Show all 'Enterprise' domain campaigns and the software they leverage.,"MATCH (c:UcoexCAMPAIGNS {ucoexDOMAIN: 'Enterprise'})-[:UCOEXCAMPAIGNUSESSOFTWARE]->(s:UcoexSOFTWARE) RETURN c.ucoexNAME, s.ucoexNAME",List 'Enterprise' campaigns and the software they used.
Relationship Traversal Queries,Find software used in the 'WannaCry' campaign.,MATCH (c:UcoexCAMPAIGNS {ucoexNAME: 'WannaCry'})-[:UCOEXCAMPAIGNUSESSOFTWARE]->(s:UcoexSOFTWARE) RETURN s.ucoexNAME,What software was used in the 'WannaCry' campaign?
Relationship Traversal Queries,Which campaigns use the 'Phishing' technique?,MATCH (c:UcoexCAMPAIGNS)-[:UCOEXCAMPAIGNUSESTECHNIQUE]->(t:UcoexMITREATTACK {ucoexNAME: 'Phishing'}) RETURN c.ucoexNAME,Which campaigns used the 'Phishing' technique?
Relationship Traversal Queries,List all 'Enterprise' domain campaigns and their associated techniques.,"MATCH (c:UcoexCAMPAIGNS {ucoexDOMAIN: 'Enterprise'})-[:UCOEXCAMPAIGNUSESTECHNIQUE]->(t:UcoexMITREATTACK) RETURN c.ucoexNAME, t.ucoexNAME",List 'Enterprise' campaigns and the techniques they used.
Relationship Traversal Queries,Which groups use 'Mimikatz'?,MATCH (g:UcoexGROUPS)-[:UCOEXGROUPUSESSOFTWARE]->(s:UcoexSOFTWARE {ucoexNAME: 'Mimikatz'}) RETURN g.ucoexNAME,Which groups use 'Mimikatz'?
Relationship Traversal Queries,List all groups and the software they are known to use.,"MATCH (g:UcoexGROUPS)-[:UCOEXGROUPUSESSOFTWARE]->(s:UcoexSOFTWARE) RETURN g.ucoexNAME, s.ucoexNAME",List all groups and the software they use.
Relationship Traversal Queries,Find groups that use 'netcat'.,MATCH (g:UcoexGROUPS)-[:UCOEXGROUPUSESSOFTWARE]->(s:UcoexSOFTWARE {ucoexNAME: 'netcat'}) RETURN g.ucoexNAME,Which groups use 'netcat'?
Relationship Traversal Queries,List all software (by name) used by 'FIN7'.,MATCH (g:UcoexGROUPS {ucoexNAME: 'FIN7'})-[:UCOEXGROUPUSESSOFTWARE]->(s:UcoexSOFTWARE) RETURN s.ucoexNAME,What software does the 'FIN7' group use?
Multi-hop Queries,Find mitigations for techniques used by 'APT28'.,"MATCH (g:UcoexGROUPS {ucoexNAME: 'APT28'})-[:UCOEXGROUPUSESTECHNIQUE]->(t:UcoexMITREATTACK)<-[:UCOEXMITIGATES]-(m:UcoexMITIGATIONS) RETURN m.ucoexNAME, t.ucoexNAME",What are the prescribed mitigations for TTPs employed by APT28?
Multi-hop Queries,What other techniques are used by the group responsible for the 'WannaCry' campaign?,"MATCH (c:UcoexCAMPAIGNS {ucoexNAME: 'WannaCry'})-[:UCOEXATTRIBUTEDTO]->(g:UcoexGROUPS)-[:UCOEXGROUPUSESTECHNIQUE]->(t:UcoexMITREATTACK) RETURN g.ucoexNAME, t.ucoexNAME",Identify the threat group behind 'WannaCry' and list their known TTPs.
Multi-hop Queries,What specific software (CPEs) are affected by 'CVE-2023-1234'?,MATCH (c:UcoCVE {label: 'CVE-2023-1234'})-[:UCOEXHASCPE]->(p:UcoexCPE) RETURN p.cpeName,Which CPEs are affected by CVE-2023-1234?
Multi-hop Queries,What weaknesses (CWEs) are associated with real-world examples observed in 'CVE-2024-0001'?,"MATCH (c:UcoCVE {label: 'CVE-2024-0001'})<-[:UCOEXEXAMPLEOBSERVEDIN]-(o:UcoexObservedExample)<-[:UCOHASOBSERVEDEXAMPLE]-(w:UcoCWE) RETURN w.ucocweID, w.ucocweName",What CWEs have observed examples linked to CVE-2024-0001?
Multi-hop Queries,Which threat groups use techniques that are also employed by the 'Cobalt Strike' software?,MATCH (s:UcoexSOFTWARE {ucoexNAME: 'Cobalt Strike'})-[:UCOEXSOFTWAREUSESTECHNIQUE]->(t:UcoexMITREATTACK)<-[:UCOEXGROUPUSESTECHNIQUE]-(g:UcoexGROUPS) RETURN DISTINCT g.ucoexNAME,Which threat groups utilize TTPs associated with 'Cobalt Strike'?
Multi-hop Queries,What exploit targets are vulnerable to weaknesses related to the 'SQL Injection' (CAPEC-66) attack pattern?,MATCH (ca:UcoexCAPEC {ucoexCAPEC_id: '66'})-[:UCOEXHASRELATEDWEAKNESS]->(cw:UcoCWE)<-[:UCOHASWEAKNESS]-(et:UcoExploitTarget) RETURN et.uri,What exploit targets are vulnerable to CWEs related to CAPEC-66 (SQL Injection)?
Multi-hop Queries,What software uses ATT&CK techniques that are countered by the D3FEND technique 'Decoy File'?,MATCH (d:UcoexMITRED3FEND {ucoexMITRED3FEND_LABEL: 'Decoy File'})-[:UCOEXHASMITREATTACK]->(t:UcoexMITREATTACK)<-[:UCOEXSOFTWAREUSESTECHNIQUE]-(s:UcoexSOFTWARE) RETURN s.ucoexNAME,What software employs techniques that are countered by the 'Decoy File' D3FEND mitigation?
Multi-hop Queries,Find campaigns that use the same software as the 'Lazarus Group'.,MATCH (g:UcoexGROUPS {ucoexNAME: 'Lazarus Group'})-[:UCOEXGROUPUSESSOFTWARE]->(s:UcoexSOFTWARE)<-[:UCOEXCAMPAIGNUSESSOFTWARE]-(c:UcoexCAMPAIGNS) RETURN DISTINCT c.ucoexNAME,Identify campaigns that share tooling with 'Lazarus Group'.
Multi-hop Queries,Show mitigations for ATT&CK techniques associated with CAPEC ID '125' (Flooding).,MATCH (ca:UcoexCAPEC {ucoexCAPEC_id: '125'})-[:UCOEXHASTAXONOMYMAPPING]->(t:UcoexMITREATTACK)<-[:UCOEXMITIGATES]-(m:UcoexMITIGATIONS) RETURN m.ucoexNAME,What mitigations map to the ATT&CK TTPs for CAPEC-125 (Flooding)?
Multi-hop Queries,List all products (CPEs) affected by vulnerabilities published after '2024-01-01'.,"MATCH (v:UcoVulnerability)-[:UCOHASCVE_ID]->(c:UcoCVE)-[:UCOEXHASCPE]->(p:UcoexCPE) WHERE v.ucopublishedDateTime > '2024-01-01T00:00:00' RETURN p.cpeName, c.label",List all CPEs affected by vulnerabilities published since 2024-01-01.
Multi-hop Queries,What techniques are used in campaigns attributed to 'APT29'?,"MATCH (g:UcoexGROUPS {ucoexNAME: 'APT29'})<-[:UCOEXATTRIBUTEDTO]-(c:UcoexCAMPAIGNS)-[:UCOEXCAMPAIGNUSESTECHNIQUE]->(t:UcoexMITREATTACK) RETURN c.ucoexNAME, t.ucoexNAME",What TTPs are observed in campaigns attributed to APT29?
Multi-hop Queries,"For CWE-79 (Cross-site Scripting), find all related CAPEC attack patterns and their corresponding MITRE ATT&CK techniques.","MATCH (w:UcoCWE {ucocweID: 'CWE-79'})<-[:UCOEXHASRELATEDWEAKNESS]-(ca:UcoexCAPEC)-[:UCOEXHASTAXONOMYMAPPING]->(t:UcoexMITREATTACK) RETURN ca.ucoexCAPEC_name, t.ucoexNAME",Map CWE-79 to its related CAPEC patterns and their corresponding ATT&CK TTPs.
Multi-hop Queries,Find all 'CRITICAL' severity CVEs associated with 'WebServer' exploit targets.,MATCH (et:UcoExploitTarget {uri: 'WebServer'})-[:UCOHASVULNERABILITY]->(v:UcoVulnerability)-[:UCOHASCVE_ID]->(c:UcoCVE {ucobaseSeverity: 'CRITICAL'}) RETURN c.label,List critical CVEs associated with the 'WebServer' exploit target.
Multi-hop Queries,What software tools implement attack techniques used by the 'Sandworm Team'?,MATCH (g:UcoexGROUPS {ucoexNAME: 'Sandworm Team'})-[:UCOEXGROUPUSESTECHNIQUE]->(t:UcoexMITREATTACK)<-[:UCOEXSOFTWAREUSESTECHNIQUE]-(s:UcoexSOFTWARE) RETURN DISTINCT s.ucoexNAME,What software tools implement TTPs used by 'Sandworm Team'?
Multi-hop Queries,Find attack patterns (CAPEC) related to weaknesses (CWE) that have observed examples in 'CVE-2021-44228' (Log4Shell).,"MATCH (c:UcoCVE {label: 'CVE-2021-44228'})<-[:UCOEXEXAMPLEOBSERVEDIN]-(o:UcoexObservedExample)<-[:UCOHASOBSERVEDEXAMPLE]-(w:UcoCWE)<-[:UCOEXHASRELATEDWEAKNESS]-(ca:UcoexCAPEC) RETURN w.ucocweID, ca.ucoexCAPEC_name",Identify CAPEC patterns related to the root-cause CWEs for CVE-2021-44228.
Aggregation and Counting,How many distinct ATT&CK techniques does each threat group use?,"MATCH (g:UcoexGROUPS)-[:UCOEXGROUPUSESTECHNIQUE]->(t:UcoexMITREATTACK) RETURN g.ucoexNAME, count(DISTINCT t) AS techniqueCount ORDER BY techniqueCount DESC","Provide a count of distinct ATT&CK techniques per threat group, ordered descending."
Aggregation and Counting,List all software products (CPEs) and the total number of CVEs affecting them.,"MATCH (c:UcoCVE)-[:UCOEXHASCPE]->(p:UcoexCPE) RETURN p.cpeName, count(c) AS cveCount ORDER BY cveCount DESC","List all CPEs by their total associated CVE count, descending."
Aggregation and Counting,How many different software tools are used in each campaign?,"MATCH (c:UcoexCAMPAIGNS)-[:UCOEXCAMPAIGNUSESSOFTWARE]->(s:UcoexSOFTWARE) RETURN c.ucoexNAME, count(s) AS softwareCount",How many distinct software tools are associated with each campaign?
Aggregation and Counting,What is the average exploitability score for 'HIGH' severity CVEs?,MATCH (c:UcoCVE {ucobaseSeverity: 'HIGH'}) RETURN avg(toFloat(c.ucoexploitabilityScore)) AS avgExploitability,What is the average exploitability score for 'HIGH' severity CVEs?
Aggregation and Counting,Which ATT&CK techniques are used by the most threat groups? List the top 5.,"MATCH (g:UcoexGROUPS)-[:UCOEXGROUPUSESTECHNIQUE]->(t:UcoexMITREATTACK) RETURN t.ucoexNAME, count(g) AS groupCount ORDER BY groupCount DESC LIMIT 5",Identify the top 5 ATT&CK techniques most commonly leveraged by threat groups.
Aggregation and Counting,How many related weaknesses (CWEs) does each 'High' severity CAPEC pattern have?,"MATCH (ca:UcoexCAPEC {ucoexSeverity: 'High'})-[:UCOEXHASRELATEDWEAKNESS]->(w:UcoCWE) RETURN ca.ucoexCAPEC_name, count(w) AS weaknessCount",Provide a count of related CWEs for each 'High' severity CAPEC pattern.
Aggregation and Counting,Show the top 10 ATT&CK techniques with the most available mitigations.,"MATCH (m:UcoexMITIGATIONS)-[:UCOEXMITIGATES]->(t:UcoexMITREATTACK) RETURN t.ucoexNAME, count(m) AS mitigationCount ORDER BY mitigationCount DESC LIMIT 10",Which 10 ATT&CK techniques have the highest number of associated mitigations?
Aggregation and Counting,"Give me a breakdown of all CVEs by their vulnerability status (e.g., 'Analyzed', 'Modified').","MATCH (c:UcoCVE) RETURN c.ucovulnStatus, count(c) AS statusCount",Generate a count of all CVEs aggregated by their vulnerability status.
Aggregation and Counting,Which CPE (product) has the most 'HIGH' severity CVEs?,"MATCH (c:UcoCVE {ucobaseSeverity: 'HIGH'})-[:UCOEXHASCPE]->(p:UcoexCPE) RETURN p.cpeName, count(c) AS highSeverityCount ORDER BY highSeverityCount DESC LIMIT 1",Which single CPE has the most 'HIGH' severity CVEs?
Aggregation and Counting,List all campaigns and the number of ATT&CK techniques they employ.,"MATCH (c:UcoexCAMPAIGNS)-[:UCOEXCAMPAIGNUSESTECHNIQUE]->(t:UcoexMITREATTACK) RETURN c.ucoexNAME, count(t) AS techniqueCount",List all campaigns and their associated ATT&CK technique count.
Aggregation and Counting,List all unique software names used by 'APT28'.,MATCH (g:UcoexGROUPS {ucoexNAME: 'APT28'})-[:UCOEXGROUPUSESSOFTWARE]->(s:UcoexSOFTWARE) RETURN collect(DISTINCT s.ucoexNAME) AS softwareTools,Enumerate the unique software tools in APT28's arsenal.
Aggregation and Counting,How many observed examples are there for 'Pillar' abstraction CWEs?,MATCH (w:UcoCWE {ucoabstraction: 'Pillar'})-[:UCOHASOBSERVEDEXAMPLE]->(o:UcoexObservedExample) RETURN count(o) AS exampleCount,How many observed examples are linked to 'Pillar' abstraction CWEs?
Aggregation and Counting,What is the maximum impact score for a CVE that requires user interaction?,MATCH (c:UcoCVE {ucouserInteractionRequired: 'true'}) RETURN max(toFloat(c.ucoimpactScore)) AS maxImpactScore,What is the maximum impact score for CVEs requiring user interaction?
Aggregation and Counting,How many CAPEC attack patterns exist for each 'likelihood of attack' category?,"MATCH (ca:UcoexCAPEC) RETURN ca.ucoexLikelihood, count(ca) AS patternCount",Provide a breakdown of CAPEC pattern counts by their likelihood of attack.
Aggregation and Counting,Count the number of related CWEs for all CAPEC patterns with 'Low' severity.,MATCH (ca:UcoexCAPEC {ucoexSeverity: 'Low'})-[:UCOEXHASRELATEDWEAKNESS]->(w:UcoCWE) RETURN count(w) AS totalRelatedWeaknesses,What is the total count of related CWEs for all 'Low' severity CAPEC patterns?
Conditional and Boolean Queries,Find 'CRITICAL' CVEs that allow full privilege escalation AND do NOT require user interaction.,"MATCH (c:UcoCVE {ucobaseSeverity: 'CRITICAL', ucoobtainAllPrivilege: 'true', ucouserInteractionRequired: 'false'}) RETURN c.label","Identify critical, full-privilege-escalation CVEs that require no user interaction."
Conditional and Boolean Queries,Which threat groups use either 'Phishing' OR 'Drive-by Compromise' techniques?,MATCH (g:UcoexGROUPS)-[:UCOEXGROUPUSESTECHNIQUE]->(t:UcoexMITREATTACK) WHERE t.ucoexNAME = 'Phishing' OR t.ucoexNAME = 'Drive-by Compromise' RETURN DISTINCT g.ucoexNAME,Which threat groups are known to use 'Phishing' or 'Drive-by Compromise'?
Conditional and Boolean Queries,Find all 'Base' abstraction CWEs whose description contains 'buffer' AND have a 'Stable' status.,"MATCH (w:UcoCWE {ucoabstraction: 'Base', ucostatus: 'Stable'}) WHERE w.ucodescription CONTAINS 'buffer' RETURN w.ucocweID, w.ucocweName","Find all 'Base' level, 'Stable' CWEs with descriptions containing the term 'buffer'."
Conditional and Boolean Queries,What software is used by 'Lazarus Group' AND was also used in the 'WannaCry' campaign?,MATCH (g:UcoexGROUPS {ucoexNAME: 'Lazarus Group'})-[:UCOEXGROUPUSESSOFTWARE]->(s:UcoexSOFTWARE)<-[:UCOEXCAMPAIGNUSESSOFTWARE]-(c:UcoexCAMPAIGNS {ucoexNAME: 'WannaCry'}) RETURN s.ucoexNAME,What software is common to both 'Lazarus Group' and the 'WannaCry' campaign?
Conditional and Boolean Queries,Show me all CVEs with an impact score above 9.0 but an exploitability score below 3.0.,"MATCH (c:UcoCVE) WHERE toFloat(c.ucoimpactScore) > 9.0 AND toFloat(c.ucoexploitabilityScore) < 3.0 RETURN c.label, c.ucoimpactScore, c.ucoexploitabilityScore",List CVEs with an impact score over 9.0 but an exploitability score under 3.0.
Conditional and Boolean Queries,List vulnerabilities published in 2023.,"MATCH (v:UcoVulnerability) WHERE v.ucopublishedDateTime >= '2023-01-01T00:00:00' AND v.ucopublishedDateTime < '2024-01-01T00:00:00' RETURN v.uri, v.ucopublishedDateTime",Retrieve all vulnerabilities published during the 2023 calendar year.
Conditional and Boolean Queries,Find CAPEC patterns that require 'High' skill level AND have 'High' severity.,MATCH (ca:UcoexCAPEC {ucoexSeverity: 'High'}) WHERE ANY(skill IN ca.ucoexSkills_Required WHERE skill CONTAINS 'Level:High') RETURN ca.ucoexCAPEC_name,Identify 'High' severity CAPEC patterns that also require a 'High' skill level to execute.
Conditional and Boolean Queries,What ATT&CK techniques are used by 'APT28' but NOT by 'APT29'?,MATCH (g1:UcoexGROUPS {ucoexNAME: 'APT28'})-[:UCOEXGROUPUSESTECHNIQUE]->(t:UcoexMITREATTACK) WHERE NOT EXISTS { (g2:UcoexGROUPS {ucoexNAME: 'APT29'})-[:UCOEXGROUPUSESTECHNIQUE]->(t) } RETURN t.ucoexNAME,What TTPs are unique to APT28 when compared to APT29?
Conditional and Boolean Queries,Pull all CVEs that are either 'Analyzed' or 'Modified' and have a 'HIGH' severity.,"MATCH (c:UcoCVE {ucobaseSeverity: 'HIGH'}) WHERE c.ucovulnStatus = 'Analyzed' OR c.ucovulnStatus = 'Modified' RETURN c.label, c.ucovulnStatus",Pull all 'HIGH' severity CVEs with a status of 'Analyzed' or 'Modified'.
Conditional and Boolean Queries,Find all CPEs that are related to 'windows' or 'linux' products.,"MATCH (p:UcoexCPE) WHERE p.titles CONTAINS 'windows' OR p.titles CONTAINS 'linux' RETURN p.cpeName, p.titles",List CPEs related to 'windows' or 'linux' based on their title fields.
Conditional and Boolean Queries,Find techniques used by 'Sandworm Team' for which mitigations exist.,MATCH (g:UcoexGROUPS {ucoexNAME: 'Sandworm Team'})-[:UCOEXGROUPUSESTECHNIQUE]->(t:UcoexMITREATTACK)<-[:UCOEXMITIGATES]-(m:UcoexMITIGATIONS) RETURN DISTINCT t.ucoexNAME,What techniques used by 'Sandworm Team' have documented mitigations?
Conditional and Boolean Queries,Find weaknesses (CWEs) that mention 'SQL injection' in either their summary or description.,"MATCH (w:UcoCWE) WHERE w.ucocweSummary CONTAINS 'SQL injection' OR w.ucodescription CONTAINS 'SQL injection' RETURN w.ucocweID, w.ucocweName",Query all CWEs where the summary or description text contains 'SQL injection'.
Conditional and Boolean Queries,List all campaigns that are NOT attributed to any known threat group.,MATCH (c:UcoexCAMPAIGNS) WHERE NOT (c)-[:UCOEXATTRIBUTEDTO]->(:UcoexGROUPS) RETURN c.ucoexNAME,List all campaigns that are not currently attributed to a known threat group.
Conditional and Boolean Queries,Are there any 'High' severity CAPEC patterns that have a 'Low' likelihood of attack?,"MATCH (ca:UcoexCAPEC {ucoexSeverity: 'High', ucoexLikelihood: 'Low'}) RETURN ca.ucoexCAPEC_name",Are there any 'High' severity CAPEC patterns with a 'Low' likelihood of attack?
Conditional and Boolean Queries,Show 'MEDIUM' severity CVEs with an impact score over 7.0 that DO require user interaction.,"MATCH (c:UcoCVE {ucobaseSeverity: 'MEDIUM', ucouserInteractionRequired: 'true'}) WHERE toFloat(c.ucoimpactScore) > 7.0 RETURN c.label",Identify 'MEDIUM' severity CVEs with an impact score over 7.0 that require user interaction.
Path Queries (Variable-length),Show the relationship path (up to 3 hops) between 'Phishing' and 'Data Exfiltration' techniques.,MATCH p = (t1:UcoexMITREATTACK {ucoexNAME: 'Phishing'})-[*..3]-(t2:UcoexMITREATTACK {ucoexNAME: 'Data Exfiltration'}) RETURN p,"Show relationship paths, up to 3 hops, between 'Phishing' and 'Data Exfiltration' TTPs."
Path Queries (Variable-length),What is the shortest path (up to 4 hops) connecting 'APT28' to 'CVE-2021-44228'?,MATCH p = allShortestPaths((g:UcoexGROUPS {ucoexNAME: 'APT28'})-[*..4]-(c:UcoCVE {label: 'CVE-2021-44228'})) RETURN p,"What are the shortest paths, max 4 hops, connecting 'APT28' to 'CVE-2021-44228'?"
Path Queries (Variable-length),Find all paths (up to 5 hops) from the 'Lazarus Group' to any 'CRITICAL' severity CVE.,MATCH p = (g:UcoexGROUPS {ucoexNAME: 'Lazarus Group'})-[*..5]-(c:UcoCVE {ucobaseSeverity: 'CRITICAL'}) RETURN p LIMIT 10,"Find 10 paths, up to 5 hops, from 'Lazarus Group' to any 'CRITICAL' severity CVE."
Path Queries (Variable-length),Show me how 'User Account Control' (a mitigation) is related (max 4 hops) to 'Cobalt Strike' (software).,MATCH p = (m:UcoexMITIGATIONS {ucoexNAME: 'User Account Control'})-[*..4]-(s:UcoexSOFTWARE {ucoexNAME: 'Cobalt Strike'}) RETURN p,Show the relationship path (max 4 hops) between the 'User Account Control' mitigation and 'Cobalt Strike' software.
Path Queries (Variable-length),Find all weaknesses (CWEs) that are 1 to 3 hops away from CAPEC-100 ('SQL Injection').,MATCH p = (ca:UcoexCAPEC {ucoexCAPEC_id: '100'})-[*1..3]-(w:UcoCWE) RETURN p,Show all CWEs within 3 hops of CAPEC-100 (SQL Injection).
Path Queries (Variable-length),How are 'APT28' and 'Lazarus Group' connected (up to 3 hops)? Do they share tools or techniques?,MATCH p = (g1:UcoexGROUPS {ucoexNAME: 'APT28'})-[*..3]-(g2:UcoexGROUPS {ucoexNAME: 'Lazarus Group'}) RETURN p,What are the shared relationships (up to 3 hops) between APT28 and Lazarus Group?
Path Queries (Variable-length),Show the shortest path (up to 4 hops) from 'microsoft:windows_10' (CPE) to the 'Sandworm Team' group.,MATCH p = allShortestPaths((c:UcoexCPE {cpeName: 'microsoft:windows_10'})-[*..4]-(g:UcoexGROUPS {ucoexNAME: 'Sandworm Team'})) RETURN p,Find the shortest attack path (max 4 hops) from 'microsoft:windows_10' to 'Sandworm Team'.
Path Queries (Variable-length),Show all nodes within 2 hops of the mitigation 'Access Token Manipulation'.,MATCH p = (m:UcoexMITIGATIONS {ucoexNAME: 'Access Token Manipulation'})-[*1..2]-(n) RETURN p,Show the 2-hop neighborhood for the 'Access Token Manipulation' mitigation.
Path Queries (Variable-length),Find the relationship (max 5 hops) between D3FEND's 'File Access Pattern Analysis' and 'CVE-2017-0199'.,MATCH p = (d:UcoexMITRED3FEND {ucoexMITRED3FEND_LABEL: 'File Access Pattern Analysis'})-[*..5]-(c:UcoCVE {label: 'CVE-2017-0199'}) RETURN p,Map the relationship (max 5 hops) between D3FEND 'File Access Pattern Analysis' and CVE-2017-0199.
Path Queries (Variable-length),Are 'CVE-2021-44228' and 'CVE-2021-45046' (Log4j vulns) related? Show path up to 3 hops.,MATCH p = (c1:UcoCVE {label: 'CVE-2021-44228'})-[*..3]-(c2:UcoCVE {label: 'CVE-2021-45046'}) RETURN p,Show the relationship path (max 3 hops) between CVE-2021-44228 and CVE-2021-45046.
Path Queries (Variable-length),Find all CAPEC patterns that are 1 or 2 hops away from the 'Process Injection' technique.,MATCH p = (ca:UcoexCAPEC)-[*1..2]-(t:UcoexMITREATTACK {ucoexNAME: 'Process Injection'}) RETURN p,Find all CAPEC patterns within 2 hops of the 'Process Injection' TTP.
Path Queries (Variable-length),Show me the entire sub-graph of nodes 1-hop away from the 'SolarWinds' campaign.,MATCH p = (c:UcoexCAMPAIGNS {ucoexNAME: 'SolarWinds'})-[*1]-(n) RETURN p,Show the immediate 1-hop neighborhood for the 'SolarWinds' campaign.
Path Queries (Variable-length),Find the shortest path between a vulnerability with 'remote code execution' in its summary and the 'APT29' group.,MATCH p = allShortestPaths((v:UcoVulnerability)-[*..5]-(g:UcoexGROUPS {ucoexNAME: 'APT29'})) WHERE v.ucosummary CONTAINS 'remote code execution' RETURN p LIMIT 1,Find the shortest path (max 5 hops) from an RCE vulnerability to APT29.
Path Queries (Variable-length),What software tools (up to 4 hops) are related to 'CWE-78: OS Command Injection'?,MATCH p = (w:UcoCWE {ucocweID: 'CWE-78'})-[*..4]-(s:UcoexSOFTWARE) RETURN p,What software is related (max 4 hops) to CWE-78 (OS Command Injection)?
Path Queries (Variable-length),Show the path (up to 3 hops) connecting 'Mimikatz' and 'PowerShell'.,MATCH p = (s1:UcoexSOFTWARE {ucoexNAME: 'Mimikatz'})-[*..3]-(s2:UcoexSOFTWARE {ucoexNAME: 'PowerShell'}) RETURN p,Show the relationship path (max 3 hops) between 'Mimikatz' and 'PowerShell'.
Graph Pattern Matching,"Show me all threat groups, the techniques they use, and the mitigations for those techniques.","MATCH (g:UcoexGROUPS)-[:UCOEXGROUPUSESTECHNIQUE]->(t:UcoexMITREATTACK)<-[:UCOEXMITIGATES]-(m:UcoexMITIGATIONS) RETURN g.ucoexNAME, t.ucoexNAME, m.ucoexNAME",Map threat groups to their TTPs and the corresponding mitigations.
Graph Pattern Matching,"Find campaigns, their attributed groups, and the techniques they use.","MATCH (g:UcoexGROUPS)<-[:UCOEXATTRIBUTEDTO]-(c:UcoexCAMPAIGNS)-[:UCOEXCAMPAIGNUSESTECHNIQUE]->(t:UcoexMITREATTACK) RETURN c.ucoexNAME, g.ucoexNAME, t.ucoexNAME","List campaigns, their attributed groups, and the TTPs employed."
Graph Pattern Matching,Show me which groups use software that in turn employ specific ATT&CK techniques.,"MATCH (g:UcoexGROUPS)-[:UCOEXGROUPUSESSOFTWARE]->(s:UcoexSOFTWARE)-[:UCOEXSOFTWAREUSESTECHNIQUE]->(t:UcoexMITREATTACK) RETURN g.ucoexNAME, s.ucoexNAME, t.ucoexNAME",Show group-to-software-to-TTP relationships.
Graph Pattern Matching,"Find exploit targets, their vulnerabilities, the CVE-ID, and the affected CPE.","MATCH (et:UcoExploitTarget)-[:UCOHASVULNERABILITY]->(v:UcoVulnerability)-[:UCOHASCVE_ID]->(c:UcoCVE)-[:UCOEXHASCPE]->(p:UcoexCPE) RETURN et.uri, v.ucosummary, c.label, p.cpeName","Map exploit targets to vulnerabilities, their CVEs, and affected CPEs."
Graph Pattern Matching,"Show attack patterns (CAPEC), their related weaknesses (CWE), and the CVEs where those weaknesses were observed.","MATCH (ca:UcoexCAPEC)-[:UCOEXHASRELATEDWEAKNESS]->(w:UcoCWE)-[:UCOHASOBSERVEDEXAMPLE]->(o:UcoexObservedExample)-[:UCOEXEXAMPLEOBSERVEDIN]->(c:UcoCVE) RETURN ca.ucoexCAPEC_name, w.ucocweID, c.label",Connect CAPEC patterns to their related CWEs and the CVEs where they were observed.
Graph Pattern Matching,Find threat groups and campaigns that both use the same ATT&CK technique.,"MATCH (g:UcoexGROUPS)-[:UCOEXGROUPUSESTECHNIQUE]->(t:UcoexMITREATTACK)<-[:UCOEXCAMPAIGNUSESTECHNIQUE]-(c:UcoexCAMPAIGNS) RETURN g.ucoexNAME, t.ucoexNAME, c.ucoexNAME",Identify shared TTPs between threat groups and campaigns.
Graph Pattern Matching,Find threat groups and campaigns that both use the same software.,"MATCH (g:UcoexGROUPS)-[:UCOEXGROUPUSESSOFTWARE]->(s:UcoexSOFTWARE)<-[:UCOEXCAMPAIGNUSESSOFTWARE]-(c:UcoexCAMPAIGNS) RETURN g.ucoexNAME, s.ucoexNAME, c.ucoexNAME",Identify shared software tooling between threat groups and campaigns.
Graph Pattern Matching,"Show me D3FEND defenses, the ATT&CK techniques they counter, and the groups that use those techniques.","MATCH (d:UcoexMITRED3FEND)-[:UCOEXHASMITREATTACK]->(t:UcoexMITREATTACK)<-[:UCOEXGROUPUSESTECHNIQUE]-(g:UcoexGROUPS) RETURN d.ucoexMITRED3FEND_LABEL, t.ucoexNAME, g.ucoexNAME",Map D3FEND mitigations to the ATT&CK TTPs they counter and the groups that use them.
Graph Pattern Matching,What software tools are used by both 'APT28' and 'Sandworm Team'?,MATCH (g1:UcoexGROUPS {ucoexNAME: 'APT28'})-[:UCOEXGROUPUSESSOFTWARE]->(s:UcoexSOFTWARE)<-[:UCOEXGROUPUSESSOFTWARE]-(g2:UcoexGROUPS {ucoexNAME: 'Sandworm Team'}) RETURN s.ucoexNAME,What software tools are common to both APT28 and Sandworm Team?
Graph Pattern Matching,What ATT&CK techniques are used by both 'APT29' and 'Lazarus Group'?,MATCH (g1:UcoexGROUPS {ucoexNAME: 'APT29'})-[:UCOEXGROUPUSESTECHNIQUE]->(t:UcoexMITREATTACK)<-[:UCOEXGROUPUSESTECHNIQUE]-(g2:UcoexGROUPS {ucoexNAME: 'Lazarus Group'}) RETURN t.ucoexNAME,What TTPs are leveraged by both APT29 and Lazarus Group?
Graph Pattern Matching,Show weaknesses (CWEs) that have observed examples in CVEs that affect 'microsoft:windows_10'.,"MATCH (p:UcoexCPE {cpeName: 'microsoft:windows_10'})<-[:UCOEXHASCPE]-(c:UcoCVE)<-[:UCOEXEXAMPLEOBSERVEDIN]-(o:UcoexObservedExample)<-[:UCOHASOBSERVEDEXAMPLE]-(w:UcoCWE) RETURN DISTINCT w.ucocweID, w.ucocweName",Identify distinct CWEs with observed examples in CVEs affecting 'microsoft:windows_10'.
Graph Pattern Matching,Find groups using techniques for which there are no mitigations listed.,"MATCH (g:UcoexGROUPS)-[:UCOEXGROUPUSESTECHNIQUE]->(t:UcoexMITREATTACK) WHERE NOT (t)<-[:UCOEXMITIGATES]-(:UcoexMITIGATIONS) RETURN DISTINCT g.ucoexNAME, t.ucoexNAME",Which threat groups are using TTPs with no documented mitigations?
Graph Pattern Matching,What threat groups use techniques that are mapped from 'High' severity CAPEC patterns?,"MATCH (ca:UcoexCAPEC {ucoexSeverity: 'High'})-[:UCOEXHASTAXONOMYMAPPING]->(t:UcoexMITREATTACK)<-[:UCOEXGROUPUSESTECHNIQUE]-(g:UcoexGROUPS) RETURN DISTINCT g.ucoexNAME, t.ucoexNAME, ca.ucoexCAPEC_name",What groups use TTPs that map from 'High' severity CAPEC patterns?
Graph Pattern Matching,What campaigns use the same techniques as the 'Mimikatz' software?,"MATCH (s:UcoexSOFTWARE {ucoexNAME: 'Mimikatz'})-[:UCOEXSOFTWAREUSESTECHNIQUE]->(t:UcoexMITREATTACK)<-[:UCOEXCAMPAIGNUSESTECHNIQUE]-(c:UcoexCAMPAIGNS) RETURN DISTINCT c.ucoexNAME, t.ucoexNAME",What campaigns leverage TTPs associated with 'Mimikatz'?
Graph Pattern Matching,Find 'CRITICAL' CVEs and their related weaknesses (CWEs) that affect 'apache:log4j'.,"MATCH (p:UcoexCPE {cpeName: 'apache:log4j'})<-[:UCOEXHASCPE]-(c:UcoCVE {ucobaseSeverity: 'CRITICAL'})<-[:UCOEXEXAMPLEOBSERVEDIN]-(:UcoexObservedExample)<-[:UCOHASOBSERVEDEXAMPLE]-(w:UcoCWE) RETURN c.label, w.ucocweID, w.ucocweName",Find critical CVEs and their root-cause CWEs affecting 'apache:log4j'.
Comparative and Ranking,Rank threat groups by the number of 'Enterprise' domain techniques they use.,"MATCH (g:UcoexGROUPS)-[:UCOEXGROUPUSESTECHNIQUE]->(t:UcoexMITREATTACK {ucoexDOMAIN: 'Enterprise'}) RETURN g.ucoexNAME, count(t) AS techniqueCount ORDER BY techniqueCount DESC",Rank threat groups by their total count of 'Enterprise' TTPs.
Comparative and Ranking,List the top 10 most exploitable 'CRITICAL' CVEs that allow full privilege escalation.,"MATCH (c:UcoCVE {ucobaseSeverity: 'CRITICAL', ucoobtainAllPrivilege: 'true'}) RETURN c.label, toFloat(c.ucoexploitabilityScore) AS exploitScore ORDER BY exploitScore DESC LIMIT 10",List the top 10 most exploitable 'CRITICAL' CVEs that grant full privileges.
Comparative and Ranking,Which weaknesses (CWEs) are associated with the most attack patterns (CAPECs)?,"MATCH (ca:UcoexCAPEC)-[:UCOEXHASRELATEDWEAKNESS]->(w:UcoCWE) RETURN w.ucocweID, w.ucocweName, count(ca) AS capecCount ORDER BY capecCount DESC LIMIT 10",Which 10 CWEs are related to the highest number of CAPEC patterns?
Comparative and Ranking,"List all CAPEC patterns, ordered first by 'High' severity, then by 'High' likelihood.","MATCH (ca:UcoexCAPEC) RETURN ca.ucoexCAPEC_name, ca.ucoexSeverity, ca.ucoexLikelihood ORDER BY ca.ucoexSeverity DESC, ca.ucoexLikelihood DESC","List CAPEC patterns, ordered first by highest severity, then by highest likelihood."
Comparative and Ranking,Find CVEs where the impact score is greater than the exploitability score.,"MATCH (c:UcoCVE) WHERE toFloat(c.ucoimpactScore) > toFloat(c.ucoexploitabilityScore) RETURN c.label, c.ucoimpactScore, c.ucoexploitabilityScore",Identify CVEs where the impact score exceeds the exploitability score.
Comparative and Ranking,List the top 10 most vulnerable products (CPEs) based on the number of 'CRITICAL' CVEs.,"MATCH (c:UcoCVE {ucobaseSeverity: 'CRITICAL'})-[:UCOEXHASCPE]->(p:UcoexCPE) RETURN p.cpeName, count(c) AS criticalCveCount ORDER BY criticalCveCount DESC LIMIT 10",What are the top 10 products (CPEs) with the most 'CRITICAL' vulnerabilities?
Comparative and Ranking,Rank 'Mobile' domain ATT&CK techniques by the number of available mitigations.,"MATCH (m:UcoexMITIGATIONS)-[:UCOEXMITIGATES]->(t:UcoexMITREATTACK {ucoexDOMAIN: 'Mobile'}) RETURN t.ucoexNAME, count(m) AS mitigationCount ORDER BY mitigationCount DESC",Rank 'Mobile' ATT&CK techniques by their number of available mitigations.
Comparative and Ranking,Which campaigns are attributed to the most threat groups?,"MATCH (c:UcoexCAMPAIGNS)-[:UCOEXATTRIBUTEDTO]->(g:UcoexGROUPS) RETURN c.ucoexNAME, count(g) AS groupCount ORDER BY groupCount DESC",Which campaigns have the highest number of attributed threat groups?
Comparative and Ranking,"List all CWEs, ordered by their likelihood of exploit (High to Low).","MATCH (w:UcoCWE) WHERE w.ucolikelihoodOfExploit IS NOT NULL RETURN w.ucocweID, w.ucocweName, w.ucolikelihoodOfExploit ORDER BY w.ucolikelihoodOfExploit DESC","List all CWEs, ranked by their likelihood of exploit (High to Low)."
Comparative and Ranking,"Rank CAPEC patterns by severity (descending) and then by the skill required (ascending, assuming 'Low' is easier).","MATCH (ca:UcoexCAPEC) RETURN ca.ucoexCAPEC_name, ca.ucoexSeverity, ca.ucoexSkills_Required ORDER BY ca.ucoexSeverity DESC, ca.ucoexSkills_Required ASC",Rank CAPEC patterns first by severity (descending) and then by skill required (ascending).
Comparative and Ranking,List the top 5 least mitigated 'Enterprise' techniques used by 'APT29'.,"MATCH (g:UcoexGROUPS {ucoexNAME: 'APT29'})-[:UCOEXGROUPUSESTECHNIQUE]->(t:UcoexMITREATTACK {ucoexDOMAIN: 'Enterprise'}) OPTIONAL MATCH (m:UcoexMITIGATIONS)-[:UCOEXMITIGATES]->(t) RETURN t.ucoexNAME, count(m) AS mitigationCount ORDER BY mitigationCount ASC LIMIT 5",Identify the top 5 least-mitigated 'Enterprise' TTPs used by APT29.
Comparative and Ranking,Find CVEs with an exploitability score higher than 3.5 and an impact score lower than 5.0.,MATCH (c:UcoCVE) WHERE toFloat(c.ucoexploitabilityScore) > 3.5 AND toFloat(c.ucoimpactScore) < 5.0 RETURN c.label,Find CVEs with an exploitability score over 3.5 and an impact score under 5.0.
Existence and Set Operations Queries,List all threat groups that have at least one known technique.,MATCH (g:UcoexGROUPS)-[:UCOEXGROUPUSESTECHNIQUE]->(:UcoexMITREATTACK) RETURN DISTINCT g.ucoexNAME,List all threat groups with at least one associated TTP.
Existence and Set Operations Queries,Find all ATT&CK techniques that have no mitigations.,MATCH (t:UcoexMITREATTACK) WHERE NOT (t)<-[:UCOEXMITIGATES]-(:UcoexMITIGATIONS) RETURN t.ucoexNAME,Identify all ATT&CK techniques that have no documented mitigations.
Existence and Set Operations Queries,List all software (UcoexSOFTWARE) that is not associated with any ATT&CK technique.,MATCH (s:UcoexSOFTWARE) WHERE NOT (s)-[:UCOEXSOFTWAREUSESTECHNIQUE]->(:UcoexMITREATTACK) RETURN s.ucoexNAME,List all software tools that are not mapped to any ATT&CK technique.
Existence and Set Operations Queries,Find all CWEs that have no observed real-world examples.,"MATCH (w:UcoCWE) WHERE NOT (w)-[:UCOHASOBSERVEDEXAMPLE]->(:UcoexObservedExample) RETURN w.ucocweID, w.ucocweName",Identify all CWEs that lack any observed real-world examples.
Existence and Set Operations Queries,"Find all details for a specific list of CVEs: 'CVE-2023-0001', 'CVE-2023-0002'.","MATCH (c:UcoCVE) WHERE c.label IN ['CVE-2023-0001', 'CVE-2023-0002'] RETURN c",Pull all data for CVE-2023-0001 and CVE-2023-0002.
Existence and Set Operations Queries,"Find all groups that use any of the following techniques: 'Phishing', 'Data Encrypted for Impact'.","MATCH (g:UcoexGROUPS)-[:UCOEXGROUPUSESTECHNIQUE]->(t:UcoexMITREATTACK) WHERE t.ucoexNAME IN ['Phishing', 'Data Encrypted for Impact'] RETURN DISTINCT g.ucoexNAME",Which distinct groups use either 'Phishing' or 'Data Encrypted for Impact'?
Existence and Set Operations Queries,Which CVEs are not associated with any CPE (product)?,MATCH (c:UcoCVE) WHERE NOT (c)-[:UCOEXHASCPE]->(:UcoexCPE) RETURN c.label,List all CVEs that are not associated with any specific product (CPE).
Existence and Set Operations Queries,List all campaigns that have a known attribution group.,MATCH (c:UcoexCAMPAIGNS)-[:UCOEXATTRIBUTEDTO]->(:UcoexGROUPS) RETURN DISTINCT c.ucoexNAME,List all campaigns that have a known attribution to a threat group.
Existence and Set Operations Queries,Find all CWEs where the 'likelihoodOfExploit' property is not null.,"MATCH (w:UcoCWE) WHERE w.ucolikelihoodOfExploit IS NOT NULL RETURN w.ucocweID, w.ucolikelihoodOfExploit",Find all CWEs where the 'likelihoodOfExploit' property is populated.
Existence and Set Operations Queries,Find all CVEs with a status of 'Analyzed' or 'Awaiting Analysis'.,"MATCH (c:UcoCVE) WHERE c.ucovulnStatus IN ['Analyzed', 'Awaiting Analysis'] RETURN c.label, c.ucovulnStatus",Pull all CVEs with a status of 'Analyzed' or 'Awaiting Analysis'.
Existence and Set Operations Queries,Which exploit targets have no associated vulnerabilities or weaknesses?,MATCH (et:UcoExploitTarget) WHERE NOT (et)-[:UCOHASVULNERABILITY]->(:UcoVulnerability) AND NOT (et)-[:UCOHASWEAKNESS]->(:UcoCWE) RETURN et.uri,Identify exploit targets that have no linked vulnerabilities or weaknesses.
Existence and Set Operations Queries,Find techniques used by both 'APT28' AND 'Lazarus Group' (Intersection).,MATCH (g1:UcoexGROUPS {ucoexNAME: 'APT28'})-[:UCOEXGROUPUSESTECHNIQUE]->(t:UcoexMITREATTACK)<-[:UCOEXGROUPUSESTECHNIQUE]-(g2:UcoexGROUPS {ucoexNAME: 'Lazarus Group'}) RETURN t.ucoexNAME,What TTPs are shared between APT28 and Lazarus Group?
Existence and Set Operations Queries,List all techniques used by 'APT28' OR 'Lazarus Group' (Union).,"MATCH (g:UcoexGROUPS)-[:UCOEXGROUPUSESTECHNIQUE]->(t:UcoexMITREATTACK) WHERE g.ucoexNAME IN ['APT28', 'Lazarus Group'] RETURN DISTINCT t.ucoexNAME",List all unique TTPs used by either APT28 or Lazarus Group.
Existence and Set Operations Queries,What software does 'Sandworm Team' use that 'APT29' does not (Difference)?,MATCH (g1:UcoexGROUPS {ucoexNAME: 'Sandworm Team'})-[:UCOEXGROUPUSESSOFTWARE]->(s:UcoexSOFTWARE) WHERE NOT EXISTS { (g2:UcoexGROUPS {ucoexNAME: 'APT29'})-[:UCOEXGROUPUSESSOFTWARE]->(s) } RETURN s.ucoexNAME,What software in Sandworm Team's arsenal is not used by APT29?
Existence and Set Operations Queries,Find all 'Enterprise' ATT&CK techniques that are not used by any known group.,MATCH (t:UcoexMITREATTACK {ucoexDOMAIN: 'Enterprise'}) WHERE NOT (t)<-[:UCOEXGROUPUSESTECHNIQUE]-(:UcoexGROUPS) RETURN t.ucoexNAME,List all 'Enterprise' TTPs that are not associated with any known threat group.
Existence and Set Operations Queries,List all CAPEC patterns that have at least one prerequisite listed.,MATCH (ca:UcoexCAPEC) WHERE ca.ucoexPrerequisites IS NOT NULL AND size(ca.ucoexPrerequisites) > 0 RETURN ca.ucoexCAPEC_name,Identify all CAPEC patterns that have defined prerequisites.
Multi-hop Queries,What software is used in campaigns attributed to 'APT29'?,MATCH (g:UcoexGROUPS {ucoexNAME: 'APT29'})<-[:UCOEXATTRIBUTEDTO]-(c:UcoexCAMPAIGNS)-[:UCOEXCAMPAIGNUSESSOFTWARE]->(s:UcoexSOFTWARE) RETURN s.ucoexNAME,What software is used in campaigns run by 'APT29'?
Multi-hop Queries,Find the CWE weakness associated with exploit targets vulnerable to 'CVE-2020-0601'.,"MATCH (c:UcoCVE {label: 'CVE-2020-0601'})<-[:UCOHASCVE_ID]-(v:UcoVulnerability)<-[:UCOHASVULNERABILITY]-(et:UcoExploitTarget)-[:UCOHASWEAKNESS]->(w:UcoCWE) RETURN w.ucocweID, w.ucocweName",What weakness (CWE) is linked to exploit targets for 'CVE-2020-0601'?
Multi-hop Queries,What mitigations are suggested for techniques used by 'Lazarus Group'?,"MATCH (g:UcoexGROUPS {ucoexNAME: 'Lazarus Group'})-[:UCOEXGROUPUSESTECHNIQUE]->(t:UcoexMITREATTACK)<-[:UCOEXMITIGATES]-(m:UcoexMITIGATIONS) RETURN t.ucoexNAME, m.ucoexNAME",What mitigations stop the techniques used by 'Lazarus Group'?
Multi-hop Queries,Which threat groups use techniques that are countered by the D3FEND technique 'D3-SDA' (System Call Analysis)?,MATCH (g:UcoexGROUPS)-[:UCOEXGROUPUSESTECHNIQUE]->(t:UcoexMITREATTACK)<-[:UCOEXHASMITREATTACK]-(d:UcoexMITRED3FEND {ucoexMITRED3FEND_LABEL: 'D3-SDA'}) RETURN g.ucoexNAME,Which threat groups use techniques that 'D3-SDA' (System Call Analysis) can counter?
Multi-hop Queries,What CPEs (products) are affected by 'CVE-2017-0199'?,MATCH (c:UcoCVE {label: 'CVE-2017-0199'})-[:UCOEXHASCPE]->(cpe:UcoexCPE) RETURN cpe.uri,What products (CPEs) are affected by 'CVE-2017-0199'?
Multi-hop Queries,What campaigns have used software also used by 'FIN7'?,MATCH (g:UcoexGROUPS {ucoexNAME: 'FIN7'})-[:UCOEXGROUPUSESSOFTWARE]->(s:UcoexSOFTWARE)<-[:UCOEXCAMPAIGNUSESSOFTWARE]-(c:UcoexCAMPAIGNS) RETURN DISTINCT c.ucoexNAME,What campaigns use the same software as 'FIN7'?
Multi-hop Queries,"What techniques are used in the 'SolarWinds Orion' campaign, and which group is attributed?","MATCH (g:UcoexGROUPS)<-[:UCOEXATTRIBUTEDTO]-(c:UcoexCAMPAIGNS {ucoexNAME: 'SolarWinds Orion'})-[:UCOEXCAMPAIGNUSESTECHNIQUE]->(t:UcoexMITREATTACK) RETURN g.ucoexNAME, t.ucoexNAME","What techniques were used in the 'SolarWinds Orion' campaign, and which group ran it?"
Multi-hop Queries,What CVEs are associated with targets that have 'CWE-125' (Out-of-bounds Read)?,MATCH (w:UcoCWE {ucocweID: 'CWE-125'})<-[:UCOHASWEAKNESS]-(et:UcoExploitTarget)-[:UCOHASVULNERABILITY]->(v:UcoVulnerability)-[:UCOHASCVE_ID]->(c:UcoCVE) RETURN c.label,What CVEs are linked to targets vulnerable to 'CWE-125' (Out-of-bounds Read)?
Aggregation and Counting,Count the number of distinct software tools used by each threat group.,"MATCH (g:UcoexGROUPS)-[r:UCOEXGROUPUSESSOFTWARE]->(s:UcoexSOFTWARE) RETURN g.ucoexNAME, count(DISTINCT s) AS softwareCount ORDER BY softwareCount DESC",Rank threat groups by the number of different software tools they use.
Aggregation and Counting,What is the average exploitability score for all 'CRITICAL' CVEs?,MATCH (c:UcoCVE {ucobaseSeverity: 'CRITICAL'}) WHERE c.ucoexploitabilityScore IS NOT NULL RETURN avg(toFloat(c.ucoexploitabilityScore)) AS averageExploitability,What's the average exploitability score for 'CRITICAL' CVEs?
Aggregation and Counting,How many threat groups use the 'T1078' (Valid Accounts) technique?,MATCH (g:UcoexGROUPS)-[:UCOEXGROUPUSESTECHNIQUE]->(t:UcoexMITREATTACK {ucoexNAME: 'Valid Accounts'}) RETURN count(g) AS groupCount,How many groups use the 'Valid Accounts' (T1078) technique?
Aggregation and Counting,Count the number of campaigns attributed to each threat group.,"MATCH (g:UcoexGROUPS)<-[r:UCOEXATTRIBUTEDTO]-(c:UcoexCAMPAIGNS) RETURN g.ucoexNAME, count(r) AS campaignCount ORDER BY campaignCount DESC",Count how many campaigns are linked to each threat group.
Aggregation and Counting,How many techniques are associated with 'Mimikatz'?,MATCH (s:UcoexSOFTWARE {ucoexNAME: 'Mimikatz'})-[:UCOEXSOFTWAREUSESTECHNIQUE]->(t:UcoexMITREATTACK) RETURN count(t) AS techniqueCount,How many attack techniques are associated with 'Mimikatz'?
Aggregation and Counting,How many CWEs are associated with the 'Class' abstraction?,MATCH (w:UcoCWE {ucoabstraction: 'Class'}) RETURN count(w) AS cweClassCount,How many 'Class' type weaknesses (CWEs) are there?
Aggregation and Counting,"What is the minimum, maximum, and average impact score for CVEs published in 2022?","MATCH (v:UcoVulnerability)-[:UCOHASCVE_ID]->(c:UcoCVE) WHERE v.ucopublishedDateTime STARTS WITH '2022' AND c.ucoimpactScore IS NOT NULL RETURN min(toFloat(c.ucoimpactScore)) AS minScore, max(toFloat(c.ucoimpactScore)) AS maxScore, avg(toFloat(c.ucoimpactScore)) AS avgScore","For CVEs published in 2022, what are the min, max, and average impact scores?"
Aggregation and Counting,Count the number of observed examples for each CWE.,"MATCH (w:UcoCWE)-[:UCOHASOBSERVEDEXAMPLE]->(o:UcoexObservedExample) RETURN w.ucocweID, count(o) AS exampleCount ORDER BY exampleCount DESC","Show how many real-world examples each weakness (CWE) has, ranked."
Aggregation and Counting,How many CPEs are associated with 'CVE-2021-44228'?,MATCH (c:UcoCVE {label: 'CVE-2021-44228'})-[:UCOEXHASCPE]->(cpe:UcoexCPE) RETURN count(cpe) AS cpeCount,How many products (CPEs) are affected by 'CVE-2021-44228'?
Aggregation and Counting,What is the total number of 'Enterprise' domain techniques?,MATCH (t:UcoexMITREATTACK {ucoexDOMAIN: 'Enterprise'}) RETURN count(t) AS enterpriseTechniqueCount,What's the total number of 'Enterprise' attack techniques?
Aggregation and Counting,How many threat groups have at least one campaign attributed to them?,MATCH (g:UcoexGROUPS)<-[:UCOEXATTRIBUTEDTO]-(:UcoexCAMPAIGNS) RETURN count(DISTINCT g) AS groupsWithCampaigns,How many threat groups are responsible for at least one campaign?
Aggregation and Counting,What is the total number of CAPEC entries in the graph?,MATCH (ca:UcoexCAPEC) RETURN count(ca) AS capecCount,What's the total number of attack patterns (CAPEC) in the database?
Conditional and Boolean Queries,What software is used by 'APT28' AND also by 'APT29'?,MATCH (g1:UcoexGROUPS {ucoexNAME: 'APT28'})-[:UCOEXGROUPUSESSOFTWARE]->(s:UcoexSOFTWARE)<-[:UCOEXGROUPUSESSOFTWARE]-(g2:UcoexGROUPS {ucoexNAME: 'APT29'}) RETURN s.ucoexNAME,What software is used by *both* 'APT28' AND 'APT29'?
Conditional and Boolean Queries,Find CVEs with 'HIGH' severity that DO require user interaction.,MATCH (c:UcoCVE) WHERE c.ucobaseSeverity = 'HIGH' AND c.ucouserInteractionRequired = 'true' RETURN c.label,Find 'HIGH' severity CVEs that *do* require user interaction.
Conditional and Boolean Queries,List all ATT&CK techniques that are NOT in the 'Enterprise' domain.,"MATCH (t:UcoexMITREATTACK) WHERE t.ucoexDOMAIN <> 'Enterprise' RETURN t.ucoexNAME, t.ucoexDOMAIN",List all attack techniques that are *not* for 'Enterprise' systems.
Conditional and Boolean Queries,Which threat groups use both 'Phishing' AND 'PowerShell'?,MATCH (g:UcoexGROUPS)-[:UCOEXGROUPUSESTECHNIQUE]->(t1:UcoexMITREATTACK {ucoexNAME: 'Phishing'}) MATCH (g)-[:UCOEXGROUPUSESTECHNIQUE]->(t2:UcoexMITREATTACK {ucoexNAME: 'PowerShell'}) RETURN g.ucoexNAME,Which groups use *both* 'Phishing' AND 'PowerShell'?
Conditional and Boolean Queries,Find CWEs that have a 'High' likelihood of exploit AND are a 'Class' abstraction.,"MATCH (w:UcoCWE) WHERE w.ucolikelihoodOfExploit = 'High' AND w.ucoabstraction = 'Class' RETURN w.ucocweID, w.ucocweName",Find 'Class' type weaknesses (CWEs) that *also* have a 'High' likelihood of exploit.
Conditional and Boolean Queries,Find vulnerabilities published after '2023-01-01' AND before '2023-06-30'.,"MATCH (v:UcoVulnerability) WHERE v.ucopublishedDateTime > '2023-01-01T00:00:00' AND v.ucopublishedDateTime < '2023-06-30T23:59:59' RETURN v.uri, v.ucopublishedDateTime",Find vulnerabilities published in the first half of 2023.
Conditional and Boolean Queries,List software that is NOT used by any threat group.,MATCH (s:UcoexSOFTWARE) WHERE NOT (s)<-[:UCOEXGROUPUSESSOFTWARE]-(:UcoexGROUPS) RETURN s.ucoexNAME,List software that is *not* used by any threat group.
Conditional and Boolean Queries,List all 'CRITICAL' or 'HIGH' severity CVEs that do NOT require user interaction.,MATCH (c:UcoCVE) WHERE (c.ucobaseSeverity = 'CRITICAL' OR c.ucobaseSeverity = 'HIGH') AND c.ucouserInteractionRequired = 'false' RETURN c.label,List 'CRITICAL' or 'HIGH' severity CVEs that *don't* require user interaction.
Conditional and Boolean Queries,Find groups that use software 'Cobalt Strike' BUT NOT 'Mimikatz'.,MATCH (g:UcoexGROUPS)-[:UCOEXGROUPUSESSOFTWARE]->(:UcoexSOFTWARE {ucoexNAME: 'Cobalt Strike'}) WHERE NOT (g)-[:UCOEXGROUPUSESSOFTWARE]->(:UcoexSOFTWARE {ucoexNAME: 'Mimikatz'}) RETURN g.ucoexNAME,Find groups that use 'Cobalt Strike' BUT *not* 'Mimikatz'.
Conditional and Boolean Queries,List all D3FEND techniques that have 'Digital Artifact' in their definition.,MATCH (d:UcoexMITRED3FEND) WHERE d.ucoexMITRED3FEND_DEFINITION CONTAINS 'Digital Artifact' RETURN d.ucoexMITRED3FEND_LABEL,List all D3FEND defenses that mention 'Digital Artifact' in their definition.
Conditional and Boolean Queries,Find campaigns attributed to a group AND using technique 'T1566'.,"MATCH (g:UcoexGROUPS)<-[:UCOEXATTRIBUTEDTO]-(c:UcoexCAMPAIGNS)-[:UCOEXCAMPAIGNUSESTECHNIQUE]->(t:UcoexMITREATTACK {ucoexNAME: 'T1566'}) RETURN c.ucoexNAME, g.ucoexNAME",Find campaigns that are attributed to a group AND use technique 'T1566'.
Conditional and Boolean Queries,Find exploit targets with a known vulnerability BUT no known weakness.,MATCH (et:UcoExploitTarget) WHERE (et)-[:UCOHASVULNERABILITY]->(:UcoVulnerability) AND NOT (et)-[:UCOHASWEAKNESS]->(:UcoCWE) RETURN et.uri,Find exploit targets that have a vulnerability BUT no known weakness (CWE).
Path Queries (Variable-length),Find any connection (up to 3 hops) between the group 'APT29' and 'CVE-2021-44228'.,MATCH path = (g:UcoexGROUPS {ucoexNAME: 'APT29'})-[*1..3]-(c:UcoCVE {label: 'CVE-2021-44228'}) RETURN path LIMIT 10,Is there a connection (up to 3 hops) between 'APT29' and 'CVE-2021-44228'?
Path Queries (Variable-length),How can 'CWE-79' (XSS) lead to an 'Enterprise' attack technique (max 4 hops)?,MATCH path = (w:UcoCWE {ucocweID: 'CWE-79'})-[*1..4]-(t:UcoexMITREATTACK {ucoexDOMAIN: 'Enterprise'}) RETURN path LIMIT 20,How can 'CWE-79' (XSS) lead to an 'Enterprise' technique? (Show paths up to 4 hops)
Path Queries (Variable-length),"Are 'Lazarus Group' and 'Sandworm Team' connected within 3 hops (e.g., shared tools, techniques)?",MATCH path = (g1:UcoexGROUPS {ucoexNAME: 'Lazarus Group'})-[*1..3]-(g2:UcoexGROUPS {ucoexNAME: 'Sandworm Team'}) RETURN path,Are 'Lazarus Group' and 'Sandworm Team' connected within 3 hops?
Path Queries (Variable-length),Show all related entities (up to 5 hops) stemming from 'CVE-2017-0199'.,MATCH path = (c:UcoCVE {label: 'CVE-2017-0199'})-[*1..5]-(n) RETURN path LIMIT 50,Show me everything connected to 'CVE-2017-0199' (up to 5 hops away).
Path Queries (Variable-length),What is the shortest path between 'CAPEC-153' (Input Data Manipulation) and any mitigation?,MATCH path = shortestPath((ca:UcoexCAPEC {ucoexCAPEC_id: 'CAPEC-153'})-[*1..5]-(m:UcoexMITIGATIONS)) RETURN path,What's the shortest path (max 5 hops) from 'CAPEC-153' (Input Data Manipulation) to any mitigation?
Path Queries (Variable-length),Find all paths (1-2 hops) from a 'CRITICAL' CVE to a Threat Group.,MATCH path = (c:UcoCVE {ucobaseSeverity: 'CRITICAL'})-[*1..2]-(g:UcoexGROUPS) RETURN path LIMIT 25,Show me paths (1-2 hops) from a 'CRITICAL' CVE to a Threat Group.
Path Queries (Variable-length),How is 'SolarWinds Orion' campaign connected to 'T1588' (Obtain Capabilities)? (max 3 hops),MATCH path = (c:UcoexCAMPAIGNS {ucoexNAME: 'SolarWinds Orion'})-[*1..3]-(t:UcoexMITREATTACK {ucoexNAME: 'T1588'}) RETURN path,How is the 'SolarWinds Orion' campaign connected to 'T1588'? (Max 3 hops)
Path Queries (Variable-length),Find the shortest path between two different CVEs ('CVE-2021-44228' and 'CVE-2020-0601').,MATCH path = shortestPath((c1:UcoCVE {label: 'CVE-2021-44228'})-[*1..6]-(c2:UcoCVE {label: 'CVE-2020-0601'})) RETURN path,What's the shortest path (max 6 hops) between 'CVE-2021-44228' and 'CVE-2020-0601'?
Path Queries (Variable-length),Find all nodes within 2 hops of 'CWE-416' (Use After Free).,MATCH path = (w:UcoCWE {ucocweID: 'CWE-416'})-[*1..2]-(n) RETURN DISTINCT n.uri,Find all nodes within 2 hops of 'CWE-416' (Use After Free).
Path Queries (Variable-length),Find the shortest path from 'FIN7' group to a weakness (UcoCWE).,MATCH path = shortestPath((g:UcoexGROUPS {ucoexNAME: 'FIN7'})-[*1..4]-(w:UcoCWE)) RETURN path,What's the shortest path (max 4 hops) from the 'FIN7' group to any weakness (CWE)?
Path Queries (Variable-length),Show relationships (1-3 hops) between 'UcoexMITRED3FEND' nodes and 'UcoexGROUPS' nodes.,MATCH path = (d:UcoexMITRED3FEND)-[*1..3]-(g:UcoexGROUPS) RETURN path LIMIT 20,Show me connections (1-3 hops) between D3FEND defenses and Threat Groups.
Path Queries (Variable-length),Find all paths from an 'UcoexObservedExample' to an 'UcoexMITREATTACK' (max 4 hops).,MATCH path = (o:UcoexObservedExample)-[*1..4]-(t:UcoexMITREATTACK) RETURN path LIMIT 20,Find paths (max 4 hops) from a real-world example to an attack technique.
Path Queries (Variable-length),What is the shortest path between 'Cobalt Strike' (Software) and 'APT29' (Group)?,MATCH path = shortestPath((s:UcoexSOFTWARE {ucoexNAME: 'Cobalt Strike'})-[*1..3]-(g:UcoexGROUPS {ucoexNAME: 'APT29'})) RETURN path,What's the shortest path (max 3 hops) between 'Cobalt Strike' and 'APT29'?
Graph Pattern Matching,"Show groups, a technique they use, and a mitigation that counters that specific technique.","MATCH (g:UcoexGROUPS)-[:UCOEXGROUPUSESTECHNIQUE]->(t:UcoexMITREATTACK)<-[:UCOEXMITIGATES]-(m:UcoexMITIGATIONS) RETURN g.ucoexNAME, t.ucoexNAME, m.ucoexNAME LIMIT 25",Show me 25 examples of [Group -> Technique -> Mitigation].
Graph Pattern Matching,Match threat groups to their campaigns and the software used in those campaigns.,"MATCH (g:UcoexGROUPS)<-[:UCOEXATTRIBUTEDTO]-(c:UcoexCAMPAIGNS)-[:UCOEXCAMPAIGNUSESSOFTWARE]->(s:UcoexSOFTWARE) RETURN g.ucoexNAME, c.ucoexNAME, s.ucoexNAME LIMIT 25",Show me 25 examples of [Group -> Campaign -> Software used in Campaign].
Graph Pattern Matching,Find CVEs and their corresponding CWE weaknesses that share a common exploit target.,"MATCH (c:UcoCVE)<-[:UCOHASCVE_ID]-(v:UcoVulnerability)<-[:UCOHASVULNERABILITY]-(et:UcoExploitTarget)-[:UCOHASWEAKNESS]->(w:UcoCWE) RETURN c.label, et.uri, w.ucocweID LIMIT 25",Show me 25 examples of [CVE -> Exploit Target -> Weakness (CWE)].
Graph Pattern Matching,Find pairs of threat groups that use the same attack technique.,"MATCH (g1:UcoexGROUPS)-[:UCOEXGROUPUSESTECHNIQUE]->(t:UcoexMITREATTACK)<-[:UCOEXGROUPUSESTECHNIQUE]-(g2:UcoexGROUPS) WHERE id(g1) < id(g2) RETURN g1.ucoexNAME, t.ucoexNAME, g2.ucoexNAME LIMIT 25",Show me 25 examples of two groups that use the same attack technique.
Graph Pattern Matching,Find cases where a group and a software tool use the same technique.,"MATCH (g:UcoexGROUPS)-[:UCOEXGROUPUSESTECHNIQUE]->(t:UcoexMITREATTACK)<-[:UCOEXSOFTWAREUSESTECHNIQUE]-(s:UcoexSOFTWARE) RETURN g.ucoexNAME, s.ucoexNAME, t.ucoexNAME LIMIT 25",Show me 25 examples of a group and software that use the same technique.
Graph Pattern Matching,Find techniques and software used in the same campaign.,"MATCH (t:UcoexMITREATTACK)<-[:UCOEXCAMPAIGNUSESTECHNIQUE]-(c:UcoexCAMPAIGNS)-[:UCOEXCAMPAIGNUSESSOFTWARE]->(s:UcoexSOFTWARE) RETURN c.ucoexNAME, t.ucoexNAME, s.ucoexNAME LIMIT 25",Show me 25 examples of [Campaign -> Technique -> Software] used together.
Graph Pattern Matching,"Find products (CPE) affected by a CVE, and the exploit targets for that CVE.","MATCH (cpe:UcoexCPE)<-[:UCOEXHASCPE]-(c:UcoCVE)<-[:UCOHASCVE_ID]-(:UcoVulnerability)<-[:UCOHASVULNERABILITY]-(et:UcoExploitTarget) RETURN c.label, cpe.uri, et.uri LIMIT 25",Show me 25 examples of [CVE -> Product (CPE) -> Exploit Target].
Graph Pattern Matching,Find pairs of groups that use the same software.,"MATCH (g1:UcoexGROUPS)-[:UCOEXGROUPUSESSOFTWARE]->(s:UcoexSOFTWARE)<-[:UCOEXGROUPUSESSOFTWARE]-(g2:UcoexGROUPS) WHERE id(g1) < id(g2) RETURN g1.ucoexNAME, s.ucoexNAME, g2.ucoexNAME LIMIT 25",Show me 25 examples of two groups that use the same software.
Graph Pattern Matching,Find weaknesses (CWE) and vulnerabilities that exist on the same exploit target.,"MATCH (w:UcoCWE)<-[:UCOHASWEAKNESS]-(et:UcoExploitTarget)-[:UCOHASVULNERABILITY]->(v:UcoVulnerability) RETURN w.ucocweID, et.uri, v.uri LIMIT 25",Show me 25 examples of [Weakness (CWE) -> Exploit Target -> Vulnerability].
Graph Pattern Matching,Find observed examples linked to both a CVE and a CWE.,"MATCH (c:UcoCVE)<-[:UCOEXEXAMPLEOBSERVEDIN]-(o:UcoexObservedExample)<-[:UCOHASOBSERVEDEXAMPLE]-(w:UcoCWE) RETURN o.ucoexDESCRIPTION, c.label, w.ucocweID LIMIT 25",Show me 25 real-world examples linked to *both* a CVE and a CWE.
Comparative and Ranking,Rank threat groups by the number of 'Enterprise' techniques they use.,"MATCH (g:UcoexGROUPS)-[:UCOEXGROUPUSESTECHNIQUE]->(t:UcoexMITREATTACK {ucoexDOMAIN: 'Enterprise'}) RETURN g.ucoexNAME, count(t) AS enterpriseTechniques ORDER BY enterpriseTechniques DESC",Rank threat groups by how many 'Enterprise' techniques they use.
Comparative and Ranking,List the top 5 most common software tools used by threat groups.,"MATCH (g:UcoexGROUPS)-[:UCOEXGROUPUSESSOFTWARE]->(s:UcoexSOFTWARE) RETURN s.ucoexNAME, count(g) AS groupCount ORDER BY groupCount DESC LIMIT 5",What are the top 5 software tools most used by threat groups?
Comparative and Ranking,Which 10 CVEs have the highest exploitability score?,"MATCH (c:UcoCVE) WHERE c.ucoexploitabilityScore IS NOT NULL RETURN c.label, toFloat(c.ucoexploitabilityScore) AS score ORDER BY score DESC LIMIT 10",Which 10 CVEs are the most exploitable?
Comparative and Ranking,Compare the number of techniques used by 'APT28' vs 'APT29'.,"MATCH (g:UcoexGROUPS)-[:UCOEXGROUPUSESTECHNIQUE]->(t:UcoexMITREATTACK) WHERE g.ucoexNAME IN ['APT28', 'APT29'] RETURN g.ucoexNAME, count(t) AS techniqueCount",How many techniques does 'APT28' use vs. 'APT29'?
Comparative and Ranking,"Rank CWEs by 'Likelihood of Exploit' (High, Medium, Low).","MATCH (w:UcoCWE) WHERE w.ucolikelihoodOfExploit IS NOT NULL RETURN w.ucocweID, w.ucolikelihoodOfExploit ORDER BY CASE w.ucolikelihoodOfExploit WHEN 'High' THEN 1 WHEN 'Medium' THEN 2 WHEN 'Low' THEN 3 ELSE 4 END",Rank weaknesses (CWEs) by their 'Likelihood of Exploit'.
Comparative and Ranking,Find the top 10 techniques most commonly associated with software.,"MATCH (s:UcoexSOFTWARE)-[:UCOEXSOFTWAREUSESTECHNIQUE]->(t:UcoexMITREATTACK) RETURN t.ucoexNAME, count(s) AS softwareCount ORDER BY softwareCount DESC LIMIT 10",What are the top 10 techniques most often used by software?
Comparative and Ranking,Rank groups by the number of distinct campaigns attributed to them.,"MATCH (g:UcoexGROUPS)<-[:UCOEXATTRIBUTEDTO]-(c:UcoexCAMPAIGNS) RETURN g.ucoexNAME, count(DISTINCT c) AS campaignCount ORDER BY campaignCount DESC",Rank groups by how many campaigns are attributed to them.
Comparative and Ranking,Compare the average impact score of 'CRITICAL' vs 'HIGH' severity CVEs.,"MATCH (c:UcoCVE) WHERE c.ucobaseSeverity IN ['CRITICAL', 'HIGH'] AND c.ucoimpactScore IS NOT NULL RETURN c.ucobaseSeverity, avg(toFloat(c.ucoimpactScore)) AS avgImpactScore",What's the average impact score for 'CRITICAL' vs. 'HIGH' CVEs?
Comparative and Ranking,Rank D3FEND techniques by how many MITRE techniques they are related to.,"MATCH (d:UcoexMITRED3FEND)-[:UCOEXHASMITREATTACK]->(t:UcoexMITREATTACK) RETURN d.ucoexMITRED3FEND_LABEL, count(t) AS relatedTechniques ORDER BY relatedTechniques DESC",Rank D3FEND defenses by how many attack techniques they counter.
Comparative and Ranking,Which groups use more software tools than 'FIN7'?,"MATCH (g:UcoexGROUPS)-[:UCOEXGROUPUSESSOFTWARE]->(s:UcoexSOFTWARE) WITH g, count(s) AS softwareCount MATCH (g_fin7:UcoexGROUPS {ucoexNAME: 'FIN7'})-[:UCOEXGROUPUSESSOFTWARE]->(s_fin7:UcoexSOFTWARE) WITH g, softwareCount, count(s_fin7) AS fin7SoftwareCount WHERE softwareCount > fin7SoftwareCount RETURN g.ucoexNAME, softwareCount",Which groups use more software tools than 'FIN7'?
Comparative and Ranking,"Rank CVEs by severity (CRITICAL, HIGH, MEDIUM, LOW).","MATCH (c:UcoCVE) RETURN c.label, c.ucobaseSeverity ORDER BY CASE c.ucobaseSeverity WHEN 'CRITICAL' THEN 1 WHEN 'HIGH' THEN 2 WHEN 'MEDIUM' THEN 3 WHEN 'LOW' THEN 4 ELSE 5 END LIMIT 50","Show me 50 CVEs, ranked by severity."
Existence and Set Operations Queries,Find software used by 'APT28' that was NOT used in the 'SolarWinds Orion' campaign.,MATCH (g:UcoexGROUPS {ucoexNAME: 'APT28'})-[:UCOEXGROUPUSESSOFTWARE]->(s:UcoexSOFTWARE) WHERE NOT EXISTS { (c:UcoexCAMPAIGNS {ucoexNAME: 'SolarWinds Orion'})-[:UCOEXCAMPAIGNUSESSOFTWARE]->(s) } RETURN s.ucoexNAME,Find software used by 'APT28' that was *not* used in the 'SolarWinds Orion' campaign.
Existence and Set Operations Queries,Find all groups that use at least one technique.,MATCH (g:UcoexGROUPS) WHERE EXISTS { (g)-[:UCOEXGROUPUSESTECHNIQUE]->(:UcoexMITREATTACK) } RETURN g.ucoexNAME,Find all groups that use at least one attack technique.
Existence and Set Operations Queries,(Union) List all techniques used by 'Lazarus Group' OR associated with 'Mimikatz' software.,MATCH (t:UcoexMITREATTACK) WHERE EXISTS { (:UcoexGROUPS {ucoexNAME: 'Lazarus Group'})-[:UCOEXGROUPUSESTECHNIQUE]->(t) } OR EXISTS { (:UcoexSOFTWARE {ucoexNAME: 'Mimikatz'})-[:UCOEXSOFTWAREUSESTECHNIQUE]->(t) } RETURN t.ucoexNAME,List all techniques used by 'Lazarus Group' OR 'Mimikatz'.
Existence and Set Operations Queries,List all exploit targets that have a vulnerability but NO associated weakness (CWE).,MATCH (et:UcoExploitTarget) WHERE EXISTS { (et)-[:UCOHASVULNERABILITY]->(:UcoVulnerability) } AND NOT EXISTS { (et)-[:UCOHASWEAKNESS]->(:UcoCWE) } RETURN et.uri,List exploit targets that have a vulnerability but NO associated weakness (CWE).
Existence and Set Operations Queries,(Union) List all groups OR software associated with the 'SolarWinds Orion' campaign.,MATCH (n) WHERE EXISTS { (:UcoexCAMPAIGNS {ucoexNAME: 'SolarWinds Orion'})-[:UCOEXATTRIBUTEDTO]->(n) } OR EXISTS { (:UcoexCAMPAIGNS {ucoexNAME: 'SolarWinds Orion'})-[:UCOEXCAMPAIGNUSESSOFTWARE]->(n) } RETURN n.ucoexNAME,List all groups and software associated with the 'SolarWinds Orion' campaign.
Existence and Set Operations Queries,(Intersection) Find CVEs that are 'CRITICAL' AND have an observed example.,MATCH (c:UcoCVE {ucobaseSeverity: 'CRITICAL'}) WHERE EXISTS { (c)<-[:UCOEXEXAMPLEOBSERVEDIN]-(:UcoexObservedExample) } RETURN c.label,Find 'CRITICAL' CVEs that *also* have a real-world observed example.
Existence and Set Operations Queries,List all mitigations that do NOT mitigate any known technique.,MATCH (m:UcoexMITIGATIONS) WHERE NOT EXISTS { (m)-[:UCOEXMITIGATES]->(:UcoexMITREATTACK) } RETURN m.ucoexNAME,List all mitigations that do *not* counter any known technique.
Existence and Set Operations Queries,(Union) List all CVEs from 2023 OR with 'HIGH' impact score.,MATCH (c:UcoCVE) MATCH (v:UcoVulnerability)-[:UCOHASCVE_ID]->(c) WHERE v.ucopublishedDateTime STARTS WITH '2023' OR c.ucoimpactScore = 'HIGH' RETURN DISTINCT c.label,List all CVEs from 2023 OR with a 'HIGH' impact score.
Existence and Set Operations Queries,(Intersection) Find software used by 'FIN7' AND 'Lazarus Group' AND 'APT28'.,MATCH (g1:UcoexGROUPS {ucoexNAME: 'FIN7'})-[:UCOEXGROUPUSESSOFTWARE]->(s:UcoexSOFTWARE)<-[:UCOEXGROUPUSESSOFTWARE]-(g2:UcoexGROUPS {ucoexNAME: 'Lazarus Group'}) MATCH (g3:UcoexGROUPS {ucoexNAME: 'APT28'})-[:UCOEXGROUPUSESSOFTWARE]->(s) RETURN s.ucoexNAME,What software is used by 'FIN7' AND 'Lazarus Group' AND 'APT28'?
Existence and Set Operations Queries,(Difference) List all 'Enterprise' techniques NOT mitigated by any 'UcoexMITIGATIONS'.,MATCH (t:UcoexMITREATTACK {ucoexDOMAIN: 'Enterprise'}) WHERE NOT EXISTS { (t)<-[:UCOEXMITIGATES]-(:UcoexMITIGATIONS) } RETURN t.ucoexNAME,List 'Enterprise' techniques that are *not* mitigated by anything. 
Aggregation and Counting,"How many total CWE entries are in the database?","MATCH (c:UcoCWE) RETURN count(c) AS totalCWEs","What is the total count of nodes with the UcoCWE label?"
Aggregation and Counting,"What is the total count of CWEs grouped by their abstraction level (e.g., Variant, Class), sort from highest count to lowest count?","MATCH (c:UcoCWE) RETURN c.ucoabstraction AS abstractionLevel, count(c) AS count ORDER BY count DESC","Group UcoCWE nodes by their abstraction level, count each group, and return the abstraction level and count, sorted descending by count."
Aggregation and Counting,"What is the total count of CWEs grouped by their completion status (e.g., Incomplete), sort from highest count to lowest count?","MATCH (c:UcoCWE) RETURN c.ucostatus AS status, count(c) AS count ORDER BY count DESC","Group UcoCWE nodes by their ucostatus property, count each group, and return the status and count, sorted descending by count."
Aggregation and Counting,"How many CWEs were introduced each year?","MATCH (c:UcoCWE) WHERE c.ucotimeOfIntroduction IS NOT NULL RETURN datetime(c.ucotimeOfIntroduction).year AS introductionYear, count(c) AS count ORDER BY introductionYear DESC","Find UcoCWE nodes with an introduction time, group by introduction year, count each group, and return the year and count, sorted descending by year."
Aggregation and Counting,"What is the count of CWEs grouped by their structure type (e.g., Simple)?","MATCH (c:UcoCWE) RETURN c.ucostructure AS structure, count(c) AS count ORDER BY count DESC","Group UcoCWE nodes by their ucostructure property, count each group, and return the structure and count, sorted descending by count."
Aggregation and Counting,"How many distinct CWE IDs are registered in the graph?","MATCH (c:UcoCWE) RETURN count(DISTINCT c.ucocweID) AS distinctCWEIDs","What is the count of all unique CWE ID found on UcoCWE nodes?"
Aggregation and Counting,"How many distinct CWE names are registered in the graph?","MATCH (c:UcoCWE) RETURN count(DISTINCT c.ucocweName) AS distinctCWENames","What is the count of all unique names found on UcoCWE nodes?"
Aggregation and Counting,"How many CWEs are missing a description?","MATCH (c:UcoCWE) WHERE c.ucodescription IS NULL RETURN count(c) AS missingDescriptionCount","What is the total count of UcoCWE nodes where the description is not exist?"
"Aggregation and Counting","How many total UcoExploitTarget nodes are there?","MATCH (n:UcoExploitTarget) RETURN count(n) AS totalTargets","What is the total count of nodes with the UcoExploitTarget label?"
"Aggregation and Counting","How many total UcoexMITRED3FEND nodes are there?","MATCH (n:UcoexMITRED3FEND) RETURN count(n) AS totalD3FENDTechniques","What is the total count of nodes with the UcoexMITRED3FEND label?"
"Aggregation and Counting","How many total UcoexTACTICS nodes are there?","MATCH (n:UcoexTACTICS) RETURN count(n) AS totalTactics","What is the total count of nodes with the UcoexTACTICS label?"
"Aggregation and Counting","Count the number of UcoExploitTarget nodes that have a URI defined.","MATCH (n:UcoExploitTarget) WHERE n.uri IS NOT NULL RETURN count(n) AS targetsWithUri","Find UcoExploitTarget nodes where the uri is not null."
"Aggregation and Counting","How many distinct URIs exist for UcoExploitTarget nodes?","MATCH (n:UcoExploitTarget) RETURN count(DISTINCT n.uri) AS distinctUris","What is the count of distinct uri found on UcoExploitTarget nodes?"
"Aggregation and Counting","Count the number of tactics for each domain.","MATCH (t:UcoexTACTICS) RETURN t.ucoexDOMAIN AS domain, count(t) AS tacticCount","Group UcoexTACTICS nodes by their ucoexDOMAIN property, count each group, and return the domain and count."
"Aggregation and Counting","How many distinct domains are there for tactics?","MATCH (t:UcoexTACTICS) RETURN count(DISTINCT t.ucoexDOMAIN) AS distinctDomains","What is the count of distinct ucoexDOMAIN properties found on UcoexTACTICS nodes?"
"Aggregation and Counting","What is the total count of distinct tactic names?","MATCH (t:UcoexTACTICS) RETURN count(DISTINCT t.ucoexNAME) AS distinctTacticNames","What is the count of distinct ucoexNAME properties found on UcoexTACTICS nodes?"
"Aggregation and Counting","How many tactics have a description provided?","MATCH (t:UcoexTACTICS) WHERE t.ucoexDESCRIPTION IS NOT NULL RETURN count(t) AS tacticsWithDescription","Find UcoexTACTICS nodes where the ucoexDESCRIPTION is not null"
"Aggregation and Counting","How many tactics have a URL provided?","MATCH (t:UcoexTACTICS) WHERE t.ucoexURL IS NOT NULL RETURN count(t) AS tacticsWithUrl","Find UcoexTACTICS nodes where the ucoexURL property is not null"
"Aggregation and Counting","Count the number of MITRE D3FEND techniques grouped by their label.","MATCH (m:UcoexMITRED3FEND) RETURN m.ucoexMITRED3FEND_LABEL AS label, count(m) AS techniqueCount","Group UcoexMITRED3FEND nodes by their ucoexMITRED3FEND_LABEL property, count each group, and return the label and count."
"Aggregation and Counting","How many distinct MITRE D3FEND labels are there?","MATCH (m:UcoexMITRED3FEND) RETURN count(DISTINCT m.ucoexMITRED3FEND_LABEL) AS distinctLabels","What is the count of distinct MITRE D3FEND labels found on UcoexMITRED3FEND nodes?"
"Aggregation and Counting","How many MITRE D3FEND techniques have a definition?","MATCH (m:UcoexMITRED3FEND) WHERE m.ucoexMITRED3FEND_DEFINITION IS NOT NULL RETURN count(m) AS techniquesWithDefinition","Find UcoexMITRED3FEND nodes where its Definition is not null."
"Comparative and Ranking","Which 10 CWEs have the most observed examples linked to them?","MATCH (c:UcoCWE)-[:UCOHASOBSERVEDEXAMPLE]->(o:UcoexObservedExample) RETURN c.ucodescription AS cweDescription, count(o) AS exampleCount ORDER BY exampleCount DESC LIMIT 10","Find UcoCWE nodes with a UCOHASOBSERVEDEXAMPLE relationship to UcoexObservedExample nodes. Return the CWE description and the example count, showing the top 10 in descending order."
"Comparative and Ranking","Which 10 CWEs have the *fewest* observed examples (but at least one)?","MATCH (c:UcoCWE)-[:UCOHASOBSERVEDEXAMPLE]->(o:UcoexObservedExample) RETURN c.ucodescription AS cweDescription, count(o) AS exampleCount ORDER BY exampleCount ASC LIMIT 10","Find UcoCWE nodes with a UCOHASOBSERVEDEXAMPLE relationship to UcoexObservedExample nodes. Return the CWE description and the example count, showing the 10 with the *lowest* counts in descending order."
"Comparative and Ranking","Which 10 CVEs are referenced by the most observed examples?","MATCH (o:UcoexObservedExample)-[:UCOEXEXAMPLEOBSERVEDIN]->(c:UcoCVE) RETURN c.ucovectorString AS cveVector, count(o) AS exampleCount ORDER BY exampleCount DESC LIMIT 10","Find UcoexObservedExample nodes with a UCOEXEXAMPLEOBSERVEDIN relationship to UcoCVE nodes. Return the CVE's vector string and the count of examples, showing the top 10 in descending order."
"Comparative and Ranking","Which 10 CWEs are linked to the highest number of *distinct* CVEs (via examples)?","MATCH (w:UcoCWE)-[:UCOHASOBSERVEDEXAMPLE]->(o:UcoexObservedExample)-[:UCOEXEXAMPLEOBSERVEDIN]->(v:UcoCVE) RETURN w.ucodescription AS cweDescription, count(DISTINCT v) AS distinctCveCount ORDER BY distinctCveCount DESC LIMIT 10","Find paths from UcoCWE to UcoCVE through UcoexObservedExample. Return the CWE description and the count of *distinct* CVEs, showing the top 10 in descending order."
"Comparative and Ranking","List tactic domains ranked by the number of tactics they contain, most to least.","MATCH (t:UcoexTACTICS) WHERE t.ucoexDOMAIN IS NOT NULL RETURN t.ucoexDOMAIN AS domain, count(t) AS tacticCount ORDER BY tacticCount DESC","Find UcoexTACTICS nodes that have a ucoexDOMAIN property. Return the domain and the count of tactics for that domain in descending order."
"Comparative and Ranking","What is the count of CWEs for each 'status' (e.g., 'Draft', 'Stable'), ranked from most common to least?","MATCH (c:UcoCWE) WHERE c.ucostatus IS NOT NULL RETURN c.ucostatus AS status, count(c) AS cweCount ORDER BY cweCount DESC","Find UcoCWE nodes that have a ucostatus property. Return the status and the count of CWEs for that status in descending order."
"Comparative and Ranking","List the CWE 'abstraction' types by their frequency, highest first.","MATCH (c:UcoCWE) WHERE c.ucoabstraction IS NOT NULL RETURN c.ucoabstraction AS abstraction, count(c) AS cweCount ORDER BY cweCount DESC","Find UcoCWE nodes that have a ucoabstraction property. Return the abstraction type and the count of CWEs for that type in descending order."
"Comparative and Ranking","How many CWEs are there for each 'structure' type (e.g., 'Simple', 'Composite'), ranked most to least common?","MATCH (c:UcoCWE) WHERE c.ucostructure IS NOT NULL RETURN c.ucostructure AS structure, count(c) AS cweCount ORDER BY cweCount DESC","Find UcoCWE nodes that have a ucostructure property. Return the structure type and the count of CWEs for that type in descending order."
"Comparative and Ranking","What are the most common 'vulnStatus' values for CVEs, ranked by frequency?","MATCH (c:UcoCVE) WHERE c.ucovulnStatus IS NOT NULL RETURN c.ucovulnStatus AS status, count(c) AS cveCount ORDER BY cveCount DESC","Find UcoCVE nodes that have a ucovulnStatus property. Return the status and the count of CVEs for that status in descending order."
"Comparative and Ranking","Rank the 'timeOfIntroduction' phases by how many CWEs are associated with them.","MATCH (c:UcoCWE) WHERE c.ucotimeOfIntroduction IS NOT NULL RETURN c.ucotimeOfIntroduction AS introductionPhase, count(c) AS cweCount ORDER BY cweCount DESC","Find UcoCWE nodes that have a ucotimeOfIntroduction property. Return the introduction phase and the count of CWEs for that phase in descending order."
"Comparative and Ranking","Compare the total count of CVEs that require user interaction vs. those that do not.","MATCH (c:UcoCVE) WHERE c.ucouserInteractionRequired IS NOT NULL RETURN c.ucouserInteractionRequired AS requiresInteraction, count(c) AS cveCount","Find UcoCVE nodes where ucouserInteractionRequired is set. Group by this value (true/false) and return the value and the count of CVEs for it."
"Comparative and Ranking","Compare the total count of CVEs that grant all privileges vs. those that do not.","MATCH (c:UcoCVE) WHERE c.ucoobtainAllPrivilege IS NOT NULL RETURN c.ucoobtainAllPrivilege AS grantsAllPrivileges, count(c) AS cveCount","Find UcoCVE nodes where ucoobtainAllPrivilege is set. Group by this value (true/false) and return the value and the count of CVEs for it."
"Conditional and Boolean Queries","Find all CVEs that allow full privilege escalation AND do not require user interaction.","MATCH (c:UcoCVE) WHERE c.ucoobtainAllPrivilege = 'true' AND c.ucouserInteractionRequired = 'false' RETURN c.ucovectorString, c.ucovulnStatus","Find all UcoCVE nodes where ucoobtainAllPrivilege is true AND ucouserInteractionRequired is false, then return their vector string and vuln status."
"Conditional and Boolean Queries","Find all CVEs that require user interaction OR have a 'vulnStatus' of 'Analyzed'.","MATCH (c:UcoCVE) WHERE c.ucouserInteractionRequired = 'true' OR c.ucovulnStatus = 'Analyzed' RETURN c.ucovectorString, c.ucovulnStatus","Find all UcoCVE nodes where ucouserInteractionRequired is true OR the ucovulnStatus is 'Analyzed', then return their vector string and vuln status."
"Conditional and Boolean Queries","Find CVEs that require user interaction AND have a defined evaluator solution.","MATCH (c:UcoCVE) WHERE c.ucouserInteractionRequired = 'true' AND c.ucoevaluatorSolution IS NOT NULL RETURN c.ucovectorString, c.ucoevaluatorSolution","Find UcoCVE nodes where ucouserInteractionRequired is true AND the ucoevaluatorSolution property exists, then return the vector string and the evaluator solution."
"Conditional and Boolean Queries","List all tactics that are in the 'Enterprise' domain AND have a description.","MATCH (t:UcoexTACTICS) WHERE t.ucoexDOMAIN = 'Enterprise' AND t.ucoexDESCRIPTION IS NOT NULL RETURN t.ucoexNAME, t.ucoexDESCRIPTION","Find UcoexTACTICS nodes where the ucoexDOMAIN is 'Enterprise' AND the ucoexDESCRIPTION property exists, then return the tactic's name and description."
"Conditional and Boolean Queries","Show tactics that are in the 'Mobile' OR 'Cloud' domain.","MATCH (t:UcoexTACTICS) WHERE t.ucoexDOMAIN = 'Mobile' OR t.ucoexDOMAIN = 'Cloud' RETURN t.ucoexNAME, t.ucoexDOMAIN","Find UcoexTACTICS nodes where the ucoexDOMAIN is either 'Mobile' OR 'Cloud', then return the tactic's name and domain."
"Conditional and Boolean Queries","Find all tactics that are NOT in the 'Enterprise' domain.","MATCH (t:UcoexTACTICS) WHERE NOT t.ucoexDOMAIN = 'Enterprise' RETURN t.ucoexNAME, t.ucoexDOMAIN","Find UcoexTACTICS nodes where the ucoexDOMAIN property is NOT 'Enterprise', then return the tactic's name and domain."
"Conditional and Boolean Queries","Get all MITRE ATT&CK techniques that have both a URL AND a description.","MATCH (a:UcoexMITREATTACK) WHERE a.ucoexURL IS NOT NULL AND a.ucoexDESCRIPTION IS NOT NULL RETURN a.ucoexDESCRIPTION, a.ucoexURL","Find UcoexMITREATTACK nodes that have both a ucoexURL AND a ucoexDESCRIPTION, then return the description and URL."
"Conditional and Boolean Queries","Find MITRE D3FEND techniques that have a URI AND are linked to a MITRE ATT&CK technique.","MATCH (d:UcoexMITRED3FEND)-[:UCOEXHASMITREATTACK]->(a:UcoexMITREATTACK) WHERE d.uri IS NOT NULL RETURN d.uri, a.ucoexDESCRIPTION","Find UcoexMITRED3FEND nodes that have a 'uri' property AND have a UCOEXHASMITREATTACK relationship to a UcoexMITREATTACK node, then return the D3FEND uri and the ATT&CK description."
"Conditional and Boolean Queries","Find CVEs that have an observed example AND have a 'vulnStatus' of 'Modified'.","MATCH (o:UcoexObservedExample)-[:UCOEXEXAMPLEOBSERVEDIN]->(c:UcoCVE) WHERE c.ucovulnStatus = 'Modified' RETURN DISTINCT c.ucovectorString, o.ucoexDESCRIPTION","Find UcoCVE nodes that have a 'Modified' ucovulnStatus AND are linked from a UcoexObservedExample node, then return the distinct CVE vector string and the example's description."
"Conditional and Boolean Queries","Find CVEs that grant all privileges AND require user interaction, but have NO evaluator solution.","MATCH (c:UcoCVE) WHERE c.ucoobtainAllPrivilege = 'true' AND c.ucouserInteractionRequired = 'true' AND c.ucoevaluatorSolution IS NULL RETURN c.ucovectorString","Find UcoCVE nodes where ucoobtainAllPrivilege is true, ucouserInteractionRequired is true, AND the ucoevaluatorSolution property is null, then return the vector string."
"Conditional and Boolean Queries","Find all tactics that have 'Execution' in their name OR are in the 'Execution' domain.","MATCH (t:UcoexTACTICS) WHERE t.ucoexNAME CONTAINS 'Execution' OR t.ucoexDOMAIN = 'Execution' RETURN t.ucoexNAME, t.ucoexDOMAIN","Find UcoexTACTICS nodes where the ucoexNAME property contains the string 'Execution' OR the ucoexDOMAIN is 'Execution', then return the name and domain."
"Conditional and Boolean Queries","List MITRE ATT&CK techniques that have a URL but NO description.","MATCH (a:UcoexMITREATTACK) WHERE a.ucoexURL IS NOT NULL AND a.ucoexDESCRIPTION IS NULL RETURN a.ucoexURL","Find UcoexMITREATTACK nodes that have a ucoexURL property but do NOT have a ucoexDESCRIPTION property, then return the URL."
"Existence and Set Operations Queries","Find all CWEs that have a description provided.","MATCH (c:UcoCWE) WHERE c.ucodescription IS NOT NULL RETURN c.ucodescription","Find all UcoCWE nodes that have a non-null ucodescription property, and return that description."
"Existence and Set Operations Queries","List all CAPECs that specify the skills required.","MATCH (c:UcoexCAPEC) WHERE c.ucoexSkills_Required IS NOT NULL RETURN c.label, c.ucoexSkills_Required","Find all UcoexCAPEC nodes where the ucoexSkills_Required property exists, and return the label and the skills required."
"Existence and Set Operations Queries","Find all tactics that are missing a description.","MATCH (t:UcoexTACTICS) WHERE t.ucoexDESCRIPTION IS NULL RETURN t.ucoexNAME","Find all UcoexTACTICS nodes where the ucoexDESCRIPTION property is null, and return the tactic's name."
"Existence and Set Operations Queries","Show all CAPECs that have at least one related weakness (CWE).","MATCH (c:UcoexCAPEC) WHERE EXISTS((c)-[:UCOEXHASRELATEDWEAKNESS]->(:UcoCWE)) RETURN c.label","Find all UcoexCAPEC nodes that have an outgoing UCOEXHASRELATEDWEAKNESS relationship to any UcoCWE node, and return the CAPEC's label."
"Existence and Set Operations Queries","List all CWEs that are not a related weakness for any CAPEC.","MATCH (c:UcoCWE) WHERE NOT EXISTS((:UcoexCAPEC)-[:UCOEXHASRELATEDWEAKNESS]->(c)) RETURN c.ucodescription","Find all UcoCWE nodes that do NOT have an incoming UCOEXHASRELATEDWEAKNESS relationship from any UcoexCAPEC node, and return the CWE's description."
"Existence and Set Operations Queries","Find all MITRE D3FEND techniques that are mapped to a MITRE ATT&CK technique.","MATCH (d:UcoexMITRED3FEND) WHERE EXISTS((d)-[:UCOEXHASMITREATTACK]->(:UcoexMITREATTACK)) RETURN d.uri","Find all UcoexMITRED3FEND nodes that have an outgoing UCOEXHASMITREATTACK relationship to any UcoexMITREATTACK node, and return the D3FEND node's uri."
"Existence and Set Operations Queries","List all MITRE ATT&CK techniques that have no corresponding D3FEND mapping.","MATCH (a:UcoexMITREATTACK) WHERE NOT EXISTS((:UcoexMITRED3FEND)-[:UCOEXHASMITREATTACK]->(a)) RETURN a.ucoexDESCRIPTION","Find all UcoexMITREATTACK nodes that do NOT have an incoming UCOEXHASMITREATTACK relationship from any UcoexMITRED3FEND node, and return the ATT&CK node's description."
"Existence and Set Operations Queries","Get a combined list of all descriptions from Tactics and MITRE ATT&CK techniques.","MATCH (t:UcoexTACTICS) WHERE t.ucoexDESCRIPTION IS NOT NULL RETURN t.ucoexDESCRIPTION AS description UNION MATCH (a:UcoexMITREATTACK) WHERE a.ucoexDESCRIPTION IS NOT NULL RETURN a.ucoexDESCRIPTION AS description","Get all non-null descriptions from UcoexTACTICS nodes, combine them with all non-null descriptions from UcoexMITREATTACK nodes, and return the combined list as 'description'."
"Existence and Set Operations Queries","Find all CWEs that have a status of either 'Stable' or 'Draft'.","MATCH (c:UcoCWE) WHERE c.ucostatus IN ['Stable', 'Draft'] RETURN c.ucodescription, c.ucostatus","Find all UcoCWE nodes where the ucostatus property is either 'Stable' or 'Draft', and return the description and status."
"Existence and Set Operations Queries","List all CAPECs that are classified with 'High' severity.","MATCH (c:UcoexCAPEC) WHERE c.ucoexSeverity = 'High' RETURN c.label, c.ucoexDescription","Find all UcoexCAPEC nodes where the ucoexSeverity property is 'High', and return the label and description."
"Existence and Set Operations Queries","Show me MITRE ATT&CK techniques that are missing a URL.","MATCH (a:UcoexMITREATTACK) WHERE a.ucoexURL IS NULL RETURN a.ucoexDESCRIPTION","Find all UcoexMITREATTACK nodes where the ucoexURL property is null, and return the description."
"Existence and Set Operations Queries","Find all CWEs that have an 'ucoabstraction' property defined.","MATCH (c:UcoCWE) WHERE c.ucoabstraction IS NOT NULL RETURN c.ucodescription, c.ucoabstraction","Find all UcoCWE nodes where the ucoabstraction property is not null, and return the description and the abstraction."
"Existence and Set Operations Queries","List all CAPECs that have 'ExtendedDescription' but are missing 'Consequences'.","MATCH (c:UcoexCAPEC) WHERE c.ucoexExtendedDescription IS NOT NULL AND c.ucoexConsequences IS NULL RETURN c.label","Find all UcoexCAPEC nodes where ucoexExtendedDescription is not null AND ucoexConsequences is null, then return the label."
"Graph Pattern Matching","What software is used by both the 'APT28' and 'FIN7' groups?","MATCH (g1:UcoexGROUPS {ucoexNAME: 'APT28'})-[:UCOEXGROUPUSESSOFTWARE]->(s:UcoexSOFTWARE)<-[:UCOEXGROUPUSESSOFTWARE]-(g2:UcoexGROUPS {ucoexNAME: 'FIN7'}) RETURN s.ucoexNAME","Find UcoexSOFTWARE nodes (s) that are used by *both* the 'APT28' group (g1) and the 'FIN7' group (g2). Return the name of the shared software."
"Graph Pattern Matching","What techniques (TTPs) are used by both the 'APT28' and 'FIN7' groups?","MATCH (g1:UcoexGROUPS {ucoexNAME: 'APT28'})-[:UCOEXGROUPUSESTECHNIQUE]->(a:UcoexMITREATTACK)<-[:UCOEXGROUPUSESTECHNIQUE]-(g2:UcoexGROUPS {ucoexNAME: 'FIN7'}) RETURN a.ucoexNAME","Find UcoexMITREATTACK nodes (a) that are used by *both* the 'APT28' group (g1) and the 'FIN7' group (g2). Return the name of the shared technique."
"Graph Pattern Matching","Find all software used by groups that also use the 'Phishing' technique.","MATCH (s:UcoexSOFTWARE)<-[:UCOEXGROUPUSESSOFTWARE]-(g:UcoexGROUPS)-[:UCOEXGROUPUSESTECHNIQUE]->(:UcoexMITREATTACK {ucoexNAME: 'Phishing'}) RETURN DISTINCT g.ucoexNAME, s.ucoexNAME","Find groups (g) that use the 'Phishing' technique. For those groups, find the software (s) they use. Return the distinct pairs of group names and software names."
"Graph Pattern Matching","List all campaigns and the software they use.","MATCH (c:UcoexCAMPAIGNS)-[:UCOEXCAMPAIGNUSESSOFTWARE]->(s:UcoexSOFTWARE) RETURN c.ucoexNAME, s.ucoexNAME","Find all pairs of campaigns (c) and software (s) where the campaign has a UCOEXCAMPAIGNUSESSOFTWARE relationship to the software. Return the names of both."
"Path Queries (Variable-length)","Find the shortest path between a specific Exploit Target (by URI) and a specific CPE (by name).","MATCH p = shortestPath((t:UcoExploitTarget {uri: 'http://example.com/target'})-[*..3]-(c:UcoexCPE {cpeNameId: 'cpe:2.3:o:microsoft:windows_10'})) RETURN p","What is the most direct connection (in 3 steps or less) between the specific target 'http://example.com/target' and the software 'cpe:2.3:o:microsoft:windows_10'?"
"Path Queries (Variable-length)","Find all paths (up to 4 steps) from a specific Exploit Target (by URI) to any MITRE ATT&CK technique.","MATCH p = (t:UcoExploitTarget {uri: 'http://example.com/target'})-[*..4]-(a:UcoexMITREATTACK) RETURN p, a.ucoexDESCRIPTION","In what ways (up to 4 steps) is the target 'http://example.com/target' connected to any known MITRE ATT&CK hacking technique? Show the connection and the technique's description."
"Path Queries (Variable-length)","What is the shortest path connecting any Campaign to a CPE for 'microsoft:windows_10'?","MATCH p = shortestPath((c:UcoexCAMPAIGNS)-[*..6]-(e:UcoexCPE {cpeNameId: 'cpe:2.3:o:microsoft:windows_10'})) RETURN p, c.ucoexDESCRIPTION","What is the most direct link (in 6 steps or less) between *any* documented campaign and the 'microsoft:windows_10' software? Show the link and the campaign's description."
"Path Queries (Variable-length)","Find the shortest path between two distinct threat groups (based on description).","MATCH p = shortestPath((g1:UcoexGROUPS {ucoexDESCRIPTION: 'Description of Group A'})-[*..5]-(g2:UcoexGROUPS {ucoexDESCRIPTION: 'Description of Group B'})) WHERE g1 <> g2 RETURN p","How are 'Group A' and 'Group B' connected in the data? Find the shortest path (up to 5 steps) linking these two distinct groups."
"Path Queries (Variable-length)","Show the shortest path (can be up to 6 hops) from a Mitigation (by description) to a Vulnerability (by published date '2023-01-01').","MATCH p = shortestPath((m:UcoexMITIGATIONS)-[*..6]-(v:UcoVulnerability {ucopublishedDateTime: '2023-01-01T00:00:00Z'})) RETURN p","What is the most direct connection (6 steps or less) between the mitigation 'Apply patches' and the vulnerability published on '2023-01-01'?"
"Path Queries (Variable-length)","Find all paths (up to 3 hops) connecting a specific CWE (by name) to any D3FEND technique.","MATCH p = (c:UcoCWE {ucocweName: 'CWE-79'})-[*..3]-(d:UcoexMITRED3FEND) RETURN p, d.ucoexMITRED3FEND_DEFINITION","How does the weakness 'CWE-79' relate to any defensive D3FEND techniques? Show all connection paths (up to 3 steps) and the definition of the defense."
"Path Queries (Variable-length)","Find all paths (up to 3 hops) from a specific CAPEC (by name) to any observed CVE.","MATCH p = (c:UcoexCAPEC {ucoexCAPEC_name: 'CAPEC-100'})-[*..3]->(v:UcoCVE) RETURN p, v.ucovectorString","Show all the ways (in 3 steps or less) that the attack pattern 'CAPEC-100' leads to or is associated with any specific CVE vulnerability. Return the path and the CVE's vector string."
"Path Queries (Variable-length)","Find all paths (up to 7 hops) connecting a specific Exploit Target (by URI) to a specific Campaign (by description).","MATCH p = (t:UcoExploitTarget)-[*..7]-(c:UcoexCAMPAIGNS) RETURN p","Find all connections (up to 7 steps) between the exploit target and the campaign."
"Path Queries (Variable-length)","Find the shortest path from a specific CPE (by name) to any available mitigation.","MATCH p = shortestPath((c:UcoexCPE {cpeNameId: 'cpe:2.3:o:microsoft:windows_10'})-[*..6]-(m:UcoexMITIGATIONS)) RETURN p, m.ucoexDESCRIPTION","What is the most direct path (6 steps or less) from the 'microsoft:windows_10' software to *any* available mitigation? Show the path and the mitigation's description."
"Path Queries (Variable-length)","Find the shortest path (e.g., via shared CWE) between two distinct CVEs (by vector string).","MATCH p = shortestPath((c1:UcoCVE)-[*1..]-(c2:UcoCVE)) WHERE c1 <> c2 RETURN p limit 1","How are these two random specific CVEs (identified by their vector strings) related? Find the shortest connection between them"
"Path Queries (Variable-length)","How are any two campaigns (by description) related (up to 4 hops)?","MATCH p = shortestPath((c1:UcoexCAMPAIGNS)-[*..4]-(c2:UcoexCAMPAIGNS)) WHERE c1 <> c2 RETURN p","What is the shortest relationship (up to 4 steps) between two Campaigns? (This could show shared tools, groups, or targets.)"
"Relationship Traversal Queries","Find the CVE associated with the Observed Example URI 'http://example.com/obs1'.","MATCH (o:UcoexObservedExample {uri: 'http://example.com/obs1'})-[:UCOEXEXAMPLEOBSERVEDIN]->(c:UcoCVE) RETURN c.ucovectorString, c.ucovulnStatus","For the specific observed example 'http://example.com/obs1', what vulnerability (CVE) is it an example of? Show the CVE's vector string and status."
"Relationship Traversal Queries","List all Observed Example URIs for the CVE with vector 'CVSS:3.1/AV:N/AC:L...'.","MATCH (o:UcoexObservedExample)-[:UCOEXEXAMPLEOBSERVEDIN]->(c:UcoCVE {ucovectorString: 'CVSS:3.1/AV:N/AC:L...'}) RETURN o.uri","For the specific vulnerability (CVE) with the vector 'CVSS:3.1/AV:N/AC:L...', what real-world examples (by URI) do we have in the database?"
"Relationship Traversal Queries","What MITRE ATT&CK techniques are mapped from 'CAPEC-100: SQL Injection'?","MATCH (c:UcoexCAPEC {ucoexCAPEC_name: 'CAPEC-100: SQL Injection'})-[:UCOEXHASTAXONOMYMAPPING]->(a:UcoexMITREATTACK) RETURN a.ucoexDESCRIPTION, a.uri","If an attacker uses the 'CAPEC-100: SQL Injection' pattern, what specific MITRE ATT&CK hacking techniques does this relate to? Show the technique's description and URI."
"Relationship Traversal Queries","Which CAPECs map to the MITRE ATT&CK technique URI 'http://mitre.org/attack/T1548'?","MATCH (c:UcoexCAPEC)-[:UCOEXHASTAXONOMYMAPPING]->(a:UcoexMITREATTACK {uri: 'http://mitre.org/attack/T1548'}) RETURN c.ucoexCAPEC_name, c.ucoexDescription","What attack patterns (CAPECs) are related to the specific MITRE ATT&CK technique 'http://mitre.org/attack/T1548'? Show the CAPEC's name and description."
"Relationship Traversal Queries","What MITRE ATT&CK techniques are used by 'Cobalt Strike'?","MATCH (s:UcoexSOFTWARE {ucoexDESCRIPTION: 'Cobalt Strike'})-[:UCOEXSOFTWAREUSESTECHNIQUE]->(a:UcoexMITREATTACK) RETURN a.ucoexDESCRIPTION, a.uri","What specific hacking techniques (MITRE ATT&CK) are known to be used by the 'Cobalt Strike' software? Show the technique's description and URI."
"Relationship Traversal Queries","What software uses the MITRE ATT&CK technique URI 'http://mitre.org/attack/T1059' (Command-Line Interface)?","MATCH (s:UcoexSOFTWARE)-[:UCOEXSOFTWAREUSESTECHNIQUE]->(a:UcoexMITREATTACK {uri: 'http://mitre.org/attack/T1059'}) RETURN s.ucoexDESCRIPTION, s.uri","What malware or tools (software) are known to use the 'Command-Line Interface' technique (T1059)? Show the software's description and URI."
"Relationship Traversal Queries","Find software that uses MITRE ATT&CK techniques mapped from 'CAPEC-100: SQL Injection'.","MATCH (s:UcoexSOFTWARE)-[:UCOEXSOFTWAREUSESTECHNIQUE]->(a:UcoexMITREATTACK)<-[:UCOEXHASTAXONOMYMAPPING]-(c:UcoexCAPEC {ucoexCAPEC_name: 'CAPEC-100: SQL Injection'}) RETURN DISTINCT s.ucoexDESCRIPTION, a.ucoexDESCRIPTION","Show me software (s) that uses a technique (a) which, in turn, is related to the 'SQL Injection' attack pattern (c). Return the distinct software and technique descriptions."
"Relationship Traversal Queries","List all CVEs that have an observed example, showing their vector string and vulnerability status.","MATCH (o:UcoexObservedExample)-[:UCOEXEXAMPLEOBSERVEDIN]->(c:UcoCVE) RETURN DISTINCT c.ucovectorString, c.ucovulnStatus","Which vulnerabilities (CVEs) in our database have at least one real-world example linked to them? Show the distinct vector string and status for each."
"Relationship Traversal Queries","Which CAPECs have a mapping to a MITRE ATT&CK technique?","MATCH (c:UcoexCAPEC)-[:UCOEXHASTAXONOMYMAPPING]->(a:UcoexMITREATTACK) RETURN DISTINCT c.ucoexCAPEC_name, c.uri","Show me all the attack patterns (CAPECs) that are officially linked to a MITRE ATT&CK technique. Return the distinct CAPEC name and its URI."
"Relationship Traversal Queries","Which software has known MITRE ATT&CK techniques associated with it?","MATCH (s:UcoexSOFTWARE)-[:UCOEXSOFTWAREUSESTECHNIQUE]->(a:UcoexMITREATTACK) RETURN DISTINCT s.ucoexDESCRIPTION, s.uri","Show me all the software in our database that has one or more hacking techniques (MITRE ATT&CK) linked to it. Return the distinct software description and URI."
"Relationship Traversal Queries","Show me CAPECs and Software that relate to the same MITRE ATT&CK technique.","MATCH (c:UcoexCAPEC)-[:UCOEXHASTAXONOMYMAPPING]->(a:UcoexMITREATTACK)<-[:UCOEXSOFTWAREUSESTECHNIQUE]-(s:UcoexSOFTWARE) RETURN c.ucoexCAPEC_name AS capec, a.ucoexDESCRIPTION AS technique, s.ucoexDESCRIPTION AS software","Find cases where an attack pattern (CAPEC) and a piece of software are both linked to the *same* hacking technique (MITRE ATT&CK). Show the CAPEC, the technique, and the software."
"Relationship Traversal Queries","List all observed examples (by URI) related to CVEs with an 'Analyzed' vulnerability status.","MATCH (o:UcoexObservedExample)-[:UCOEXEXAMPLEOBSERVEDIN]->(c:UcoCVE {ucovulnStatus: 'Analyzed'}) RETURN o.uri","What are the URIs for all real-world examples that are linked to vulnerabilities (CVEs) currently marked with the status 'Analyzed'?"
"Node Lookup Queries","Find the Exploit Target with the URI 'http://example.com/target1'.","MATCH (n:UcoExploitTarget {uri: 'http://example.com/target1'}) RETURN n","Show me all the information for the specific exploit target with the URI 'http://example.com/target1'."
"Node Lookup Queries","List all known Exploit Targets.","MATCH (n:UcoExploitTarget) RETURN n.uri","Get a list of all URIs for every exploit target in the database."
"Node Lookup Queries","Find all Exploit Targets whose URI contains 'gov'.","MATCH (n:UcoExploitTarget) WHERE n.uri CONTAINS 'gov' RETURN n.uri","Which exploit target URIs have the text 'gov' in them?"
"Node Lookup Queries","Find the CPE record for 'cpe:2.3:o:microsoft:windows_10'.","MATCH (n:UcoexCPE {cpeNameId: 'cpe:2.3:o:microsoft:windows_10'}) RETURN n","Show all data for the specific software record (CPE) identified by 'cpe:2.3:o:microsoft:windows_10'."
"Node Lookup Queries","Get the CPE details for the name 'Microsoft Windows 10'.","MATCH (n:UcoexCPE {cpeName: 'Microsoft Windows 10'}) RETURN n.cpeNameId, n.titles, n.lastModified","For the software entry named 'Microsoft Windows 10', what is its CPE ID, list of titles, and last modified date?"
"Node Lookup Queries","Find all CPEs with 'Adobe Acrobat' in their titles.","MATCH (n:UcoexCPE) WHERE n.titles CONTAINS 'Adobe Acrobat' RETURN n.cpeNameId, n.titles","Which software records (CPEs) mention 'Adobe Acrobat' in their titles? Show their CPE ID and the full titles."
"Node Lookup Queries","Find all CPEs last modified on '2023-10-27T18:10:00Z'.","MATCH (n:UcoexCPE {lastModified: '2023-10-27T18:10:00Z'}) RETURN n.cpeNameId, n.titles","Which software records (CPEs) were last modified at the exact time '2023-10-27T18:10:00Z'? Show their ID and titles."
"Node Lookup Queries","Get the definition for the MITRE D3FEND technique labeled 'D3FEND-Label-123'.","MATCH (n:UcoexMITRED3FEND {ucoexMITRED3FEND_LABEL: 'D3FEND-Label-123'}) RETURN n.ucoexMITRED3FEND_DEFINITION","What is the definition for the MITRE D3FEND defense technique with the label 'D3FEND-Label-123'?"
"Node Lookup Queries","Find all MITRE D3FEND techniques that mention 'decoy' in their definition.","MATCH (n:UcoexMITRED3FEND) WHERE n.ucoexMITRED3FEND_DEFINITION CONTAINS 'decoy' RETURN n.ucoexMITRED3FEND_LABEL, n.ucoexMITRED3FEND_DEFINITION","Which MITRE D3FEND defense techniques include the word 'decoy' in their definition? Show the label and the full definition."
"Node Lookup Queries","List all MITRE D3FEND technique labels.","MATCH (n:UcoexMITRED3FEND) RETURN n.ucoexMITRED3FEND_LABEL","Show me a complete list of all MITRE D3FEND technique labels."
"Node Lookup Queries","Find the Observed Example with the description 'Attacker seen using PowerShell'.","MATCH (n:UcoexObservedExample) WHERE n.ucoexDESCRIPTION CONTAINS 'Attacker seen using PowerShell' RETURN n","Find any real-world examples where the description contains 'Attacker seen using PowerShell' and show all details for them."
"Node Lookup Queries","Find all Observed Examples that mention 'lateral movement'.","MATCH (n:UcoexObservedExample) WHERE n.ucoexDESCRIPTION CONTAINS 'lateral movement' RETURN n.ucoexDESCRIPTION","Which real-world example descriptions mention 'lateral movement'?"
"Node Lookup Queries","List all Observed Example descriptions.","MATCH (n:UcoexObservedExample) RETURN n.ucoexDESCRIPTION","Show me the descriptions for every single real-world example in the database."
"Node Lookup Queries","Find the Tactic named 'Initial Access'.","MATCH (n:UcoexTACTICS {ucoexNAME: 'Initial Access'}) RETURN n.ucoexDESCRIPTION, n.ucoexDOMAIN, n.ucoexURL","For the tactic named 'Initial Access', what is its description, what domain does it belong to, and what is its URL?"
"Node Lookup Queries","List all Tactics in the 'Enterprise' domain.","MATCH (n:UcoexTACTICS {ucoexDOMAIN: 'Enterprise'}) RETURN n.ucoexNAME, n.ucoexDESCRIPTION","Show me all tactics that are part of the 'Enterprise' domain, along with their names and descriptions."
"Node Lookup Queries","Find all Tactics that include 'credential' in their description.","MATCH (n:UcoexTACTICS) WHERE n.ucoexDESCRIPTION CONTAINS 'credential' RETURN n.ucoexNAME, n.ucoexDOMAIN","Which tactics have descriptions that mention the word 'credential'? Show their name and what domain they are in."
"Node Lookup Queries","Get the details for the Tactic with the URL 'https://attack.mitre.org/tactics/TA0001/'.","MATCH (n:UcoexTACTICS {ucoexURL: 'https://attack.mitre.org/tactics/TA0001/'}) RETURN n.ucoexNAME, n.ucoexDESCRIPTION","What is the name and description for the tactic found at the URL 'https://attack.mitre.org/tactics/TA0001/'?"